1712934934 21 21007 11 15 1 0 0 1 40 128 
1712934934 21 21014 11 15 2 0 0 1 28 121 
1712934934 169 169007 14 13 1 0 0 1 2 89 
1712934934 169 169014 14 13 2 0 0 1 7 86 
1712934934 239 239014 14 17 2 0 0 1 49 93 
1712934934 300 300000 10 12 0 0 0 1 2 82 
1712934934 300 300007 10 12 1 0 0 1 37 166 
1712934934 300 300014 10 12 2 0 0 1 12 159 
1712934934 324 324000 14 12 0 0 0 2 29 8 30 175 
1712934934 324 324007 14 12 1 0 0 1 0 47 
1712934934 364 364000 14 16 0 0 0 2 4 89 5 25 
1712934934 446 446000 11 14 0 0 0 1 27 90 
1712934934 446 446007 11 14 1 0 0 1 16 72 
1712934934 446 446014 11 14 2 0 0 1 26 125 
1712934934 464 464014 14 14 2 0 0 2 57 68 58 55 
1712934934 778 778007 13 16 1 0 0 1 62 108 
1712934934 807 807000 12 15 0 0 0 1 26 83 
1712934934 807 807007 12 15 1 0 0 1 22 113 
1712934934 807 807014 12 15 2 0 0 1 26 98 
1712934934 965 965014 10 17 2 0 0 2 0 58 1 61 
1712934934 1282 1282000 12 16 0 0 0 1 51 106 
1712934934 1352 1352000 12 14 0 0 0 1 37 95 
1712934934 1594 1594000 14 16 0 0 0 2 9 68 10 34 
1712934934 1594 1594007 14 16 1 0 0 1 50 106 
1712934934 1594 1594014 14 16 2 0 0 1 1 91 
1712934934 1606 1606014 11 16 2 0 0 2 20 39 21 169 
1712934934 1642 1642000 12 16 0 0 0 1 60 87 
1712934934 1642 1642007 12 16 1 0 0 1 6 103 
1712934934 1642 1642014 12 16 2 0 0 2 47 86 48 4 
1712934934 1886 1886007 11 14 1 0 0 2 19 74 20 34 
1712934934 1886 1886014 11 14 2 0 0 1 13 127 
1712934934 2018 2018000 13 14 0 0 0 1 59 115 
1712934934 2074 2074000 14 16 0 0 0 1 42 187 
1712934934 2074 2074007 14 16 1 0 0 1 2 93 
1712934934 2168 2168000 13 14 0 0 0 1 8 91 
1712934934 2168 2168007 13 14 1 0 0 1 40 78 
1712934934 2168 2168014 13 14 2 0 0 1 6 106 
1712934934 2199 2199000 14 15 0 0 0 2 1 54 2 53 
1712934934 2199 2199007 14 15 1 0 0 2 9 2 10 93 
1712934934 2199 2199014 14 15 2 0 0 1 41 100 
1712934934 2243 2243007 13 17 1 0 0 1 47 104 
1712934934 2243 2243014 13 17 2 0 0 1 32 117 
1712934934 2275 2275007 10 13 1 0 0 1 50 29 
1712934934 2275 2275014 10 13 2 0 0 1 7 185 
1712934934 2412 2412014 12 12 2 0 0 1 8 69 
1712934934 2418 2418007 13 12 1 0 0 1 59 105 
1712934934 2512 2512000 12 16 0 0 0 1 47 86 
1712934934 2512 2512007 12 16 1 0 0 1 57 95 
1712934934 2597 2597014 12 17 2 0 0 1 53 93 
1712934934 2698 2698007 13 16 1 0 0 1 54 75 
1712934934 2698 2698014 13 16 2 0 0 1 43 104 
1712934934 2893 2893007 13 13 1 0 0 2 11 108 12 31 
1712934934 2899 2899007 14 13 1 0 0 1 46 78 
1712934934 2899 2899014 14 13 2 0 0 1 49 118 
1712934934 2925 2925000 10 15 0 0 0 2 47 3 48 87 
1712934934 2925 2925007 10 15 1 0 0 1 20 116 
1712934934 2925 2925014 10 15 2 0 0 2 29 249 30 21 
1712934934 3110 3110014 10 14 2 0 0 2 44 36 45 94 
1712934934 3135 3135014 10 15 2 0 0 1 54 92 
1712934934 3151 3151000 11 13 0 0 0 1 10 84 
1712934934 3151 3151007 11 13 1 0 0 1 23 83 
1712934934 3151 3151014 11 13 2 0 0 1 14 136 
1712934934 3327 3327000 12 15 0 0 0 1 9 112 
1712934934 3327 3327007 12 15 1 0 0 1 31 95 
1712934934 3333 3333000 13 15 0 0 0 1 8 78 
1712934934 3333 3333007 13 15 1 0 0 2 8 51 9 30 
1712934934 3425 3425000 10 17 0 0 0 2 30 34 31 10 
1712934934 3425 3425007 10 17 1 0 0 1 50 95 
1712934934 3425 3425014 10 17 2 0 0 1 38 84 
1712934934 3699 3699007 14 15 1 0 0 1 0 98 
1712934934 3767 3767000 12 17 0 0 0 1 7 94 
1712934934 3767 3767007 12 17 1 0 0 1 8 88 
1712934934 3767 3767014 12 17 2 0 0 2 35 20 36 122 
1712934934 3840 3840000 10 12 0 0 0 1 4 105 
1712934934 3840 3840007 10 12 1 0 0 2 13 39 14 71 
1712934934 3914 3914014 14 14 2 0 0 1 13 124 
1712934934 3924 3924000 14 12 0 0 0 1 38 110 
1712934934 3924 3924007 14 12 1 0 0 2 55 46 56 62 
1712934934 3998 3998014 13 14 2 0 0 2 44 18 45 139 
1712934934 4129 4129007 14 13 1 0 0 1 57 18 
1712934934 4145 4145000 10 17 0 0 0 1 59 102 
1712934934 4148 4148000 13 14 0 0 0 2 43 89 44 20 
1712934934 4148 4148007 13 14 1 0 0 1 24 114 
1712934934 4148 4148014 13 14 2 0 0 2 6 27 7 98 
1712934934 4179 4179014 14 15 2 0 0 1 48 222 
1712934934 4289 4289000 14 17 0 0 0 1 33 118 
1712934934 4365 4365000 10 15 0 0 0 2 24 27 25 89 
1712934934 4365 4365007 10 15 1 0 0 2 40 2 41 105 
1712934934 4381 4381000 11 13 0 0 0 2 4 3 5 86 
1712934934 4381 4381007 11 13 1 0 0 1 21 116 
1712934934 4381 4381014 11 13 2 0 0 2 38 82 39 5 
1712934934 4439 4439000 14 17 0 0 0 2 55 69 56 12 
1712934934 4492 4492007 12 16 1 0 0 1 4 140 
1712934934 4492 4492014 12 16 2 0 0 2 31 4 32 137 
1712934934 4589 4589007 14 17 1 0 0 2 53 76 54 20 
1712934934 4589 4589014 14 17 2 0 0 1 19 101 
1712934934 4706 4706014 11 14 2 0 0 1 47 154 
1712934934 4816 4816007 11 16 1 0 0 1 21 106 
1712934934 4816 4816014 11 16 2 0 0 1 20 90 
1712934934 4829 4829014 14 17 2 0 0 2 58 89 59 30 
1712934934 4856 4856000 11 14 0 0 0 2 22 56 23 42 
1712934934 4856 4856007 11 14 1 0 0 2 30 23 31 94 
1712934934 4856 4856014 11 14 2 0 0 1 63 85 
1712934934 4903 4903000 13 13 0 0 0 1 4 121 
1712934934 4903 4903007 13 13 1 0 0 2 30 109 31 7 
1712934934 4903 4903014 13 13 2 0 0 1 11 122 
1712934934 5001 5001000 11 15 0 0 0 1 12 98 
1712934934 5001 5001007 11 15 1 0 0 1 44 88 
1712934934 5035 5035007 10 13 1 0 0 2 12 64 13 42 
1712934934 5035 5035014 10 13 2 0 0 1 22 115 
1712934934 5208 5208014 13 12 2 0 0 1 57 139 
1712934934 5271 5271014 11 15 2 0 0 2 13 36 14 89 
1712934934 5416 5416007 11 16 1 0 0 1 63 104 
1712934934 5472 5472000 12 12 0 0 0 1 2 112 
1712934934 5472 5472007 12 12 1 0 0 1 25 82 
1712934934 5472 5472014 12 12 2 0 0 1 4 128 
1712934934 5644 5644007 14 16 1 0 0 2 33 15 34 84 
1712934934 5644 5644014 14 16 2 0 0 2 38 67 39 51 
1712934934 5669 5669014 14 17 2 0 0 2 10 22 11 102 
1712934934 5710 5710000 10 16 0 0 0 1 37 134 
1712934934 5710 5710007 10 16 1 0 0 2 21 180 22 131 
1712934934 5715 5715000 10 15 0 0 0 1 35 85 
1712934934 5715 5715007 10 15 1 0 0 1 6 94 
1712934934 5715 5715014 10 15 2 0 0 2 30 35 31 39 
1712934934 5742 5742014 12 12 2 0 0 1 26 87 
1712934934 5826 5826000 11 12 0 0 0 1 61 89 
1712934934 5844 5844007 14 12 1 0 0 1 60 96 
1712934934 5844 5844014 14 12 2 0 0 1 23 96 
1712934934 5921 5921000 11 17 0 0 0 1 39 97 
1712934934 5921 5921007 11 17 1 0 0 1 35 78 
1712934934 5921 5921014 11 17 2 0 0 1 35 184 
1712934934 6050 6050000 10 14 0 0 0 2 10 52 11 45 
1712934934 6050 6050007 10 14 1 0 0 1 8 108 
1712934934 6087 6087000 12 15 0 0 0 1 11 99 
1712934934 6087 6087007 12 15 1 0 0 1 15 88 
1712934934 6087 6087014 12 15 2 0 0 1 2 99 
1712934934 6104 6104007 14 14 1 0 0 2 55 86 56 40 
1712934934 6104 6104014 14 14 2 0 0 2 25 7 26 102 
1712934934 6154 6154000 14 16 0 0 0 2 23 71 24 52 
1712934934 6154 6154007 14 16 1 0 0 1 20 133 
1712934934 6192 6192000 12 12 0 0 0 1 61 125 
1712934934 6192 6192007 12 12 1 0 0 3 31 66 32 41 43 23 
1712934934 6192 6192014 12 12 2 0 0 2 14 23 15 120 
1712934934 6212 6212007 12 14 1 0 0 2 55 15 56 95 
1712934934 6212 6212014 12 14 2 0 0 1 46 97 
1712934934 6228 6228007 13 12 1 0 0 2 3 12 4 178 
1712934934 6228 6228014 13 12 2 0 0 1 20 153 
1712934934 6239 6239000 14 17 0 0 0 2 32 34 33 55 
1712934934 6239 6239007 14 17 1 0 0 1 60 89 
1712934934 6281 6281000 11 17 0 0 0 2 11 46 12 44 
1712934934 6281 6281007 11 17 1 0 0 1 20 254 
1712934934 6281 6281014 11 17 2 0 0 1 43 84 
1712934934 6338 6338000 13 14 0 0 0 1 30 93 
1712934934 6338 6338007 13 14 1 0 0 1 15 101 
1712934934 6338 6338014 13 14 2 0 0 2 47 65 48 24 
1712934934 6339 6339007 14 15 1 0 0 2 27 62 28 38 
1712934934 6339 6339014 14 15 2 0 0 1 57 138 
1712934934 6527 6527000 12 17 0 0 0 2 24 51 25 71 
1712934934 6527 6527007 12 17 1 0 0 2 30 8 31 149 
1712934934 6664 6664000 14 16 0 0 0 1 31 131 
1712934934 6677 6677000 12 17 0 0 0 2 41 17 42 81 
1712934934 6677 6677007 12 17 1 0 0 1 58 102 
1712934934 6737 6737000 12 17 0 0 0 1 4 125 
1712934934 6737 6737007 12 17 1 0 0 1 30 107 
1712934934 6737 6737014 12 17 2 0 0 1 52 139 
1712934934 6744 6744000 14 12 0 0 0 3 57 79 58 3 60 4 
1712934934 6744 6744007 14 12 1 0 0 1 42 94 
1712934934 6744 6744014 14 12 2 0 0 1 51 95 
1712934934 6870 6870000 10 12 0 0 0 2 42 24 43 163 
1712934934 6870 6870007 10 12 1 0 0 1 22 108 
1712934934 6939 6939007 14 15 1 0 0 1 58 85 
1712934934 6939 6939014 14 15 2 0 0 1 18 111 
1712934934 7094 7094014 14 14 2 0 0 1 57 112 
1712934934 7113 7113000 13 15 0 0 0 2 54 86 55 38 
1712934934 7113 7113007 13 15 1 0 0 1 44 108 
1712934934 7113 7113014 13 15 2 0 0 2 1 74 2 37 
1712934934 7147 7147000 12 13 0 0 0 1 34 115 
1712934934 7147 7147007 12 13 1 0 0 1 51 95 
1712934934 7147 7147014 12 13 2 0 0 1 36 95 
1712934934 7158 7158000 13 12 0 0 0 1 37 99 
1712934934 7158 7158007 13 12 1 0 0 1 39 81 
1712934934 7158 7158014 13 12 2 0 0 1 40 80 
1712934934 7193 7193000 13 17 0 0 0 1 17 100 
1712934934 7193 7193007 13 17 1 0 0 2 43 104 44 106 
1712934934 7193 7193014 13 17 2 0 0 2 30 82 31 15 
1712934934 7200 7200007 10 12 1 0 0 1 41 168 
1712934934 7200 7200014 10 12 2 0 0 2 32 45 33 49 
1712934934 7236 7236007 11 12 1 0 0 1 46 119 
1712934934 7236 7236014 11 12 2 0 0 1 47 113 
1712934934 7290 7290014 10 12 2 0 0 2 33 13 34 146 
1712934934 7371 7371000 11 15 0 0 0 1 52 151 
1712934934 7371 7371007 11 15 1 0 0 2 35 6 36 104 
1712934934 7371 7371014 11 15 2 0 0 1 37 112 
1712934934 7409 7409007 14 17 1 0 0 2 2 21 3 106 
1712934934 7417 7417014 12 13 2 0 0 1 27 100 
1712934934 7600 7600000 10 16 0 0 0 1 17 92 
1712934934 7600 7600007 10 16 1 0 0 1 35 88 
1712934934 7600 7600014 10 16 2 0 0 1 24 117 
1712934934 7602 7602000 12 12 0 0 0 1 43 81 
1712934934 7602 7602007 12 12 1 0 0 1 13 95 
1712934934 7602 7602014 12 12 2 0 0 2 25 110 26 18 
1712934934 7639 7639000 14 13 0 0 0 1 19 105 
1712934934 7639 7639007 14 13 1 0 0 1 29 107 
1712934934 7639 7639014 14 13 2 0 0 1 6 90 
1712934934 7647 7647007 12 15 1 0 0 1 63 29 
1712934934 7647 7647014 12 15 2 0 0 1 49 100 
1712934934 7665 7665000 10 15 0 0 0 1 53 125 
1712934934 7665 7665007 10 15 1 0 0 1 35 138 
1712934934 7665 7665014 10 15 2 0 0 1 57 82 
1712934934 7778 7778000 13 14 0 0 0 1 27 87 
1712934934 7778 7778007 13 14 1 0 0 1 45 85 
1712934934 7778 7778014 13 14 2 0 0 1 23 82 
1712934934 7785 7785000 10 15 0 0 0 1 21 87 
1712934934 7785 7785007 10 15 1 0 0 1 29 93 
1712934934 7785 7785014 10 15 2 0 0 1 47 93 
1712934934 7791 7791000 11 15 0 0 0 1 45 187 
1712934934 7791 7791007 11 15 1 0 0 1 3 112 
1712934934 7811 7811014 11 17 2 0 0 2 56 19 57 98 
1712934934 7820 7820000 10 14 0 0 0 2 19 11 20 87 
1712934934 7900 7900000 10 16 0 0 0 2 30 5 31 126 
1712934934 7988 7988000 13 14 0 0 0 3 22 97 43 24 44 121 
1712934934 7988 7988007 13 14 1 0 0 1 23 149 
1712934934 7988 7988014 13 14 2 0 0 1 16 83 
1712934934 8055 8055000 10 15 0 0 0 1 0 93 
1712934934 8091 8091000 11 15 0 0 0 2 38 82 39 72 
1712934934 8091 8091007 11 15 1 0 0 1 46 101 
1712934934 8091 8091014 11 15 2 0 0 2 10 84 11 17 
1712934934 8107 8107014 12 13 2 0 0 1 24 98 
1712934934 8181 8181014 11 15 2 0 0 2 31 81 32 33 
1712934934 8445 8445014 10 15 2 0 0 2 54 41 55 68 
1712934934 8452 8452000 12 16 0 0 0 1 18 95 
1712934934 8452 8452007 12 16 1 0 0 1 28 86 
1712934934 8452 8452014 12 16 2 0 0 1 20 139 
1712934934 8553 8553014 13 15 2 0 0 2 16 51 17 59 
1712934934 8663 8663000 13 17 0 0 0 1 40 99 
1712934934 8663 8663007 13 17 1 0 0 1 6 92 
1712934934 8663 8663014 13 17 2 0 0 1 51 6 
1712934934 8681 8681000 11 17 0 0 0 1 50 96 
1712934934 8681 8681007 11 17 1 0 0 2 23 67 24 24 
1712934934 8681 8681014 11 17 2 0 0 1 46 93 
1712934934 8772 8772000 12 12 0 0 0 1 53 87 
1712934934 8772 8772007 12 12 1 0 0 2 32 27 33 81 
1712934934 8861 8861014 11 17 2 0 0 2 13 10 14 140 
1712934934 9162 9162000 12 12 0 0 0 1 29 139 
1712934934 9162 9162007 12 12 1 0 0 2 13 91 14 20 
1712934934 9338 9338014 13 14 2 0 0 1 57 1 
1712934934 9483 9483000 13 15 0 0 0 2 15 58 16 57 
1712934934 9483 9483007 13 15 1 0 0 2 38 91 39 12 
1712934934 9483 9483014 13 15 2 0 0 1 52 101 
1712934934 9551 9551000 11 17 0 0 0 2 28 100 60 118 
1712934934 9551 9551007 11 17 1 0 0 2 46 137 47 25 
1712934934 9642 9642007 12 12 1 0 0 1 25 123 
1712934934 9642 9642014 12 12 2 0 0 1 32 128 
1712934934 9647 9647000 12 17 0 0 0 2 55 86 56 19 
1712934934 9724 9724000 14 16 0 0 0 1 54 78 
1712934934 9724 9724007 14 16 1 0 0 1 49 79 
1712934934 9724 9724014 14 16 2 0 0 1 53 96 
1712934934 9776 9776000 11 14 0 0 0 1 62 122 
1712934934 9776 9776007 11 14 1 0 0 1 26 119 
1712934934 9776 9776014 11 14 2 0 0 2 51 132 52 7 
1712934934 9824 9824000 14 14 0 0 0 1 30 125 
1712934934 9824 9824007 14 14 1 0 0 1 19 167 
1712934934 10041 10041007 11 15 1 0 0 2 12 13 13 98 
1712934934 10041 10041014 11 15 2 0 0 1 52 109 
1712934934 10100 10100000 10 14 0 0 0 2 19 102 20 30 
1712934934 10100 10100007 10 14 1 0 0 2 50 76 51 7 
1712934934 10100 10100014 10 14 2 0 0 1 5 97 
1712934934 10234 10234007 14 16 1 0 0 1 60 94 
1712934934 10236 10236000 11 12 0 0 0 1 50 117 
1712934934 10236 10236007 11 12 1 0 0 2 37 56 38 53 
1712934934 10236 10236014 11 12 2 0 0 1 55 124 
1712934934 10394 10394000 14 14 0 0 0 1 45 89 
1712934934 10394 10394007 14 14 1 0 0 2 32 21 33 88 
1712934934 10394 10394014 14 14 2 0 0 1 63 89 
1712934934 10441 10441014 11 13 2 0 0 2 60 19 61 69 
1712934934 10454 10454000 14 14 0 0 0 2 3 53 4 48 
1712934934 10454 10454007 14 14 1 0 0 1 36 104 
1712934934 10454 10454014 14 14 2 0 0 1 37 81 
1712934934 10487 10487007 12 17 1 0 0 2 41 36 42 86 
1712934934 10487 10487014 12 17 2 0 0 1 31 130 
1712934934 10504 10504007 14 16 1 0 0 2 30 5 37 75 
1712934934 10504 10504014 14 16 2 0 0 1 4 88 
1712934934 10555 10555000 10 13 0 0 0 1 53 104 
1712934934 10626 10626000 11 12 0 0 0 1 41 118 
1712934934 10626 10626007 11 12 1 0 0 1 39 93 
1712934934 10626 10626014 11 12 2 0 0 1 29 204 
1712934934 10639 10639000 14 13 0 0 0 1 32 117 
1712934934 10639 10639007 14 13 1 0 0 1 9 80 
1712934934 10639 10639014 14 13 2 0 0 1 28 89 
1712934934 10675 10675000 10 13 0 0 0 1 43 132 
1712934934 10675 10675007 10 13 1 0 0 2 24 9 25 84 
1712934934 10675 10675014 10 13 2 0 0 1 25 116 
1712934934 10817 10817000 12 17 0 0 0 1 19 80 
1712934934 10893 10893014 13 15 2 0 0 1 38 160 
1712934934 11038 11038007 13 16 1 0 0 1 13 11 
1712934934 11238 11238014 13 12 2 0 0 1 60 141 
1712934934 11291 11291007 11 17 1 0 0 1 37 11 
1712934934 11292 11292000 12 12 0 0 0 1 30 87 
1712934934 11292 11292007 12 12 1 0 0 2 31 24 32 92 
1712934934 11292 11292014 12 12 2 0 0 1 39 225 
1712934934 11322 11322000 12 12 0 0 0 1 35 81 
1712934934 11322 11322007 12 12 1 0 0 1 48 85 
1712934934 11322 11322014 12 12 2 0 0 1 53 86 
1712934934 11337 11337007 12 15 1 0 0 1 61 140 
1712934934 11376 11376007 11 12 1 0 0 1 11 136 
1712934934 11390 11390000 10 14 0 0 0 1 36 86 
1712934934 11390 11390007 10 14 1 0 0 1 47 103 
1712934934 11390 11390014 10 14 2 0 0 1 46 106 
1712934934 11409 11409000 14 15 0 0 0 2 39 174 40 154 
1712934934 11409 11409007 14 15 1 0 0 2 22 72 23 48 
1712934934 11409 11409014 14 15 2 0 0 2 7 32 8 78 
1712934934 11443 11443000 13 13 0 0 0 1 17 87 
1712934934 11443 11443007 13 13 1 0 0 1 57 102 
1712934934 11443 11443014 13 13 2 0 0 2 18 97 19 17 
1712934934 11529 11529000 14 15 0 0 0 1 8 101 
1712934934 11567 11567000 12 17 0 0 0 1 29 89 
1712934934 11603 11603000 13 17 0 0 0 1 25 108 
1712934934 11603 11603007 13 17 1 0 0 2 13 16 14 217 
1712934934 11603 11603014 13 17 2 0 0 2 36 9 48 130 
1712934934 11608 11608000 13 16 0 0 0 2 55 118 56 9 
1712934934 11652 11652000 12 12 0 0 0 1 49 141 
1712934934 11652 11652007 12 12 1 0 0 1 5 84 
1712934934 11671 11671000 11 13 0 0 0 2 25 17 26 120 
1712934934 11718 11718007 13 12 1 0 0 1 36 116 
1712934934 11718 11718014 13 12 2 0 0 2 18 20 19 77 
1712934934 11889 11889000 14 15 0 0 0 2 31 60 32 81 
1712934934 11889 11889007 14 15 1 0 0 2 55 95 56 13 
1712934934 11940 11940014 10 12 2 0 0 1 62 117 
1712934934 11981 11981014 11 17 2 0 0 2 22 90 23 50 
1712934934 12012 12012007 12 12 1 0 0 2 1 54 2 65 
1712934934 12020 12020000 10 14 0 0 0 1 9 86 
1712934934 12020 12020007 10 14 1 0 0 1 5 93 
1712934934 12020 12020014 10 14 2 0 0 1 16 103 
1712934934 12081 12081000 11 15 0 0 0 1 48 78 
1712934934 12081 12081007 11 15 1 0 0 1 11 155 
1712934934 12081 12081014 11 15 2 0 0 1 53 93 
1712934934 12105 12105000 10 15 0 0 0 2 57 67 58 36 
1712934934 12119 12119007 14 17 1 0 0 2 59 43 60 80 
1712934934 12119 12119014 14 17 2 0 0 1 17 132 
1712934934 12131 12131000 11 17 0 0 0 1 6 114 
1712934934 12131 12131007 11 17 1 0 0 1 46 95 
1712934934 12131 12131014 11 17 2 0 0 1 23 94 
1712934934 12269 12269000 14 17 0 0 0 2 43 46 44 65 
1712934934 12269 12269007 14 17 1 0 0 1 46 130 
1712934934 12349 12349000 14 13 0 0 0 1 10 128 
1712934934 12349 12349007 14 13 1 0 0 2 10 43 11 66 
1712934934 12432 12432000 12 12 0 0 0 1 62 86 
1712934934 12432 12432007 12 12 1 0 0 2 25 69 26 40 
1712934934 12432 12432014 12 12 2 0 0 1 37 92 
1712934934 12685 12685000 10 13 0 0 0 1 61 73 
1712934934 12695 12695014 10 17 2 0 0 1 4 103 
1712934934 12799 12799014 14 13 2 0 0 1 28 37 
1712934934 12857 12857014 12 17 2 0 0 2 54 93 55 47 
1712934934 13009 13009000 14 13 0 0 0 1 36 144 
1712934934 13009 13009007 14 13 1 0 0 1 62 84 
1712934934 13054 13054000 14 16 0 0 0 3 25 91 29 109 30 89 
1712934934 13054 13054007 14 16 1 0 0 1 2 116 
1712934934 13124 13124000 14 14 0 0 0 2 61 53 62 66 
1712934934 13125 13125000 10 15 0 0 0 1 43 102 
1712934934 13125 13125007 10 15 1 0 0 2 50 42 51 58 
1712934934 13125 13125014 10 15 2 0 0 2 11 23 12 86 
1712934934 13158 13158000 13 12 0 0 0 1 40 93 
1712934934 13158 13158007 13 12 1 0 0 1 35 91 
1712934934 13158 13158014 13 12 2 0 0 1 21 87 
1712934934 13199 13199014 14 17 2 0 0 1 62 81 
1712934934 13260 13260000 10 12 0 0 0 1 15 87 
1712934934 13260 13260007 10 12 1 0 0 1 13 131 
1712934934 13284 13284000 14 12 0 0 0 1 24 135 
1712934934 13284 13284007 14 12 1 0 0 2 2 1 3 96 
1712934934 13322 13322000 12 14 0 0 0 1 14 88 
1712934934 13322 13322007 12 14 1 0 0 1 60 73 
1712934934 13322 13322014 12 14 2 0 0 1 16 79 
1712934934 13378 13378000 13 16 0 0 0 1 19 145 
1712934934 13378 13378007 13 16 1 0 0 2 43 7 44 149 
1712934934 13378 13378014 13 16 2 0 0 1 9 135 
1712934934 13446 13446014 11 12 2 0 0 1 39 18 
1712934934 13687 13687007 12 13 1 0 0 1 32 110 
1712934934 13687 13687014 12 13 2 0 0 2 30 50 31 187 
1712934934 13705 13705000 10 13 0 0 0 1 53 79 
1712934934 13705 13705007 10 13 1 0 0 2 22 66 23 33 
1712934934 13705 13705014 10 13 2 0 0 2 28 85 29 7 
1712934934 13720 13720000 10 16 0 0 0 1 38 77 
1712934934 13720 13720007 10 16 1 0 0 1 49 75 
1712934934 13720 13720014 10 16 2 0 0 1 35 94 
1712934934 13736 13736000 11 14 0 0 0 1 51 136 
1712934934 13736 13736007 11 14 1 0 0 1 19 75 
1712934934 13736 13736014 11 14 2 0 0 1 54 85 
1712934934 13779 13779014 14 15 2 0 0 4 52 20 53 86 60 74 61 41 
1712934934 13783 13783000 13 13 0 0 0 1 46 169 
1712934934 13937 13937014 12 17 2 0 0 2 56 25 57 138 
1712934934 13971 13971000 11 15 0 0 0 1 6 89 
1712934934 13971 13971007 11 15 1 0 0 1 21 141 
1712934934 13971 13971014 11 15 2 0 0 1 2 81 
1712934934 14088 14088014 13 12 2 0 0 2 21 7 22 85 
1712934934 14089 14089000 14 13 0 0 0 1 23 134 
1712934934 14089 14089007 14 13 1 0 0 1 40 106 
1712934934 14192 14192000 12 14 0 0 0 1 35 179 
1712934934 14192 14192007 12 14 1 0 0 1 2 97 
1712934934 14468 14468000 13 14 0 0 0 1 50 93 
1712934934 14468 14468007 13 14 1 0 0 2 10 65 11 16 
1712934934 14468 14468014 13 14 2 0 0 1 52 91 
1712934934 14602 14602014 12 16 2 0 0 1 16 117 
1712934934 14610 14610000 10 12 0 0 0 1 17 78 
1712934934 14610 14610007 10 12 1 0 0 2 42 135 43 6 
1712934934 14610 14610014 10 12 2 0 0 1 18 100 
1712934934 14751 14751000 11 15 0 0 0 2 61 129 62 3 
1712934934 14751 14751007 11 15 1 0 0 2 30 64 31 62 
1712934934 14751 14751014 11 15 2 0 0 2 11 31 12 91 
1712934934 14775 14775014 10 15 2 0 0 1 25 107 
1712934934 14824 14824000 14 16 0 0 0 2 30 25 31 87 
1712934934 14824 14824007 14 16 1 0 0 2 34 81 35 116 
1712934934 14824 14824014 14 16 2 0 0 1 63 112 
1712934934 14836 14836000 11 16 0 0 0 1 25 74 
1712934934 14921 14921000 11 17 0 0 0 1 15 85 
1712934934 14921 14921007 11 17 1 0 0 1 50 130 
1712934934 14921 14921014 11 17 2 0 0 1 11 80 
1712934934 14990 14990000 10 14 0 0 0 1 39 106 
1712934934 14990 14990007 10 14 1 0 0 2 36 64 37 28 
1712934934 14990 14990014 10 14 2 0 0 2 16 7 17 83 
1712934934 15012 15012000 12 12 0 0 0 1 22 84 
1712934934 15012 15012007 12 12 1 0 0 1 45 89 
1712934934 15012 15012014 12 12 2 0 0 1 18 90 
1712934934 15093 15093000 13 15 0 0 0 2 7 66 8 58 
1712934934 15095 15095000 10 17 0 0 0 1 54 139 
1712934934 15113 15113007 13 17 1 0 0 2 61 119 62 24 
1712934934 15168 15168000 13 12 0 0 0 1 46 87 
1712934934 15168 15168007 13 12 1 0 0 2 18 9 37 97 
1712934934 15168 15168014 13 12 2 0 0 2 54 16 55 62 
1712934934 15315 15315014 10 15 2 0 0 2 62 69 63 47 
1712934934 15499 15499014 14 13 2 0 0 1 23 150 
1712934934 15542 15542014 12 14 2 0 0 1 61 10 
1712934934 15605 15605000 10 17 0 0 0 1 34 107 
1712934934 15605 15605007 10 17 1 0 0 1 30 118 
1712934934 15638 15638000 13 14 0 0 0 1 18 85 
1712934934 15638 15638007 13 14 1 0 0 2 29 72 30 23 
1712934934 15638 15638014 13 14 2 0 0 2 6 91 7 3 
1712934934 15672 15672000 12 12 0 0 0 2 14 10 15 95 
1712934934 15672 15672007 12 12 1 0 0 1 11 98 
1712934934 15672 15672014 12 12 2 0 0 1 59 148 
1712934934 15675 15675014 10 15 2 0 0 2 57 117 58 38 
1712934934 15769 15769000 14 13 0 0 0 1 51 102 
1712934934 15769 15769007 14 13 1 0 0 2 30 50 31 100 
1712934934 15769 15769014 14 13 2 0 0 1 41 104 
1712934934 15781 15781007 11 13 1 0 0 2 54 80 55 59 
1712934934 15781 15781014 11 13 2 0 0 2 34 114 35 11 
1712934934 15813 15813007 13 15 1 0 0 1 55 16 
1712934934 15813 15813014 13 15 2 0 0 1 59 95 
1712934934 15857 15857000 12 17 0 0 0 1 27 109 
1712934934 15857 15857007 12 17 1 0 0 1 12 94 
1712934934 15857 15857014 12 17 2 0 0 1 15 79 
1712934934 15919 15919014 14 13 2 0 0 2 45 91 46 20 
1712934934 15930 15930007 10 12 1 0 0 2 45 19 46 250 
1712934934 15930 15930014 10 12 2 0 0 1 15 119 
1712934934 15987 15987007 12 15 1 0 0 2 24 72 25 37 
1712934934 16134 16134014 14 12 2 0 0 1 54 88 
1712934934 16274 16274007 14 14 1 0 0 1 57 144 
1712934934 16274 16274014 14 14 2 0 0 2 41 25 42 73 
1712934934 16301 16301000 11 17 0 0 0 2 46 52 47 60 
1712934934 16301 16301007 11 17 1 0 0 1 23 115 
1712934934 16301 16301014 11 17 2 0 0 1 13 118 
1712934934 16313 16313014 13 17 2 0 0 2 47 39 48 125 
1712934934 16322 16322014 12 14 2 0 0 1 6 135 
1712934934 16496 16496000 11 14 0 0 0 1 0 99 
1712934934 16496 16496007 11 14 1 0 0 2 50 127 56 116 
1712934934 16496 16496014 11 14 2 0 0 1 30 109 
1712934934 16503 16503000 13 15 0 0 0 2 44 49 45 83 
1712934934 16563 16563007 13 15 1 0 0 1 55 15 
1712934934 16626 16626000 11 12 0 0 0 2 57 64 58 49 
1712934934 16626 16626007 11 12 1 0 0 1 56 118 
1712934934 16626 16626014 11 12 2 0 0 2 13 73 14 30 
1712934934 16649 16649000 14 17 0 0 0 1 49 85 
1712934934 16649 16649007 14 17 1 0 0 2 32 25 33 58 
1712934934 16649 16649014 14 17 2 0 0 1 54 80 
1712934934 16681 16681000 11 13 0 0 0 1 43 33 
1712934934 16681 16681007 11 13 1 0 0 2 24 100 25 22 
1712934934 16681 16681014 11 13 2 0 0 2 6 30 7 102 
1712934934 16806 16806000 11 12 0 0 0 2 10 99 11 62 
1712934934 16806 16806007 11 12 1 0 0 2 53 64 54 40 
1712934934 16956 16956014 11 12 2 0 0 2 11 125 12 40 
1712934934 16961 16961000 11 17 0 0 0 1 36 103 
1712934934 16961 16961007 11 17 1 0 0 1 30 111 
1712934934 16996 16996000 11 16 0 0 0 1 55 111 
1712934934 17051 17051000 11 17 0 0 0 1 40 111 
1712934934 17051 17051007 11 17 1 0 0 2 52 33 53 57 
1712934934 17104 17104014 14 16 2 0 0 2 8 9 9 116 
1712934934 17111 17111000 11 17 0 0 0 1 49 87 
1712934934 17111 17111007 11 17 1 0 0 1 29 91 
1712934934 17172 17172007 12 12 1 0 0 1 3 121 
1712934934 17217 17217000 12 15 0 0 0 1 28 114 
1712934934 17217 17217007 12 15 1 0 0 1 54 114 
1712934934 17295 17295000 10 15 0 0 0 1 23 100 
1712934934 17295 17295007 10 15 1 0 0 1 50 121 
1712934934 17295 17295014 10 15 2 0 0 2 29 92 30 2 
1712934934 17421 17421000 11 15 0 0 0 1 37 207 
1712934934 17421 17421007 11 15 1 0 0 1 62 78 
1712934934 17421 17421014 11 15 2 0 0 1 31 85 
1712934934 17480 17480014 10 14 2 0 0 2 15 106 16 18 
1712934934 17506 17506000 11 16 0 0 0 1 38 99 
1712934934 17506 17506007 11 16 1 0 0 1 46 136 
1712934934 17506 17506014 11 16 2 0 0 1 21 105 
1712934934 17539 17539000 14 13 0 0 0 1 10 15 
1712934934 17541 17541000 11 15 0 0 0 1 57 107 
1712934934 17541 17541007 11 15 1 0 0 1 40 95 
1712934934 17541 17541014 11 15 2 0 0 1 56 89 
1712934934 17556 17556000 11 12 0 0 0 4 13 63 14 105 15 128 28 226 
1712934934 17556 17556007 11 12 1 0 0 1 42 121 
1712934934 17556 17556014 11 12 2 0 0 1 40 94 
1712934934 17652 17652000 12 12 0 0 0 2 6 6 7 90 
1712934934 17671 17671000 11 13 0 0 0 1 60 88 
1712934934 17694 17694000 14 12 0 0 0 1 28 91 
1712934934 17694 17694007 14 12 1 0 0 1 55 79 
1712934934 17694 17694014 14 12 2 0 0 1 24 135 
1712934934 17707 17707007 12 13 1 0 0 1 30 108 
1712934934 17707 17707014 12 13 2 0 0 1 58 90 
1712934934 17851 17851000 11 13 0 0 0 1 9 78 
1712934934 17851 17851007 11 13 1 0 0 1 6 93 
1712934934 17851 17851014 11 13 2 0 0 1 11 83 
1712934934 17941 17941000 11 13 0 0 0 1 30 114 
1712934934 17941 17941007 11 13 1 0 0 1 36 90 
1712934934 17941 17941014 11 13 2 0 0 1 48 112 
1712934934 17946 17946000 11 12 0 0 0 2 41 80 42 24 
1712934934 17946 17946007 11 12 1 0 0 2 48 30 49 53 
1712934934 18086 18086000 11 14 0 0 0 1 5 97 
1712934934 18204 18204000 14 12 0 0 0 1 62 98 
1712934934 18214 18214007 14 16 1 0 0 1 1 125 
1712934934 18224 18224014 14 14 2 0 0 2 16 53 17 43 
1712934934 18458 18458000 13 14 0 0 0 1 12 114 
1712934934 18458 18458007 13 14 1 0 0 2 46 107 47 11 
1712934934 18480 18480007 10 12 1 0 0 1 16 98 
1712934934 18480 18480014 10 12 2 0 0 1 44 110 
1712934934 18486 18486000 11 12 0 0 0 1 36 96 
1712934934 18486 18486007 11 12 1 0 0 1 22 151 
1712934934 18486 18486014 11 12 2 0 0 1 36 85 
1712934934 18656 18656000 11 14 0 0 0 1 12 83 
1712934934 18656 18656007 11 14 1 0 0 1 15 100 
1712934934 18656 18656014 11 14 2 0 0 1 12 97 
1712934934 18739 18739000 14 13 0 0 0 2 39 83 40 39 
1712934934 18739 18739007 14 13 1 0 0 1 17 117 
1712934934 18739 18739014 14 13 2 0 0 2 61 25 62 164 
1712934934 18751 18751014 11 13 2 0 0 2 19 88 20 82 
1712934934 18829 18829007 14 13 1 0 0 1 11 95 
1712934934 18829 18829014 14 13 2 0 0 1 54 111 
1712934934 18876 18876000 11 12 0 0 0 1 28 101 
1712934934 18876 18876007 11 12 1 0 0 1 51 117 
1712934934 18876 18876014 11 12 2 0 0 1 34 80 
1712934934 18944 18944000 14 14 0 0 0 2 38 11 39 136 
1712934934 18944 18944007 14 14 1 0 0 1 24 96 
1712934934 19141 19141014 11 13 2 0 0 2 5 13 48 81 
1712934934 19231 19231000 11 13 0 0 0 2 56 2 57 117 
1712934934 19231 19231007 11 13 1 0 0 1 26 239 
1712934934 19231 19231014 11 13 2 0 0 1 21 105 
1712934934 19242 19242000 12 12 0 0 0 1 13 108 
1712934934 19413 19413014 13 15 2 0 0 2 25 121 26 45 
1712934934 19422 19422000 12 12 0 0 0 2 2 26 3 119 
1712934934 19422 19422007 12 12 1 0 0 2 38 85 39 26 
1712934934 19422 19422014 12 12 2 0 0 1 46 111 
1712934934 19441 19441000 11 13 0 0 0 1 10 87 
1712934934 19441 19441007 11 13 1 0 0 2 26 28 27 92 
1712934934 19441 19441014 11 13 2 0 0 2 18 3 19 73 
1712934934 19492 19492000 12 16 0 0 0 1 29 136 
1712934934 19541 19541000 11 17 0 0 0 1 40 191 
1712934934 19541 19541007 11 17 1 0 0 2 41 26 42 74 
1712934934 19541 19541014 11 17 2 0 0 1 13 43 
1712934934 19571 19571000 11 17 0 0 0 1 2 91 
1712934934 19578 19578000 13 12 0 0 0 2 17 48 18 64 
1712934934 19676 19676000 11 14 0 0 0 1 9 82 
1712934934 19676 19676007 11 14 1 0 0 1 5 86 
1712934934 19714 19714000 14 16 0 0 0 1 5 79 
1712934934 19799 19799007 14 17 1 0 0 2 5 114 6 56 
1712934934 19907 19907000 12 17 0 0 0 1 35 127 
1712934934 19907 19907007 12 17 1 0 0 2 13 59 14 127 
1712934934 20015 20015007 10 17 1 0 0 2 5 47 6 49 
1712934934 20075 20075007 10 17 1 0 0 2 15 53 16 1 
1712934934 20097 20097000 12 15 0 0 0 1 47 83 
1712934934 20097 20097007 12 15 1 0 0 2 31 71 32 17 
1712934934 20111 20111000 11 17 0 0 0 1 48 101 
1712934934 20111 20111007 11 17 1 0 0 1 7 79 
1712934934 20111 20111014 11 17 2 0 0 1 47 107 
1712934934 20176 20176014 11 16 2 0 0 1 42 116 
1712934934 20210 20210000 10 14 0 0 0 1 46 122 
1712934934 20213 20213014 13 17 2 0 0 1 4 97 
1712934934 20216 20216014 11 14 2 0 0 1 56 176 
1712934934 20234 20234007 14 14 1 0 0 1 2 111 
1712934934 20284 20284007 14 16 1 0 0 1 46 106 
1712934934 20284 20284014 14 16 2 0 0 2 44 83 45 13 
1712934934 20318 20318000 13 14 0 0 0 1 43 79 
1712934934 20318 20318007 13 14 1 0 0 2 25 10 26 77 
1712934934 20318 20318014 13 14 2 0 0 1 43 88 
1712934934 20413 20413000 13 13 0 0 0 1 61 100 
1712934934 20413 20413007 13 13 1 0 0 2 29 38 30 58 
1712934934 20413 20413014 13 13 2 0 0 1 61 90 
1712934934 20519 20519007 14 17 1 0 0 2 3 132 4 6 
1712934934 20519 20519014 14 17 2 0 0 2 37 107 38 10 
1712934934 20534 20534000 14 14 0 0 0 1 53 108 
1712934934 20534 20534007 14 14 1 0 0 2 15 4 16 93 
1712934934 20534 20534014 14 14 2 0 0 1 42 118 
1712934934 20643 20643000 13 15 0 0 0 1 1 110 
1712934934 20643 20643007 13 15 1 0 0 1 7 93 
1712934934 20643 20643014 13 15 2 0 0 1 5 87 
1712934934 20654 20654014 14 14 2 0 0 2 41 62 42 54 
1712934934 20680 20680000 10 16 0 0 0 2 27 12 28 82 
1712934934 20680 20680007 10 16 1 0 0 1 8 73 
1712934934 20680 20680014 10 16 2 0 0 1 30 79 
1712934934 20690 20690000 10 14 0 0 0 1 1 15 
1712934934 20724 20724000 14 12 0 0 0 1 39 93 
1712934934 20724 20724007 14 12 1 0 0 1 48 103 
1712934934 20724 20724014 14 12 2 0 0 1 53 96 
1712934934 20773 20773007 13 13 1 0 0 1 63 83 
1712934934 20773 20773014 13 13 2 0 0 2 12 2 16 123 
1712934934 20877 20877014 12 15 2 0 0 1 16 49 
1712934934 20957 20957000 12 17 0 0 0 2 37 85 38 5 
1712934934 20957 20957007 12 17 1 0 0 1 52 124 
1712934934 21181 21181000 11 13 0 0 0 1 51 111 
1712934934 21181 21181007 11 13 1 0 0 1 5 89 
1712934934 21181 21181014 11 13 2 0 0 1 59 87 
1712934934 21240 21240000 10 12 0 0 0 2 32 28 33 88 
1712934934 21240 21240007 10 12 1 0 0 2 39 95 40 17 
1712934934 21240 21240014 10 12 2 0 0 2 62 68 63 90 
1712934934 21371 21371014 11 17 2 0 0 1 6 96 
1712934934 21404 21404000 14 14 0 0 0 1 5 86 
1712934934 21404 21404007 14 14 1 0 0 1 45 97 
1712934934 21404 21404014 14 14 2 0 0 1 5 93 
1712934934 21580 21580000 10 16 0 0 0 1 55 97 
1712934934 21624 21624014 14 12 2 0 0 1 39 116 
1712934934 21751 21751000 11 13 0 0 0 1 44 80 
1712934934 21751 21751007 11 13 1 0 0 1 30 116 
1712934934 21751 21751014 11 13 2 0 0 1 40 83 
1712934934 22047 22047000 12 15 0 0 0 1 34 90 
1712934934 22047 22047007 12 15 1 0 0 1 39 88 
1712934934 22047 22047014 12 15 2 0 0 1 49 83 
1712934934 22073 22073000 13 17 0 0 0 1 50 98 
1712934934 22073 22073007 13 17 1 0 0 3 37 96 56 99 57 11 
1712934934 22073 22073014 13 17 2 0 0 2 24 194 56 93 
1712934934 22126 22126000 11 16 0 0 0 1 22 77 
1712934934 22126 22126007 11 16 1 0 0 1 52 101 
1712934934 22126 22126014 11 16 2 0 0 1 17 106 
1712934934 22134 22134000 14 12 0 0 0 1 11 107 
1712934934 22141 22141014 11 13 2 0 0 2 61 11 62 143 
1712934934 22220 22220000 10 14 0 0 0 2 37 12 38 97 
1712934934 22220 22220007 10 14 1 0 0 1 37 151 
1712934934 22289 22289000 14 17 0 0 0 1 31 79 
1712934934 22289 22289007 14 17 1 0 0 1 52 81 
1712934934 22289 22289014 14 17 2 0 0 1 41 92 
1712934934 22380 22380007 10 12 1 0 0 1 3 130 
1712934934 22472 22472000 12 14 0 0 0 2 10 192 11 4 
1712934934 22474 22474007 14 16 1 0 0 1 6 114 
1712934934 22548 22548000 13 12 0 0 0 2 56 104 57 6 
1712934934 22664 22664000 14 14 0 0 0 2 25 81 26 32 
1712934934 22664 22664007 14 14 1 0 0 1 46 91 
1712934934 22685 22685007 10 17 1 0 0 2 49 46 50 84 
1712934934 22685 22685014 10 17 2 0 0 2 1 62 2 46 
1712934934 22790 22790000 10 14 0 0 0 1 30 95 
1712934934 22790 22790007 10 14 1 0 0 1 39 112 
1712934934 22816 22816000 11 16 0 0 0 1 44 100 
1712934934 22816 22816007 11 16 1 0 0 2 39 113 40 3 
1712934934 22816 22816014 11 16 2 0 0 1 44 99 
1712934934 22836 22836000 11 12 0 0 0 2 13 101 18 78 
1712934934 22836 22836007 11 12 1 0 0 1 45 99 
1712934934 22836 22836014 11 12 2 0 0 1 18 175 
1712934934 22845 22845000 10 15 0 0 0 1 35 86 
1712934934 22845 22845007 10 15 1 0 0 1 45 92 
1712934934 22845 22845014 10 15 2 0 0 1 27 115 
1712934934 22877 22877007 12 17 1 0 0 2 6 95 7 25 
1712934934 22877 22877014 12 17 2 0 0 1 63 98 
1712934934 23006 23006000 11 14 0 0 0 1 12 100 
1712934934 23006 23006007 11 14 1 0 0 1 35 91 
1712934934 23006 23006014 11 14 2 0 0 1 35 81 
1712934934 23043 23043014 13 15 2 0 0 2 55 10 56 81 
1712934934 23054 23054014 14 14 2 0 0 1 3 5 
1712934934 23114 23114000 14 14 0 0 0 2 5 32 6 88 
1712934934 23114 23114007 14 14 1 0 0 2 11 112 12 3 
1712934934 23114 23114014 14 14 2 0 0 1 21 83 
1712934934 23119 23119007 14 13 1 0 0 1 17 98 
1712934934 23119 23119014 14 13 2 0 0 2 35 47 36 59 
1712934934 23141 23141000 11 17 0 0 0 2 38 19 39 85 
1712934934 23141 23141007 11 17 1 0 0 1 2 94 
1712934934 23273 23273007 13 17 1 0 0 1 60 79 
1712934934 23273 23273014 13 17 2 0 0 1 22 83 
1712934934 23274 23274007 14 12 1 0 0 1 0 22 
1712934934 23299 23299007 14 13 1 0 0 2 12 55 13 73 
1712934934 23299 23299014 14 13 2 0 0 1 47 103 
1712934934 23301 23301014 11 15 2 0 0 2 18 142 19 17 
1712934934 23385 23385000 10 15 0 0 0 1 44 88 
1712934934 23385 23385007 10 15 1 0 0 1 40 79 
1712934934 23385 23385014 10 15 2 0 0 1 31 75 
1712934934 23418 23418000 13 12 0 0 0 1 36 93 
1712934934 23643 23643000 13 15 0 0 0 1 0 94 
1712934934 23707 23707014 12 13 2 0 0 1 56 118 
1712934934 23764 23764000 14 16 0 0 0 3 30 117 31 98 32 157 
1712934934 23764 23764007 14 16 1 0 0 2 37 185 38 31 
1712934934 23852 23852000 12 14 0 0 0 1 0 163 
1712934934 23852 23852007 12 14 1 0 0 1 13 115 
1712934934 23852 23852014 12 14 2 0 0 2 39 12 40 145 
1712934934 24009 24009014 14 15 2 0 0 1 24 104 
1712934934 24146 24146000 11 14 0 0 0 1 37 176 
1712934934 24146 24146007 11 14 1 0 0 2 42 28 43 89 
1712934934 24173 24173014 13 17 2 0 0 2 60 86 61 193 
1712934934 24309 24309007 14 15 1 0 0 1 0 45 
1712934934 24309 24309014 14 15 2 0 0 2 42 30 43 72 
1712934934 24500 24500007 10 14 1 0 0 2 5 95 6 7 
1712934934 24547 24547000 12 13 0 0 0 1 25 92 
1712934934 24547 24547007 12 13 1 0 0 1 42 123 
1712934934 24547 24547014 12 13 2 0 0 1 6 103 
1712934934 24643 24643000 13 13 0 0 0 1 36 112 
1712934934 24643 24643007 13 13 1 0 0 2 40 84 41 27 
1712934934 24643 24643014 13 13 2 0 0 2 30 49 31 45 
1712934934 24809 24809000 14 17 0 0 0 2 12 87 13 5 
1712934934 24809 24809007 14 17 1 0 0 2 55 83 56 13 
1712934934 24809 24809014 14 17 2 0 0 1 57 121 
1712934934 24955 24955000 10 13 0 0 0 1 37 83 
1712934934 24955 24955007 10 13 1 0 0 1 36 100 
1712934934 24955 24955014 10 13 2 0 0 1 34 113 
1712934934 24957 24957000 12 15 0 0 0 2 43 107 44 35 
1712934934 24957 24957007 12 15 1 0 0 2 27 94 28 13 
1712934934 24991 24991000 11 13 0 0 0 1 29 111 
1712934934 25227 25227014 12 15 2 0 0 2 26 129 27 19 
1712934934 25253 25253000 13 17 0 0 0 1 55 134 
1712934934 25253 25253007 13 17 1 0 0 2 35 104 36 15 
1712934934 25253 25253014 13 17 2 0 0 1 44 84 
1712934934 25523 25523000 13 17 0 0 0 1 18 98 
1712934934 25523 25523007 13 17 1 0 0 1 5 91 
1712934934 25523 25523014 13 17 2 0 0 1 15 78 
1712934934 25584 25584000 14 12 0 0 0 2 5 36 6 51 
1712934934 25584 25584007 14 12 1 0 0 1 45 91 
1712934934 25584 25584014 14 12 2 0 0 2 36 17 37 76 
1712934934 25599 25599000 14 15 0 0 0 2 46 47 47 68 
1712934934 25631 25631000 11 17 0 0 0 2 1 99 2 33 
1712934934 25698 25698000 13 12 0 0 0 1 31 101 
1712934934 25698 25698007 13 12 1 0 0 2 11 105 12 22 
1712934934 25701 25701000 11 15 0 0 0 2 9 44 10 58 
1712934934 25701 25701007 11 15 1 0 0 1 55 105 
1712934934 25701 25701014 11 15 2 0 0 2 42 16 43 77 
1712934934 25737 25737000 12 15 0 0 0 1 5 92 
1712934934 25808 25808014 13 14 2 0 0 1 53 86 
1712934934 25840 25840014 10 16 2 0 0 2 0 61 1 194 
1712934934 25866 25866000 11 12 0 0 0 2 37 62 38 28 
1712934934 25866 25866007 11 12 1 0 0 2 14 141 21 85 
1712934934 25866 25866014 11 12 2 0 0 2 28 24 29 56 
1712934934 25920 25920007 10 12 1 0 0 1 36 191 
1712934934 25920 25920014 10 12 2 0 0 1 44 94 
1712934934 26000 26000000 10 14 0 0 0 1 42 104 
1712934934 26000 26000007 10 14 1 0 0 1 17 112 
1712934934 26000 26000014 10 14 2 0 0 1 19 97 
1712934934 26016 26016014 11 12 2 0 0 1 7 117 
1712934934 26113 26113000 13 13 0 0 0 1 62 138 
1712934934 26113 26113007 13 13 1 0 0 2 23 31 24 75 
1712934934 26140 26140000 10 16 0 0 0 1 62 94 
1712934934 26140 26140007 10 16 1 0 0 1 41 89 
1712934934 26140 26140014 10 16 2 0 0 1 35 116 
1712934934 26209 26209000 14 13 0 0 0 2 38 74 39 43 
1712934934 26209 26209007 14 13 1 0 0 1 27 138 
1712934934 26212 26212000 12 16 0 0 0 1 56 115 
1712934934 26212 26212007 12 16 1 0 0 1 41 96 
1712934934 26212 26212014 12 16 2 0 0 1 48 115 
1712934934 26513 26513007 13 17 1 0 0 1 1 97 
1712934934 26513 26513014 13 17 2 0 0 1 22 89 
1712934934 26647 26647000 12 13 0 0 0 3 4 45 5 42 25 149 
1712934934 26647 26647007 12 13 1 0 0 1 41 108 
1712934934 26647 26647014 12 13 2 0 0 2 25 80 26 8 
1712934934 26858 26858014 13 14 2 0 0 2 57 83 58 12 
1712934934 26909 26909000 14 17 0 0 0 1 6 204 
1712934934 26909 26909007 14 17 1 0 0 1 1 82 
1712934934 26971 26971000 11 13 0 0 0 1 9 101 
1712934934 26971 26971007 11 13 1 0 0 1 63 3 
1712934934 26989 26989014 14 13 2 0 0 2 10 1 11 72 
1712934934 27003 27003000 13 15 0 0 0 1 28 90 
1712934934 27003 27003007 13 15 1 0 0 1 51 79 
1712934934 27003 27003014 13 15 2 0 0 1 25 107 
1712934934 27041 27041000 11 17 0 0 0 2 58 127 59 39 
1712934934 27041 27041007 11 17 1 0 0 1 46 112 
1712934934 27041 27041014 11 17 2 0 0 2 22 75 23 12 
1712934934 27092 27092007 12 14 1 0 0 1 49 97 
1712934934 27092 27092014 12 14 2 0 0 2 38 36 39 63 
1712934934 27125 27125000 10 17 0 0 0 1 28 128 
1712934934 27125 27125007 10 17 1 0 0 1 30 156 
1712934934 27125 27125014 10 17 2 0 0 1 25 145 
1712934934 27159 27159000 14 15 0 0 0 1 59 94 
1712934934 27159 27159007 14 15 1 0 0 1 58 100 
1712934934 27159 27159014 14 15 2 0 0 2 23 88 24 20 
1712934934 27183 27183007 13 15 1 0 0 1 58 38 
1712934934 27183 27183014 13 15 2 0 0 2 5 108 6 16 
1712934934 27268 27268000 13 16 0 0 0 2 6 47 7 71 
1712934934 27307 27307000 12 13 0 0 0 1 7 102 
1712934934 27307 27307007 12 13 1 0 0 1 14 83 
1712934934 27307 27307014 12 13 2 0 0 1 33 87 
1712934934 27367 27367000 12 13 0 0 0 3 52 57 53 89 56 35 
1712934934 27452 27452000 12 14 0 0 0 2 44 102 57 103 
1712934934 27452 27452007 12 14 1 0 0 1 6 80 
1712934934 27452 27452014 12 14 2 0 0 1 59 114 
1712934934 27464 27464007 14 14 1 0 0 1 63 84 
1712934934 27464 27464014 14 14 2 0 0 1 38 99 
1712934934 27644 27644000 14 14 0 0 0 2 8 135 9 4 
1712934934 27644 27644007 14 14 1 0 0 1 54 95 
1712934934 27644 27644014 14 14 2 0 0 2 39 31 40 78 
1712934934 27718 27718000 13 16 0 0 0 2 25 80 26 53 
1712934934 27718 27718007 13 16 1 0 0 2 41 23 42 143 
1712934934 27727 27727014 12 13 2 0 0 1 41 118 
1712934934 27806 27806000 11 14 0 0 0 1 53 88 
1712934934 27806 27806007 11 14 1 0 0 1 30 207 
1712934934 27806 27806014 11 14 2 0 0 2 44 101 57 2 
1712934934 27997 27997000 12 13 0 0 0 1 52 94 
1712934934 28037 28037000 12 17 0 0 0 1 43 125 
1712934934 28037 28037007 12 17 1 0 0 1 47 241 
1712934934 28201 28201000 11 13 0 0 0 1 56 84 
1712934934 28201 28201007 11 13 1 0 0 2 62 31 63 135 
1712934934 28204 28204014 14 16 2 0 0 1 29 116 
1712934934 28321 28321007 11 13 1 0 0 1 50 86 
1712934934 28321 28321014 11 13 2 0 0 1 50 106 
1712934934 28411 28411000 11 13 0 0 0 2 28 53 29 49 
1712934934 28411 28411014 11 13 2 0 0 2 24 86 25 51 
1712934934 28566 28566000 11 12 0 0 0 1 12 112 
1712934934 28566 28566007 11 12 1 0 0 2 13 22 14 79 
1712934934 28636 28636000 11 16 0 0 0 1 55 79 
1712934934 28636 28636007 11 16 1 0 0 2 50 75 51 54 
1712934934 28636 28636014 11 16 2 0 0 1 63 76 
1712934934 28708 28708000 13 16 0 0 0 2 2 104 3 56 
1712934934 28783 28783000 13 13 0 0 0 2 8 10 9 130 
1712934934 28783 28783007 13 13 1 0 0 1 19 91 
1712934934 28783 28783014 13 13 2 0 0 2 33 39 34 51 
1712934934 28885 28885000 10 13 0 0 0 1 33 122 
1712934934 28885 28885007 10 13 1 0 0 2 18 16 19 110 
1712934934 28907 28907014 12 17 2 0 0 1 46 95 
1712934934 28922 28922000 12 14 0 0 0 1 49 145 
1712934934 28922 28922007 12 14 1 0 0 1 32 85 
1712934934 28922 28922014 12 14 2 0 0 1 44 77 
1712934934 28946 28946014 11 14 2 0 0 1 43 29 
1712934934 28960 28960000 10 16 0 0 0 1 40 96 
1712934934 28960 28960007 10 16 1 0 0 2 15 31 16 84 
1712934934 28960 28960014 10 16 2 0 0 1 51 86 
1712934934 28986 28986000 11 12 0 0 0 2 49 69 50 16 
1712934934 28986 28986007 11 12 1 0 0 1 0 81 
1712934934 28988 28988000 13 14 0 0 0 1 9 141 
1712934934 28998 28998000 13 12 0 0 0 1 15 96 
1712934934 28998 28998007 13 12 1 0 0 2 36 80 37 24 
1712934934 29025 29025000 10 15 0 0 0 1 6 140 
1712934934 29150 29150000 10 14 0 0 0 1 5 126 
1712934934 29150 29150007 10 14 1 0 0 1 3 127 
1712934934 29196 29196000 11 12 0 0 0 1 28 113 
1712934934 29196 29196007 11 12 1 0 0 2 6 90 7 40 
1712934934 29241 29241014 11 15 2 0 0 2 2 101 3 24 
1712934934 29374 29374000 14 16 0 0 0 1 63 74 
1712934934 29374 29374007 14 16 1 0 0 1 37 85 
1712934934 29414 29414000 14 14 0 0 0 1 62 78 
1712934934 29414 29414007 14 14 1 0 0 1 29 135 
1712934934 29414 29414014 14 14 2 0 0 1 57 85 
1712934934 29440 29440000 10 16 0 0 0 2 21 164 22 2 
1712934934 29440 29440007 10 16 1 0 0 1 18 101 
1712934934 29440 29440014 10 16 2 0 0 1 61 132 
1712934934 29791 29791014 11 13 2 0 0 1 44 12 
1712934934 29809 29809000 14 13 0 0 0 1 58 94 
1712934934 29815 29815000 10 13 0 0 0 2 51 118 52 45 
1712934934 29815 29815007 10 13 1 0 0 1 53 160 
1712934934 29815 29815014 10 13 2 0 0 2 8 79 9 35 
1712934934 29882 29882000 12 14 0 0 0 1 15 105 
1712934934 29882 29882007 12 14 1 0 0 2 25 88 26 36 
1712934934 29882 29882014 12 14 2 0 0 1 40 204 
1712934934 29928 29928014 13 12 2 0 0 1 43 85 
1712934934 30044 30044000 14 14 0 0 0 2 44 89 45 20 
1712934934 30044 30044007 14 14 1 0 0 1 22 92 
1712934934 30044 30044014 14 14 2 0 0 1 11 110 
1712934934 30072 30072000 12 12 0 0 0 2 4 47 5 39 
1712934934 30072 30072007 12 12 1 0 0 1 52 87 
1712934934 30072 30072014 12 12 2 0 0 1 12 87 
1712934934 30075 30075014 10 15 2 0 0 1 7 99 
1712934934 30140 30140000 10 14 0 0 0 1 0 82 
1712934934 30140 30140007 10 14 1 0 0 1 13 106 
1712934934 30140 30140014 10 14 2 0 0 1 8 109 
1712934934 30246 30246000 11 12 0 0 0 1 35 86 
1712934934 30265 30265000 10 13 0 0 0 2 0 59 1 75 
1712934934 30313 30313000 13 13 0 0 0 1 33 90 
1712934934 30313 30313007 13 13 1 0 0 2 30 65 31 44 
1712934934 30313 30313014 13 13 2 0 0 1 42 103 
1712934934 30476 30476000 11 14 0 0 0 1 31 82 
1712934934 30476 30476007 11 14 1 0 0 2 30 71 31 100 
1712934934 30476 30476014 11 14 2 0 0 1 32 84 
1712934934 30506 30506007 11 14 1 0 0 1 15 104 
1712934934 30506 30506014 11 14 2 0 0 1 18 89 
1712934934 30512 30512000 12 14 0 0 0 2 46 114 57 88 
1712934934 30512 30512007 12 14 1 0 0 2 21 56 22 110 
1712934934 30512 30512014 12 14 2 0 0 1 54 84 
1712934934 30519 30519000 14 15 0 0 0 1 6 84 
1712934934 30678 30678000 13 12 0 0 0 2 33 52 34 88 
1712934934 30678 30678007 13 12 1 0 0 2 53 124 54 46 
1712934934 30782 30782007 12 14 1 0 0 3 20 110 41 30 42 48 
1712934934 30782 30782014 12 14 2 0 0 3 32 44 39 4 40 150 
1712934934 30930 30930000 10 12 0 0 0 2 25 55 26 56 
1712934934 30930 30930007 10 12 1 0 0 2 24 35 25 103 
1712934934 31019 31019000 14 17 0 0 0 1 61 102 
1712934934 31019 31019007 14 17 1 0 0 1 1 98 
1712934934 31053 31053000 13 15 0 0 0 2 38 64 39 19 
1712934934 31053 31053007 13 15 1 0 0 1 23 88 
1712934934 31053 31053014 13 15 2 0 0 1 23 97 
1712934934 31105 31105014 10 13 2 0 0 2 53 29 54 109 
1712934934 31301 31301000 11 17 0 0 0 1 53 78 
1712934934 31301 31301007 11 17 1 0 0 1 36 78 
1712934934 31301 31301014 11 17 2 0 0 1 56 125 
1712934934 31372 31372000 12 16 0 0 0 1 3 81 
1712934934 31379 31379014 14 17 2 0 0 1 12 83 
1712934934 31413 31413000 13 15 0 0 0 1 59 180 
1712934934 31448 31448007 13 14 1 0 0 1 7 82 
1712934934 31448 31448014 13 14 2 0 0 1 10 95 
1712934934 31530 31530000 10 12 0 0 0 1 16 102 
1712934934 31530 31530007 10 12 1 0 0 1 11 85 
1712934934 31530 31530014 10 12 2 0 0 1 29 96 
1712934934 31586 31586014 11 14 2 0 0 2 61 77 62 16 
1712934934 31593 31593000 13 15 0 0 0 1 56 139 
1712934934 31593 31593007 13 15 1 0 0 1 17 105 
1712934934 31593 31593014 13 15 2 0 0 1 51 86 
1712934934 31697 31697007 12 17 1 0 0 2 11 102 12 22 
1712934934 31697 31697014 12 17 2 0 0 2 39 86 40 29 
1712934934 31737 31737014 12 15 2 0 0 1 60 42 
1712934934 31799 31799007 14 17 1 0 0 1 63 42 
1712934934 31799 31799014 14 17 2 0 0 1 54 109 
1712934934 31812 31812000 12 12 0 0 0 2 38 40 39 68 
1712934934 31812 31812007 12 12 1 0 0 1 3 100 
1712934934 31853 31853000 13 17 0 0 0 1 57 102 
1712934934 31891 31891000 11 13 0 0 0 1 35 88 
1712934934 31891 31891007 11 13 1 0 0 1 0 85 
1712934934 31895 31895000 10 17 0 0 0 2 18 32 19 68 
1712934934 31895 31895007 10 17 1 0 0 1 55 96 
1712934934 31929 31929000 14 15 0 0 0 2 2 19 3 78 
1712934934 32045 32045007 10 17 1 0 0 1 28 93 
1712934934 32045 32045014 10 17 2 0 0 1 57 87 
1712934934 32224 32224000 14 16 0 0 0 2 5 51 6 48 
1712934934 32268 32268014 13 12 2 0 0 2 33 84 34 9 
1712934934 32348 32348000 13 14 0 0 0 2 52 95 53 6 
1712934934 32348 32348007 13 14 1 0 0 1 49 106 
1712934934 32348 32348014 13 14 2 0 0 2 26 54 27 48 
1712934934 32358 32358007 13 12 1 0 0 1 21 85 
1712934934 32358 32358014 13 12 2 0 0 2 25 2 35 110 
1712934934 32435 32435000 10 17 0 0 0 1 7 87 
1712934934 32435 32435007 10 17 1 0 0 1 2 74 
1712934934 32531 32531000 11 17 0 0 0 2 40 37 41 66 
1712934934 32601 32601000 11 15 0 0 0 2 30 17 31 138 
1712934934 32601 32601007 11 15 1 0 0 2 31 94 32 14 
1712934934 32613 32613007 13 15 1 0 0 2 6 139 7 4 
1712934934 32613 32613014 13 15 2 0 0 1 35 159 
1712934934 32620 32620000 10 16 0 0 0 1 63 38 
1712934934 32628 32628014 13 12 2 0 0 1 16 140 
1712934934 32633 32633007 13 17 1 0 0 1 8 138 
1712934934 32736 32736000 11 12 0 0 0 1 8 104 
1712934934 32736 32736007 11 12 1 0 0 1 27 132 
1712934934 32736 32736014 11 12 2 0 0 1 16 106 
1712934934 32779 32779000 14 13 0 0 0 2 56 42 57 84 
1712934934 32886 32886000 11 12 0 0 0 2 43 38 44 140 
1712934934 32886 32886007 11 12 1 0 0 1 44 96 
1712934934 32886 32886014 11 12 2 0 0 2 13 103 14 115 
1712934934 33003 33003000 13 15 0 0 0 1 56 78 
1712934934 33003 33003007 13 15 1 0 0 1 5 80 
1712934934 33003 33003014 13 15 2 0 0 1 54 89 
1712934934 33511 33511000 11 13 0 0 0 1 12 103 
1712934934 33511 33511007 11 13 1 0 0 2 27 54 28 38 
1712934934 33511 33511014 11 13 2 0 0 1 8 119 
1712934934 33544 33544000 14 16 0 0 0 1 49 111 
1712934934 33544 33544007 14 16 1 0 0 1 32 120 
1712934934 33544 33544014 14 16 2 0 0 2 54 69 55 33 
1712934934 33634 33634000 14 16 0 0 0 2 27 61 28 34 
1712934934 33634 33634007 14 16 1 0 0 1 50 6 
1712934934 33737 33737014 12 17 2 0 0 2 15 67 16 33 
1712934934 33751 33751000 11 13 0 0 0 1 38 41 
1712934934 33817 33817014 12 13 2 0 0 2 45 85 46 39 
1712934934 33877 33877000 12 13 0 0 0 2 41 64 42 89 
1712934934 34142 34142000 12 14 0 0 0 1 60 96 
1712934934 34285 34285000 10 13 0 0 0 2 56 30 57 73 
1712934934 34285 34285007 10 13 1 0 0 1 50 90 
1712934934 34285 34285014 10 13 2 0 0 1 25 134 
1712934934 34303 34303014 13 13 2 0 0 1 1 110 
1712934934 34316 34316000 11 14 0 0 0 1 26 109 
1712934934 34316 34316007 11 14 1 0 0 2 28 23 29 73 
1712934934 34316 34316014 11 14 2 0 0 1 36 111 
1712934934 34348 34348014 13 16 2 0 0 2 11 22 12 77 
1712934934 34390 34390000 10 16 0 0 0 2 43 41 44 43 
1712934934 34390 34390007 10 16 1 0 0 2 25 5 26 83 
1712934934 34390 34390014 10 16 2 0 0 2 51 7 52 78 
1712934934 34614 34614014 14 12 2 0 0 2 16 8 17 77 
1712934934 34615 34615000 10 13 0 0 0 1 17 90 
1712934934 34615 34615007 10 13 1 0 0 1 11 92 
1712934934 34615 34615014 10 13 2 0 0 1 30 90 
1712934934 34641 34641000 11 15 0 0 0 1 56 100 
1712934934 34641 34641007 11 15 1 0 0 1 48 87 
1712934934 34641 34641014 11 15 2 0 0 1 50 48 
1712934934 34676 34676007 11 14 1 0 0 2 5 5 6 131 
1712934934 34803 34803014 13 15 2 0 0 2 2 20 3 96 
1712934934 34980 34980007 10 12 1 0 0 1 2 118 
1712934934 34980 34980014 10 12 2 0 0 2 27 42 28 34 
1712934934 35105 35105000 10 17 0 0 0 1 12 89 
1712934934 35180 35180007 10 14 1 0 0 2 53 57 54 44 
1712934934 35180 35180014 10 14 2 0 0 1 46 87 
1712934934 35323 35323000 13 13 0 0 0 4 32 31 33 10 60 25 61 86 
1712934934 35323 35323007 13 13 1 0 0 2 38 44 39 91 
1712934934 35323 35323014 13 13 2 0 0 2 5 8 6 97 
1712934934 35351 35351007 11 17 1 0 0 1 6 119 
1712934934 35380 35380000 10 16 0 0 0 1 24 85 
1712934934 35380 35380007 10 16 1 0 0 2 41 22 42 76 
1712934934 35380 35380014 10 16 2 0 0 1 47 97 
1712934934 35382 35382000 12 12 0 0 0 1 40 123 
1712934934 35525 35525000 10 17 0 0 0 1 19 86 
1712934934 35525 35525007 10 17 1 0 0 2 33 95 39 31 
1712934934 35525 35525014 10 17 2 0 0 1 8 83 
1712934934 35747 35747000 12 17 0 0 0 1 19 124 
1712934934 35747 35747007 12 17 1 0 0 2 37 100 38 5 
1712934934 35933 35933007 13 17 1 0 0 2 41 102 42 14 
1712934934 35933 35933014 13 17 2 0 0 1 9 102 
1712934934 35946 35946000 11 12 0 0 0 2 46 45 47 45 
1712934934 35946 35946007 11 12 1 0 0 1 33 96 
1712934934 36092 36092000 12 14 0 0 0 1 34 92 
1712934934 36092 36092007 12 14 1 0 0 2 4 29 5 65 
1712934934 36123 36123000 13 15 0 0 0 1 21 115 
1712934934 36123 36123007 13 15 1 0 0 1 40 89 
1712934934 36123 36123014 13 15 2 0 0 2 46 40 47 43 
1712934934 36152 36152000 12 14 0 0 0 2 20 52 21 47 
1712934934 36152 36152007 12 14 1 0 0 2 32 16 33 74 
1712934934 36152 36152014 12 14 2 0 0 1 27 152 
1712934934 36188 36188014 13 14 2 0 0 2 41 44 42 52 
1712934934 36273 36273000 13 15 0 0 0 2 30 83 31 81 
1712934934 36273 36273007 13 15 1 0 0 1 21 176 
1712934934 36276 36276000 11 12 0 0 0 2 24 135 25 32 
1712934934 36276 36276007 11 12 1 0 0 1 52 105 
1712934934 36280 36280007 10 16 1 0 0 2 13 36 14 73 
1712934934 36327 36327000 12 15 0 0 0 1 14 85 
1712934934 36327 36327007 12 15 1 0 0 1 13 88 
1712934934 36327 36327014 12 15 2 0 0 1 12 87 
1712934934 36357 36357000 12 15 0 0 0 1 1 88 
1712934934 36357 36357007 12 15 1 0 0 1 51 108 
1712934934 36357 36357014 12 15 2 0 0 1 6 98 
1712934934 36373 36373007 13 13 1 0 0 1 3 97 
1712934934 36373 36373014 13 13 2 0 0 1 22 95 
1712934934 36399 36399000 14 15 0 0 0 1 57 90 
1712934934 36399 36399007 14 15 1 0 0 1 40 89 
1712934934 36399 36399014 14 15 2 0 0 2 26 66 27 30 
1712934934 36413 36413000 13 17 0 0 0 1 61 114 
1712934934 36446 36446000 11 14 0 0 0 2 51 144 52 1 
1712934934 36455 36455000 10 17 0 0 0 2 42 48 43 86 
1712934934 36455 36455007 10 17 1 0 0 2 30 76 31 1 
1712934934 36479 36479000 14 17 0 0 0 2 51 31 52 77 
1712934934 36479 36479007 14 17 1 0 0 1 30 101 
1712934934 36479 36479014 14 17 2 0 0 1 28 99 
1712934934 36603 36603014 13 15 2 0 0 1 1 107 
1712934934 36660 36660007 10 12 1 0 0 1 0 84 
1712934934 36732 36732000 12 12 0 0 0 2 55 63 56 34 
1712934934 36947 36947000 12 17 0 0 0 1 54 80 
1712934934 36947 36947007 12 17 1 0 0 1 47 75 
1712934934 36947 36947014 12 17 2 0 0 1 48 90 
1712934934 36973 36973007 13 13 1 0 0 2 11 76 12 75 
1712934934 36973 36973014 13 13 2 0 0 1 34 98 
1712934934 36981 36981007 11 15 1 0 0 2 25 65 26 72 
1712934934 36981 36981014 11 15 2 0 0 2 35 61 36 33 
1712934934 37048 37048000 13 16 0 0 0 2 59 63 60 27 
1712934934 37213 37213000 13 13 0 0 0 2 9 27 10 107 
1712934934 37213 37213007 13 13 1 0 0 1 28 81 
1712934934 37213 37213014 13 13 2 0 0 1 7 83 
1712934934 37262 37262007 12 14 1 0 0 2 10 116 11 6 
1712934934 37262 37262014 12 14 2 0 0 2 27 5 28 95 
1712934934 37285 37285014 10 13 2 0 0 2 15 46 16 59 
1712934934 37390 37390014 10 16 2 0 0 2 2 42 3 62 
1712934934 37451 37451000 11 17 0 0 0 3 1 42 2 176 3 22 
1712934934 37451 37451007 11 17 1 0 0 2 53 35 54 61 
1712934934 37451 37451014 11 17 2 0 0 1 45 101 
1712934934 37623 37623000 13 15 0 0 0 2 35 72 36 24 
1712934934 37623 37623007 13 15 1 0 0 1 32 178 
1712934934 37765 37765000 10 13 0 0 0 1 35 100 
1712934934 37765 37765007 10 13 1 0 0 2 15 20 16 65 
1712934934 37765 37765014 10 13 2 0 0 1 37 79 
1712934934 37775 37775000 10 17 0 0 0 1 38 87 
1712934934 37775 37775007 10 17 1 0 0 1 52 90 
1712934934 37775 37775014 10 17 2 0 0 1 39 98 
1712934934 37854 37854014 14 12 2 0 0 1 61 24 
1712934934 37883 37883000 13 17 0 0 0 4 40 21 41 77 52 144 59 86 
1712934934 37883 37883007 13 17 1 0 0 2 30 112 31 249 
1712934934 37940 37940000 10 14 0 0 0 1 21 146 
1712934934 37944 37944014 14 12 2 0 0 2 62 127 63 26 
1712934934 38041 38041014 11 13 2 0 0 2 10 78 11 50 
1712934934 38118 38118000 13 12 0 0 0 1 32 83 
1712934934 38118 38118007 13 12 1 0 0 1 48 105 
1712934934 38118 38118014 13 12 2 0 0 1 36 96 
1712934934 38160 38160000 10 12 0 0 0 1 3 101 
1712934934 38160 38160007 10 12 1 0 0 2 53 97 54 4 
1712934934 38191 38191000 11 13 0 0 0 1 61 83 
1712934934 38191 38191007 11 13 1 0 0 1 48 85 
1712934934 38191 38191014 11 13 2 0 0 2 44 34 45 52 
1712934934 38279 38279014 14 17 2 0 0 2 6 47 7 63 
1712934934 38342 38342007 12 14 1 0 0 1 14 119 
1712934934 38356 38356000 11 16 0 0 0 3 23 20 24 77 46 98 
1712934934 38356 38356007 11 16 1 0 0 4 18 74 19 31 24 58 25 67 
1712934934 38356 38356014 11 16 2 0 0 1 47 200 
1712934934 38408 38408000 13 14 0 0 0 2 16 57 17 50 
1712934934 38436 38436000 11 12 0 0 0 2 21 91 35 5 
1712934934 38436 38436007 11 12 1 0 0 1 48 113 
1712934934 38436 38436014 11 12 2 0 0 2 30 29 31 52 
1712934934 38441 38441014 11 17 2 0 0 2 60 16 61 106 
1712934934 38458 38458014 13 16 2 0 0 1 62 92 
1712934934 38570 38570000 10 14 0 0 0 2 41 46 42 61 
1712934934 38570 38570007 10 14 1 0 0 2 30 177 31 46 
1712934934 38596 38596000 11 16 0 0 0 2 36 29 46 116 
1712934934 38596 38596007 11 16 1 0 0 2 34 36 35 56 
1712934934 38596 38596014 11 16 2 0 0 1 57 91 
1712934934 38630 38630000 10 14 0 0 0 1 10 85 
1712934934 38630 38630007 10 14 1 0 0 1 25 77 
1712934934 38630 38630014 10 14 2 0 0 1 6 90 
1712934934 38722 38722007 12 16 1 0 0 2 49 122 50 18 
1712934934 38794 38794007 14 16 1 0 0 2 2 133 3 37 
1712934934 38930 38930007 10 14 1 0 0 1 62 107 
1712934934 39032 39032000 12 14 0 0 0 1 53 84 
1712934934 39032 39032007 12 14 1 0 0 2 35 117 36 4 
1712934934 39032 39032014 12 14 2 0 0 1 50 87 
1712934934 39041 39041014 11 17 2 0 0 2 41 1 42 116 
1712934934 39087 39087014 12 15 2 0 0 2 45 27 46 97 
1712934934 39111 39111000 11 15 0 0 0 1 62 108 
1712934934 39111 39111007 11 15 1 0 0 1 26 123 
1712934934 39111 39111014 11 15 2 0 0 1 29 97 
1712934934 39164 39164000 14 14 0 0 0 1 5 72 
1712934934 39164 39164007 14 14 1 0 0 1 15 79 
1712934934 39164 39164014 14 14 2 0 0 2 16 65 17 39 
1712934934 39237 39237000 12 15 0 0 0 1 8 87 
1712934934 39237 39237007 12 15 1 0 0 1 18 80 
1712934934 39237 39237014 12 15 2 0 0 1 7 82 
1712934934 39261 39261000 11 15 0 0 0 1 15 166 
1712934934 39261 39261007 11 15 1 0 0 2 14 62 15 40 
1712934934 39261 39261014 11 15 2 0 0 1 0 101 
1712934934 39274 39274000 14 16 0 0 0 1 63 95 
1712934934 39274 39274007 14 16 1 0 0 2 2 30 3 75 
1712934934 39320 39320000 10 14 0 0 0 1 24 99 
1712934934 39320 39320007 10 14 1 0 0 2 62 18 63 93 
1712934934 39326 39326000 11 14 0 0 0 1 13 196 
1712934934 39326 39326007 11 14 1 0 0 1 5 124 
1712934934 39411 39411000 11 15 0 0 0 1 44 104 
1712934934 39411 39411007 11 15 1 0 0 2 25 76 26 5 
1712934934 39411 39411014 11 15 2 0 0 1 36 83 
1712934934 39423 39423000 13 15 0 0 0 1 2 132 
1712934934 39423 39423007 13 15 1 0 0 2 13 77 41 119 
1712934934 39423 39423014 13 15 2 0 0 2 40 52 41 120 
1712934934 39506 39506000 11 14 0 0 0 1 30 109 
1712934934 39506 39506007 11 14 1 0 0 2 25 11 26 111 
1712934934 39521 39521000 11 17 0 0 0 1 20 84 
1712934934 39521 39521007 11 17 1 0 0 1 6 90 
1712934934 39521 39521014 11 17 2 0 0 1 21 77 
1712934934 39545 39545000 10 17 0 0 0 1 12 114 
1712934934 39545 39545007 10 17 1 0 0 1 2 95 
1712934934 39722 39722000 12 14 0 0 0 1 24 101 
1712934934 39722 39722007 12 14 1 0 0 2 36 3 37 99 
1712934934 39722 39722014 12 14 2 0 0 1 30 89 
1712934934 39776 39776014 11 14 2 0 0 2 58 28 59 64 
1712934934 39799 39799000 14 13 0 0 0 1 8 134 
1712934934 39799 39799007 14 13 1 0 0 2 23 13 24 89 
1712934934 39799 39799014 14 13 2 0 0 1 44 143 
1712934934 39834 39834000 14 12 0 0 0 1 30 80 
1712934934 39834 39834007 14 12 1 0 0 2 41 42 42 153 
1712934934 39834 39834014 14 12 2 0 0 1 5 117 
1712934934 39865 39865000 10 13 0 0 0 1 49 100 
1712934934 39865 39865007 10 13 1 0 0 1 32 140 
1712934934 39865 39865014 10 13 2 0 0 1 11 99 
1712934934 39880 39880014 10 16 2 0 0 1 43 96 
1712934934 40006 40006000 11 16 0 0 0 2 33 3 34 116 
1712934934 40006 40006007 11 16 1 0 0 1 27 107 
1712934934 40046 40046000 11 14 0 0 0 1 35 69 
1712934934 40097 40097014 12 17 2 0 0 2 3 11 4 186 
1712934934 40220 40220007 10 14 1 0 0 1 56 114 
1712934934 40220 40220014 10 14 2 0 0 2 36 107 37 13 
1712934934 40344 40344000 14 12 0 0 0 1 28 87 
1712934934 40344 40344007 14 12 1 0 0 1 13 78 
1712934934 40344 40344014 14 12 2 0 0 1 33 89 
1712934934 40432 40432014 12 16 2 0 0 1 46 81 
1712934934 40659 40659000 14 15 0 0 0 1 25 98 
1712934934 40659 40659007 14 15 1 0 0 1 28 99 
1712934934 40659 40659014 14 15 2 0 0 1 26 76 
1712934934 40734 40734000 14 12 0 0 0 2 38 91 60 2 
1712934934 40734 40734007 14 12 1 0 0 1 11 84 
1712934934 40734 40734014 14 12 2 0 0 1 44 74 
1712934934 40771 40771000 11 13 0 0 0 2 16 8 17 101 
1712934934 40771 40771007 11 13 1 0 0 2 24 11 25 93 
1712934934 40832 40832000 12 14 0 0 0 2 30 44 31 32 
1712934934 40832 40832007 12 14 1 0 0 1 22 84 
1712934934 40832 40832014 12 14 2 0 0 2 43 215 44 5 
1712934934 40870 40870000 10 16 0 0 0 1 7 79 
1712934934 40870 40870007 10 16 1 0 0 2 40 94 41 26 
1712934934 40870 40870014 10 16 2 0 0 1 0 113 
1712934934 40897 40897000 12 13 0 0 0 1 51 84 
1712934934 40897 40897007 12 13 1 0 0 1 17 90 
1712934934 40897 40897014 12 13 2 0 0 1 50 96 
1712934934 40923 40923000 13 15 0 0 0 2 22 76 37 2 
1712934934 40923 40923007 13 15 1 0 0 1 37 93 
1712934934 40923 40923014 13 15 2 0 0 1 25 102 
1712934934 40952 40952000 12 14 0 0 0 1 24 87 
1712934934 40952 40952007 12 14 1 0 0 1 55 93 
1712934934 40952 40952014 12 14 2 0 0 2 8 94 9 14 
1712934934 41247 41247000 12 15 0 0 0 1 24 110 
1712934934 41247 41247007 12 15 1 0 0 1 25 91 
1712934934 41247 41247014 12 15 2 0 0 1 43 95 
1712934934 41326 41326000 11 16 0 0 0 2 50 32 51 135 
1712934934 41424 41424000 14 12 0 0 0 1 56 117 
1712934934 41424 41424007 14 12 1 0 0 1 56 82 
1712934934 41424 41424014 14 12 2 0 0 1 38 105 
1712934934 41456 41456000 11 14 0 0 0 1 37 117 
1712934934 41599 41599014 14 13 2 0 0 1 6 131 
1712934934 41674 41674007 14 16 1 0 0 2 2 42 3 80 
1712934934 41674 41674014 14 16 2 0 0 2 9 64 10 65 
1712934934 41776 41776000 11 16 0 0 0 1 18 88 
1712934934 41776 41776007 11 16 1 0 0 1 22 101 
1712934934 41776 41776014 11 16 2 0 0 1 30 88 
1712934934 41804 41804000 14 14 0 0 0 1 17 88 
1712934934 41814 41814000 14 12 0 0 0 1 17 126 
1712934934 41814 41814007 14 12 1 0 0 1 55 79 
1712934934 41814 41814014 14 12 2 0 0 1 28 78 
1712934934 41847 41847000 12 15 0 0 0 1 14 86 
1712934934 41847 41847007 12 15 1 0 0 2 5 33 6 42 
1712934934 41847 41847014 12 15 2 0 0 1 11 91 
1712934934 41908 41908000 13 16 0 0 0 2 17 1 22 139 
1712934934 41908 41908007 13 16 1 0 0 1 25 146 
1712934934 41908 41908014 13 16 2 0 0 2 54 47 55 58 
1712934934 41983 41983000 13 13 0 0 0 2 54 74 55 24 
1712934934 41999 41999014 14 17 2 0 0 2 38 13 39 89 
1712934934 42024 42024000 14 12 0 0 0 1 0 93 
1712934934 42024 42024007 14 12 1 0 0 1 14 89 
1712934934 42024 42024014 14 12 2 0 0 2 12 53 13 25 
1712934934 42135 42135000 10 15 0 0 0 2 8 71 9 42 
1712934934 42135 42135007 10 15 1 0 0 1 40 105 
1712934934 42135 42135014 10 15 2 0 0 2 51 20 52 81 
1712934934 42251 42251014 11 17 2 0 0 2 0 27 1 91 
1712934934 42284 42284000 14 14 0 0 0 2 15 8 16 107 
1712934934 42284 42284007 14 14 1 0 0 1 12 190 
1712934934 42409 42409000 14 13 0 0 0 1 42 134 
1712934934 42409 42409007 14 13 1 0 0 1 63 81 
1712934934 42484 42484000 14 16 0 0 0 1 25 84 
1712934934 42484 42484007 14 16 1 0 0 2 24 82 36 6 
1712934934 42484 42484014 14 16 2 0 0 1 32 104 
1712934934 42505 42505000 10 13 0 0 0 2 23 99 45 90 
1712934934 42505 42505007 10 13 1 0 0 1 37 113 
1712934934 42571 42571000 11 13 0 0 0 1 4 92 
1712934934 42571 42571007 11 13 1 0 0 2 11 74 12 25 
1712934934 42586 42586000 11 16 0 0 0 1 41 103 
1712934934 42586 42586007 11 16 1 0 0 1 45 122 
1712934934 42680 42680000 10 14 0 0 0 2 33 61 34 58 
1712934934 42680 42680007 10 14 1 0 0 1 36 84 
1712934934 42680 42680014 10 14 2 0 0 1 13 79 
1712934934 42682 42682007 12 16 1 0 0 1 25 169 
1712934934 42682 42682014 12 16 2 0 0 2 17 111 18 19 
1712934934 42776 42776000 11 14 0 0 0 2 47 90 48 9 
1712934934 42776 42776007 11 14 1 0 0 1 61 177 
1712934934 42843 42843007 13 15 1 0 0 2 40 111 41 15 
1712934934 42843 42843014 13 15 2 0 0 2 41 133 42 8 
1712934934 42875 42875000 10 17 0 0 0 1 12 89 
1712934934 42875 42875007 10 17 1 0 0 1 11 91 
1712934934 42875 42875014 10 17 2 0 0 1 13 97 
1712934934 42924 42924014 14 12 2 0 0 2 1 43 2 30 
1712934934 43010 43010014 10 14 2 0 0 1 62 118 
1712934934 43066 43066014 11 16 2 0 0 2 14 4 15 112 
1712934934 43103 43103000 13 17 0 0 0 1 35 126 
1712934934 43103 43103007 13 17 1 0 0 1 17 78 
1712934934 43103 43103014 13 17 2 0 0 1 21 98 
1712934934 43151 43151000 11 17 0 0 0 2 51 111 52 16 
1712934934 43151 43151007 11 17 1 0 0 1 38 108 
1712934934 43198 43198000 13 16 0 0 0 2 5 51 6 53 
1712934934 43232 43232007 12 14 1 0 0 1 15 165 
1712934934 43307 43307007 12 17 1 0 0 2 57 14 58 79 
1712934934 43307 43307014 12 17 2 0 0 1 47 99 
1712934934 43394 43394007 14 14 1 0 0 1 44 87 
1712934934 43394 43394014 14 14 2 0 0 2 41 87 42 11 
1712934934 43560 43560000 10 12 0 0 0 2 27 62 28 23 
1712934934 43560 43560007 10 12 1 0 0 1 25 76 
1712934934 43560 43560014 10 12 2 0 0 1 24 82 
1712934934 43577 43577007 12 17 1 0 0 1 62 93 
1712934934 43623 43623000 13 15 0 0 0 3 44 2 45 95 56 97 
1712934934 43623 43623007 13 15 1 0 0 1 43 86 
1712934934 43703 43703014 13 17 2 0 0 2 56 8 57 92 
1712934934 43718 43718014 13 14 2 0 0 1 28 120 
1712934934 43745 43745000 10 17 0 0 0 2 60 39 61 61 
1712934934 43935 43935014 10 15 2 0 0 1 48 111 
1712934934 44047 44047014 12 13 2 0 0 1 20 117 
1712934934 44116 44116000 11 16 0 0 0 1 57 130 
1712934934 44116 44116007 11 16 1 0 0 1 48 83 
1712934934 44116 44116014 11 16 2 0 0 1 60 94 
1712934934 44240 44240007 10 14 1 0 0 1 4 72 
1712934934 44240 44240014 10 14 2 0 0 1 2 118 
1712934934 44260 44260000 10 16 0 0 0 2 37 2 38 88 
1712934934 44260 44260007 10 16 1 0 0 2 16 51 17 59 
1712934934 44260 44260014 10 16 2 0 0 1 20 85 
1712934934 44263 44263000 13 13 0 0 0 2 20 118 21 22 
1712934934 44263 44263007 13 13 1 0 0 2 35 45 36 41 
1712934934 44263 44263014 13 13 2 0 0 1 7 117 
1712934934 44272 44272014 12 16 2 0 0 2 44 97 45 17 
1712934934 44386 44386014 11 16 2 0 0 2 59 32 60 95 
1712934934 44470 44470007 10 16 1 0 0 1 18 133 
1712934934 44470 44470014 10 16 2 0 0 2 35 140 36 9 
1712934934 44509 44509000 14 13 0 0 0 2 54 74 55 46 
1712934934 44509 44509007 14 13 1 0 0 1 31 122 
1712934934 44509 44509014 14 13 2 0 0 2 13 138 14 73 
1712934934 44655 44655000 10 15 0 0 0 2 54 50 55 47 
1712934934 44655 44655007 10 15 1 0 0 1 26 107 
1712934934 44655 44655014 10 15 2 0 0 1 50 99 
1712934934 44746 44746007 11 16 1 0 0 1 61 99 
1712934934 44773 44773000 13 13 0 0 0 2 20 61 21 36 
1712934934 44773 44773007 13 13 1 0 0 2 2 99 3 5 
1712934934 44841 44841000 11 15 0 0 0 2 53 79 54 35 
1712934934 44862 44862007 12 12 1 0 0 1 24 110 
1712934934 44862 44862014 12 12 2 0 0 1 43 102 
1712934934 44928 44928000 13 12 0 0 0 2 32 50 33 35 
1712934934 44928 44928007 13 12 1 0 0 1 39 94 
1712934934 44928 44928014 13 12 2 0 0 1 57 88 
1712934934 44947 44947000 12 13 0 0 0 2 1 23 2 81 
1712934934 44947 44947007 12 13 1 0 0 1 63 102 
1712934934 44947 44947014 12 13 2 0 0 2 50 34 51 74 
1712934934 44948 44948014 13 14 2 0 0 1 12 89 
1712934934 45051 45051007 11 15 1 0 0 1 1 97 
1712934934 45173 45173000 13 17 0 0 0 1 38 130 
1712934934 45173 45173007 13 17 1 0 0 1 59 120 
1712934934 45173 45173014 13 17 2 0 0 1 28 83 
1712934934 45222 45222000 12 12 0 0 0 2 23 81 24 39 
1712934934 45222 45222007 12 12 1 0 0 2 40 98 41 39 
1712934934 45241 45241014 11 13 2 0 0 1 15 129 
1712934934 45361 45361007 11 13 1 0 0 2 49 25 50 74 
1712934934 45361 45361014 11 13 2 0 0 1 46 35 
1712934934 45448 45448000 13 16 0 0 0 2 55 38 56 69 
1712934934 45448 45448007 13 16 1 0 0 1 24 150 
1712934934 45448 45448014 13 16 2 0 0 2 9 9 24 101 
1712934934 45526 45526000 11 16 0 0 0 1 34 86 
1712934934 45526 45526007 11 16 1 0 0 1 5 114 
1712934934 45549 45549000 14 15 0 0 0 2 13 67 14 17 
1712934934 45549 45549007 14 15 1 0 0 2 21 110 22 12 
1712934934 45549 45549014 14 15 2 0 0 1 0 87 
1712934934 45604 45604000 14 16 0 0 0 1 16 89 
1712934934 45832 45832007 12 16 1 0 0 2 50 99 51 6 
1712934934 45832 45832014 12 16 2 0 0 1 8 143 
1712934934 45983 45983007 13 17 1 0 0 1 42 85 
1712934934 45983 45983014 13 17 2 0 0 1 2 105 
1712934934 46057 46057000 12 13 0 0 0 1 61 93 
1712934934 46076 46076014 11 14 2 0 0 1 60 104 
1712934934 46079 46079000 14 17 0 0 0 1 17 102 
1712934934 46079 46079007 14 17 1 0 0 2 40 67 41 52 
1712934934 46083 46083014 13 15 2 0 0 2 1 2 2 90 
1712934934 46208 46208014 13 14 2 0 0 2 21 109 22 14 
1712934934 46235 46235000 10 17 0 0 0 1 58 88 
1712934934 46235 46235007 10 17 1 0 0 2 19 55 20 43 
1712934934 46235 46235014 10 17 2 0 0 1 56 111 
1712934934 46272 46272014 12 12 2 0 0 2 52 24 53 109 
1712934934 46339 46339000 14 13 0 0 0 1 26 79 
1712934934 46339 46339007 14 13 1 0 0 2 33 54 34 27 
1712934934 46339 46339014 14 13 2 0 0 2 36 52 37 33 
1712934934 46371 46371000 11 15 0 0 0 1 25 110 
1712934934 46371 46371007 11 15 1 0 0 1 56 102 
1712934934 46373 46373014 13 17 2 0 0 2 2 24 3 111 
1712934934 46416 46416014 11 12 2 0 0 2 36 55 37 72 
1712934934 46500 46500000 10 12 0 0 0 1 63 90 
1712934934 46500 46500007 10 12 1 0 0 2 42 124 43 2 
1712934934 46500 46500014 10 12 2 0 0 1 48 93 
1712934934 46504 46504000 14 16 0 0 0 1 45 100 
1712934934 46504 46504007 14 16 1 0 0 2 23 2 24 89 
1712934934 46504 46504014 14 16 2 0 0 2 10 49 11 40 
1712934934 46514 46514000 14 14 0 0 0 1 63 105 
1712934934 46514 46514007 14 14 1 0 0 2 29 11 30 92 
1712934934 46514 46514014 14 14 2 0 0 1 54 88 
1712934934 46534 46534007 14 16 1 0 0 1 60 115 
1712934934 46534 46534014 14 16 2 0 0 2 33 90 34 5 
1712934934 46577 46577007 12 17 1 0 0 2 46 4 47 105 
1712934934 46577 46577014 12 17 2 0 0 2 38 3 39 95 
1712934934 46694 46694000 14 14 0 0 0 1 54 102 
1712934934 46694 46694007 14 14 1 0 0 1 29 84 
1712934934 46694 46694014 14 14 2 0 0 1 27 94 
1712934934 46718 46718007 13 14 1 0 0 2 55 122 56 19 
1712934934 46818 46818014 13 12 2 0 0 1 61 135 
1712934934 47141 47141007 11 17 1 0 0 1 55 90 
1712934934 47141 47141014 11 17 2 0 0 2 46 69 47 26 
1712934934 47346 47346000 11 12 0 0 0 2 38 63 39 65 
1712934934 47346 47346007 11 12 1 0 0 1 23 100 
1712934934 47346 47346014 11 12 2 0 0 2 11 23 12 74 
1712934934 47404 47404014 14 16 2 0 0 1 45 85 
1712934934 47460 47460000 10 12 0 0 0 1 7 80 
1712934934 47460 47460007 10 12 1 0 0 1 22 134 
1712934934 47460 47460014 10 12 2 0 0 1 6 77 
1712934934 47483 47483000 13 17 0 0 0 1 9 85 
1712934934 47483 47483007 13 17 1 0 0 1 49 111 
1712934934 47483 47483014 13 17 2 0 0 1 9 105 
1712934934 47558 47558007 13 14 1 0 0 2 41 14 42 112 
1712934934 47558 47558014 13 14 2 0 0 2 47 56 48 44 
1712934934 47595 47595000 10 15 0 0 0 1 10 94 
1712934934 47595 47595007 10 15 1 0 0 2 17 19 18 67 
1712934934 47595 47595014 10 15 2 0 0 1 20 118 
1712934934 47671 47671000 11 13 0 0 0 1 0 94 
1712934934 47874 47874000 14 12 0 0 0 1 17 102 
1712934934 47874 47874007 14 12 1 0 0 1 10 163 
1712934934 47899 47899007 14 13 1 0 0 1 31 76 
1712934934 47899 47899014 14 13 2 0 0 1 12 81 
1712934934 47904 47904000 14 12 0 0 0 1 28 100 
1712934934 47904 47904007 14 12 1 0 0 1 23 93 
1712934934 47904 47904014 14 12 2 0 0 1 33 103 
1712934934 47976 47976000 11 12 0 0 0 1 24 88 
1712934934 47976 47976007 11 12 1 0 0 1 13 97 
1712934934 47976 47976014 11 12 2 0 0 1 24 78 
1712934934 48030 48030000 10 12 0 0 0 1 52 113 
1712934934 48030 48030007 10 12 1 0 0 1 21 84 
1712934934 48030 48030014 10 12 2 0 0 1 40 116 
1712934934 48204 48204000 14 12 0 0 0 1 50 139 
1712934934 48204 48204007 14 12 1 0 0 1 57 80 
1712934934 48204 48204014 14 12 2 0 0 1 45 75 
1712934934 48222 48222000 12 12 0 0 0 1 59 91 
1712934934 48283 48283007 13 13 1 0 0 2 4 80 5 4 
1712934934 48436 48436000 11 16 0 0 0 1 57 101 
1712934934 48436 48436007 11 16 1 0 0 1 6 86 
1712934934 48436 48436014 11 16 2 0 0 2 50 36 51 80 
1712934934 48451 48451000 11 13 0 0 0 1 23 92 
1712934934 48470 48470007 10 14 1 0 0 2 50 16 51 88 
1712934934 48470 48470014 10 14 2 0 0 1 53 98 
1712934934 48496 48496000 11 16 0 0 0 1 44 88 
1712934934 48496 48496007 11 16 1 0 0 1 45 137 
1712934934 48523 48523000 13 13 0 0 0 1 49 254 
1712934934 48560 48560014 10 14 2 0 0 2 22 141 23 20 
1712934934 48587 48587014 12 17 2 0 0 2 61 10 62 89 
1712934934 48619 48619000 14 13 0 0 0 1 12 46 
1712934934 48702 48702014 12 12 2 0 0 1 33 91 
1712934934 48731 48731000 11 17 0 0 0 2 39 77 40 14 
1712934934 48731 48731007 11 17 1 0 0 2 20 65 21 27 
1712934934 48731 48731014 11 17 2 0 0 1 18 97 
1712934934 48810 48810007 10 12 1 0 0 2 33 89 34 37 
1712934934 48810 48810014 10 12 2 0 0 2 23 35 24 104 
1712934934 48875 48875014 10 17 2 0 0 2 48 22 49 79 
1712934934 48927 48927000 12 15 0 0 0 1 51 121 
1712934934 48927 48927007 12 15 1 0 0 1 21 95 
1712934934 48970 48970014 10 16 2 0 0 1 25 85 
1712934934 49005 49005000 10 15 0 0 0 1 51 92 
1712934934 49005 49005007 10 15 1 0 0 2 60 78 61 37 
1712934934 49107 49107000 12 15 0 0 0 2 48 146 49 3 
1712934934 49123 49123014 13 13 2 0 0 2 40 19 41 144 
1712934934 49129 49129007 14 13 1 0 0 1 2 88 
1712934934 49129 49129014 14 13 2 0 0 1 58 80 
1712934934 49190 49190007 10 14 1 0 0 1 30 86 
1712934934 49190 49190014 10 14 2 0 0 1 56 95 
1712934934 49194 49194000 14 12 0 0 0 1 49 101 
1712934934 49434 49434014 14 12 2 0 0 2 51 38 52 71 
1712934934 49438 49438000 13 16 0 0 0 1 27 92 
1712934934 49438 49438007 13 16 1 0 0 2 41 75 42 18 
1712934934 49438 49438014 13 16 2 0 0 1 15 89 
1712934934 49460 49460007 10 14 1 0 0 2 0 46 1 86 
1712934934 49512 49512000 12 12 0 0 0 1 38 124 
1712934934 49512 49512007 12 12 1 0 0 1 51 111 
1712934934 49512 49512014 12 12 2 0 0 1 29 85 
1712934934 49516 49516007 11 16 1 0 0 1 6 109 
1712934934 49516 49516014 11 16 2 0 0 2 55 31 56 56 
1712934934 49566 49566014 11 12 2 0 0 2 20 32 21 77 
1712934934 49722 49722014 12 12 2 0 0 2 5 99 6 29 
1712934934 49818 49818014 13 12 2 0 0 2 26 79 27 26 
1712934934 49884 49884000 14 12 0 0 0 1 27 120 
1712934934 49884 49884007 14 12 1 0 0 2 43 9 44 107 
1712934934 49884 49884014 14 12 2 0 0 1 49 92 
1712934934 49905 49905014 10 15 2 0 0 1 59 162 
1712934934 49975 49975000 10 13 0 0 0 1 17 89 
1712934934 49975 49975007 10 13 1 0 0 2 51 13 52 75 
1712934934 49975 49975014 10 13 2 0 0 1 17 82 
1712934934 49995 49995007 10 15 1 0 0 1 31 83 
1712934934 49995 49995014 10 15 2 0 0 1 57 85 
1712934934 49996 49996000 11 16 0 0 0 1 47 94 
1712934934 49996 49996007 11 16 1 0 0 1 12 109 
1712934934 49996 49996014 11 16 2 0 0 1 34 79 
1712934934 50005 50005000 10 13 0 0 0 1 55 122 
1712934934 50068 50068000 13 16 0 0 0 2 46 80 47 23 
1712934934 50068 50068007 13 16 1 0 0 2 29 124 30 26 
1712934934 50068 50068014 13 16 2 0 0 1 33 125 
1712934934 50081 50081007 11 17 1 0 0 1 39 121 
1712934934 50081 50081014 11 17 2 0 0 2 30 57 31 65 
1712934934 50144 50144007 14 14 1 0 0 2 29 148 30 19 
1712934934 50144 50144014 14 14 2 0 0 2 29 2 30 111 
1712934934 50166 50166000 11 12 0 0 0 1 13 27 
1712934934 50166 50166007 11 12 1 0 0 1 36 109 
1712934934 50166 50166014 11 12 2 0 0 2 21 29 22 87 
1712934934 50221 50221007 11 13 1 0 0 1 46 147 
1712934934 50221 50221014 11 13 2 0 0 2 30 76 31 14 
1712934934 50231 50231000 11 17 0 0 0 1 28 126 
1712934934 50231 50231007 11 17 1 0 0 2 52 3 53 86 
1712934934 50242 50242007 12 16 1 0 0 2 14 78 15 61 
1712934934 50244 50244000 14 12 0 0 0 1 10 105 
1712934934 50244 50244007 14 12 1 0 0 1 38 85 
1712934934 50244 50244014 14 12 2 0 0 2 41 70 42 22 
1712934934 50264 50264000 14 14 0 0 0 2 5 57 6 20 
1712934934 50264 50264007 14 14 1 0 0 1 40 150 
1712934934 50264 50264014 14 14 2 0 0 1 25 120 
1712934934 50292 50292000 12 12 0 0 0 1 36 112 
1712934934 50292 50292007 12 12 1 0 0 2 9 54 10 47 
1712934934 50292 50292014 12 12 2 0 0 1 25 86 
1712934934 50307 50307000 12 15 0 0 0 1 38 89 
1712934934 50307 50307007 12 15 1 0 0 2 2 38 3 109 
1712934934 50467 50467000 12 13 0 0 0 1 39 86 
1712934934 50467 50467007 12 13 1 0 0 2 27 67 28 25 
1712934934 50467 50467014 12 13 2 0 0 2 52 70 53 20 
1712934934 50568 50568014 13 12 2 0 0 2 49 43 50 45 
1712934934 50685 50685014 10 15 2 0 0 1 47 108 
1712934934 50701 50701000 11 13 0 0 0 2 0 23 1 74 
1712934934 50729 50729014 14 17 2 0 0 1 50 78 
1712934934 50758 50758007 13 16 1 0 0 1 33 112 
1712934934 50758 50758014 13 16 2 0 0 1 32 146 
1712934934 50784 50784000 14 12 0 0 0 2 0 56 1 83 
1712934934 50784 50784007 14 12 1 0 0 2 52 169 53 62 
1712934934 50784 50784014 14 12 2 0 0 2 53 77 54 53 
1712934934 50889 50889014 14 15 2 0 0 1 6 41 
1712934934 51094 51094000 14 16 0 0 0 1 47 93 
1712934934 51094 51094007 14 16 1 0 0 1 61 78 
1712934934 51094 51094014 14 16 2 0 0 1 51 74 
1712934934 51146 51146000 11 14 0 0 0 2 46 63 47 32 
1712934934 51146 51146007 11 14 1 0 0 2 14 4 15 171 
1712934934 51168 51168014 13 12 2 0 0 1 54 117 
1712934934 51619 51619014 14 13 2 0 0 1 58 99 
1712934934 51626 51626007 11 14 1 0 0 1 58 111 
1712934934 51626 51626014 11 14 2 0 0 1 51 164 
1712934934 51682 51682000 12 16 0 0 0 1 41 113 
1712934934 51682 51682007 12 16 1 0 0 1 56 138 
1712934934 51909 51909000 14 15 0 0 0 1 4 80 
1712934934 51909 51909007 14 15 1 0 0 1 5 101 
1712934934 51969 51969000 14 15 0 0 0 2 25 71 26 39 
1712934934 51969 51969007 14 15 1 0 0 1 52 104 
1712934934 51987 51987000 12 15 0 0 0 1 27 133 
1712934934 51987 51987007 12 15 1 0 0 1 9 97 
1712934934 51987 51987014 12 15 2 0 0 1 28 117 
1712934934 52303 52303014 13 13 2 0 0 1 20 95 
1712934934 52518 52518000 13 12 0 0 0 2 19 87 34 21 
1712934934 52518 52518007 13 12 1 0 0 1 41 143 
1712934934 52540 52540000 10 16 0 0 0 3 51 15 59 73 60 32 
1712934934 52540 52540007 10 16 1 0 0 1 42 84 
1712934934 52540 52540014 10 16 2 0 0 1 39 123 
1712934934 52586 52586000 11 14 0 0 0 1 51 117 
1712934934 52586 52586007 11 14 1 0 0 1 43 91 
1712934934 52586 52586014 11 14 2 0 0 1 43 113 
1712934934 52621 52621000 11 13 0 0 0 2 48 105 49 89 
1712934934 52645 52645007 10 13 1 0 0 1 62 79 
1712934934 52645 52645014 10 13 2 0 0 1 42 85 
1712934934 52937 52937014 12 17 2 0 0 2 62 83 63 26 
1712934934 53018 53018014 13 14 2 0 0 2 11 52 12 76 
1712934934 53156 53156000 11 14 0 0 0 2 37 115 56 12 
1712934934 53156 53156007 11 14 1 0 0 1 6 96 
1712934934 53156 53156014 11 14 2 0 0 1 29 85 
1712934934 53362 53362007 12 16 1 0 0 1 25 129 
1712934934 53362 53362014 12 16 2 0 0 1 37 136 
1712934934 53402 53402000 12 14 0 0 0 1 36 94 
1712934934 53402 53402007 12 14 1 0 0 1 39 109 
1712934934 53402 53402014 12 14 2 0 0 1 26 76 
1712934934 53507 53507014 12 17 2 0 0 1 61 105 
1712934934 53508 53508000 13 12 0 0 0 1 63 58 
1712934934 53508 53508007 13 12 1 0 0 1 36 110 
1712934934 53508 53508014 13 12 2 0 0 2 42 31 43 57 
1712934934 53703 53703000 13 15 0 0 0 1 48 114 
1712934934 53703 53703007 13 15 1 0 0 1 24 96 
1712934934 53703 53703014 13 15 2 0 0 2 17 4 18 121 
1712934934 53736 53736000 11 12 0 0 0 2 29 24 30 174 
1712934934 53736 53736007 11 12 1 0 0 1 44 129 
1712934934 53782 53782000 12 16 0 0 0 1 59 80 
1712934934 53782 53782007 12 16 1 0 0 2 38 74 39 35 
1712934934 53782 53782014 12 16 2 0 0 1 44 95 
1712934934 53788 53788014 13 16 2 0 0 2 7 111 8 68 
1712934934 53885 53885000 10 17 0 0 0 1 24 83 
1712934934 53885 53885007 10 17 1 0 0 1 27 83 
1712934934 53885 53885014 10 17 2 0 0 1 40 99 
1712934934 54332 54332000 12 14 0 0 0 1 13 91 
1712934934 54336 54336007 11 12 1 0 0 1 61 93 
1712934934 54336 54336014 11 12 2 0 0 2 26 114 27 13 
1712934934 54407 54407000 12 17 0 0 0 2 38 82 39 52 
1712934934 54551 54551007 11 17 1 0 0 1 48 29 
1712934934 54633 54633000 13 15 0 0 0 1 9 104 
1712934934 54633 54633007 13 15 1 0 0 1 13 103 
1712934934 54633 54633014 13 15 2 0 0 2 37 84 38 5 
1712934934 54680 54680000 10 14 0 0 0 2 18 30 19 84 
1712934934 54680 54680007 10 14 1 0 0 1 21 113 
1712934934 54768 54768007 13 12 1 0 0 1 50 91 
1712934934 54768 54768014 13 12 2 0 0 1 43 169 
1712934934 54809 54809014 14 17 2 0 0 2 2 42 3 184 
1712934934 54812 54812000 12 14 0 0 0 3 13 23 18 185 19 44 
1712934934 54812 54812007 12 14 1 0 0 2 27 107 28 6 
1712934934 54812 54812014 12 14 2 0 0 1 15 106 
1712934934 54901 54901000 11 13 0 0 0 1 20 221 
1712934934 55047 55047000 12 15 0 0 0 1 2 110 
1712934934 55047 55047007 12 15 1 0 0 2 50 58 51 22 
1712934934 55047 55047014 12 15 2 0 0 1 9 82 
1712934934 55071 55071000 11 15 0 0 0 1 30 90 
1712934934 55287 55287007 12 15 1 0 0 2 22 3 23 127 
1712934934 55287 55287014 12 15 2 0 0 2 25 83 26 99 
1712934934 55389 55389007 14 15 1 0 0 2 37 192 38 69 
1712934934 55389 55389014 14 15 2 0 0 1 22 133 
1712934934 55457 55457000 12 17 0 0 0 2 54 116 55 71 
1712934934 55457 55457007 12 17 1 0 0 2 15 72 16 68 
1712934934 55457 55457014 12 17 2 0 0 1 62 80 
1712934934 55502 55502007 12 14 1 0 0 2 45 98 46 34 
1712934934 55502 55502014 12 14 2 0 0 1 30 105 
1712934934 55523 55523007 13 17 1 0 0 1 32 129 
1712934934 55523 55523014 13 17 2 0 0 1 25 98 
1712934934 55747 55747007 12 13 1 0 0 2 15 66 16 51 
1712934934 55762 55762000 12 16 0 0 0 1 0 82 
1712934934 55953 55953014 13 15 2 0 0 2 8 72 9 43 
1712934934 55980 55980000 10 12 0 0 0 2 44 92 45 10 
1712934934 55980 55980007 10 12 1 0 0 3 21 59 22 49 30 38 
1712934934 55980 55980014 10 12 2 0 0 2 9 34 10 90 
1712934934 56120 56120007 10 14 1 0 0 2 57 95 59 4 
1712934934 56120 56120014 10 14 2 0 0 2 54 5 55 104 
1712934934 56189 56189014 14 17 2 0 0 2 6 60 7 83 
1712934934 56230 56230000 10 16 0 0 0 1 19 131 
1712934934 56230 56230007 10 16 1 0 0 2 28 101 29 31 
1712934934 56230 56230014 10 16 2 0 0 1 36 87 
1712934934 56259 56259014 14 15 2 0 0 1 18 104 
1712934934 56352 56352000 12 12 0 0 0 2 27 13 28 83 
1712934934 56352 56352007 12 12 1 0 0 1 9 97 
1712934934 56357 56357007 12 17 1 0 0 1 1 96 
1712934934 56357 56357014 12 17 2 0 0 1 5 84 
1712934934 56359 56359000 14 13 0 0 0 1 7 96 
1712934934 56459 56459000 14 17 0 0 0 1 16 79 
1712934934 56459 56459007 14 17 1 0 0 2 42 161 43 27 
1712934934 56459 56459014 14 17 2 0 0 1 32 79 
1712934934 56488 56488000 13 16 0 0 0 2 62 42 63 60 
1712934934 56488 56488007 13 16 1 0 0 1 34 86 
1712934934 56488 56488014 13 16 2 0 0 1 41 86 
1712934934 56510 56510000 10 14 0 0 0 1 42 88 
1712934934 56510 56510007 10 14 1 0 0 1 3 115 
1712934934 56510 56510014 10 14 2 0 0 1 34 111 
1712934934 56657 56657000 12 17 0 0 0 2 17 129 18 21 
1712934934 56657 56657007 12 17 1 0 0 1 51 101 
1712934934 56657 56657014 12 17 2 0 0 1 5 82 
1712934934 56731 56731000 11 13 0 0 0 2 17 51 18 37 
1712934934 56731 56731007 11 13 1 0 0 2 34 84 35 6 
1712934934 56731 56731014 11 13 2 0 0 1 44 138 
1712934934 56750 56750007 10 14 1 0 0 2 50 70 51 46 
1712934934 56750 56750014 10 14 2 0 0 2 13 129 14 4 
1712934934 56793 56793000 13 15 0 0 0 2 3 71 4 49 
1712934934 56799 56799000 14 15 0 0 0 1 12 100 
1712934934 56938 56938007 13 16 1 0 0 1 63 86 
1712934934 56938 56938014 13 16 2 0 0 1 37 101 
1712934934 57109 57109000 14 13 0 0 0 2 41 76 42 20 
1712934934 57109 57109007 14 13 1 0 0 1 55 84 
1712934934 57109 57109014 14 13 2 0 0 1 59 119 
1712934934 57216 57216007 11 12 1 0 0 1 0 75 
1712934934 57216 57216014 11 12 2 0 0 2 42 42 43 78 
1712934934 57326 57326000 11 14 0 0 0 2 16 64 17 53 
1712934934 57326 57326007 11 14 1 0 0 1 9 100 
1712934934 57329 57329000 14 17 0 0 0 1 19 128 
1712934934 57329 57329007 14 17 1 0 0 2 38 16 39 107 
1712934934 57514 57514014 14 16 2 0 0 1 7 106 
1712934934 57534 57534000 14 12 0 0 0 1 9 97 
1712934934 57534 57534007 14 12 1 0 0 2 32 68 33 25 
1712934934 57534 57534014 14 12 2 0 0 1 23 96 
1712934934 57572 57572000 12 14 0 0 0 1 58 154 
1712934934 57572 57572007 12 14 1 0 0 1 58 82 
1712934934 57572 57572014 12 14 2 0 0 2 59 74 60 11 
1712934934 57611 57611007 11 17 1 0 0 1 4 113 
1712934934 57611 57611014 11 17 2 0 0 2 40 2 41 110 
1712934934 57754 57754000 14 16 0 0 0 2 61 84 62 23 
1712934934 57754 57754007 14 16 1 0 0 2 25 124 26 17 
1712934934 57754 57754014 14 16 2 0 0 2 16 99 17 16 
1712934934 58005 58005000 10 15 0 0 0 3 41 10 54 86 55 37 
1712934934 58026 58026000 11 12 0 0 0 2 41 12 42 75 
1712934934 58026 58026007 11 12 1 0 0 2 9 80 10 41 
1712934934 58026 58026014 11 12 2 0 0 1 61 70 
1712934934 58094 58094000 14 14 0 0 0 2 52 8 53 81 
1712934934 58094 58094007 14 14 1 0 0 1 55 101 
1712934934 58094 58094014 14 14 2 0 0 1 61 82 
1712934934 58120 58120007 10 16 1 0 0 2 46 7 47 155 
1712934934 58120 58120014 10 16 2 0 0 1 15 121 
1712934934 58145 58145000 10 17 0 0 0 1 45 96 
1712934934 58145 58145007 10 17 1 0 0 1 29 123 
1712934934 58145 58145014 10 17 2 0 0 1 29 88 
1712934934 58279 58279007 14 13 1 0 0 2 53 45 54 47 
1712934934 58279 58279014 14 13 2 0 0 1 56 101 
1712934934 58313 58313014 13 17 2 0 0 1 48 96 
1712934934 58317 58317014 12 15 2 0 0 1 63 108 
1712934934 58324 58324007 14 16 1 0 0 1 63 35 
1712934934 58324 58324014 14 16 2 0 0 1 2 86 
1712934934 58402 58402000 12 16 0 0 0 1 61 7 
1712934934 58456 58456014 11 16 2 0 0 2 16 133 17 17 
1712934934 58522 58522014 12 16 2 0 0 1 36 77 
1712934934 58601 58601000 11 17 0 0 0 1 16 110 
1712934934 58601 58601007 11 17 1 0 0 2 53 57 54 31 
1712934934 58643 58643014 13 17 2 0 0 2 60 52 61 31 
1712934934 58802 58802000 12 14 0 0 0 1 23 123 
1712934934 58802 58802007 12 14 1 0 0 2 39 97 40 42 
1712934934 58884 58884000 14 12 0 0 0 2 26 16 27 91 
1712934934 58884 58884007 14 12 1 0 0 2 30 57 31 51 
1712934934 58884 58884014 14 12 2 0 0 2 2 72 3 131 
1712934934 59224 59224000 14 16 0 0 0 3 9 114 15 18 16 87 
1712934934 59224 59224007 14 16 1 0 0 1 15 100 
1712934934 59267 59267014 12 17 2 0 0 1 63 21 
1712934934 59280 59280000 10 12 0 0 0 1 52 97 
1712934934 59280 59280007 10 12 1 0 0 2 19 38 20 95 
1712934934 59280 59280014 10 12 2 0 0 1 60 104 
1712934934 59358 59358000 13 12 0 0 0 2 12 91 13 8 
1712934934 59421 59421000 11 15 0 0 0 1 34 84 
1712934934 59421 59421007 11 15 1 0 0 1 51 125 
1712934934 59421 59421014 11 15 2 0 0 1 15 87 
1712934934 59444 59444007 14 14 1 0 0 2 52 36 53 77 
1712934934 59444 59444014 14 14 2 0 0 1 39 104 
1712934934 59473 59473000 13 13 0 0 0 3 19 25 20 14 33 86 
1712934934 59473 59473007 13 13 1 0 0 1 13 83 
1712934934 59473 59473014 13 13 2 0 0 1 42 77 
1712934934 59495 59495000 10 17 0 0 0 1 0 83 
1712934934 59495 59495007 10 17 1 0 0 1 55 80 
1712934934 59495 59495014 10 17 2 0 0 1 0 85 
1712934934 59607 59607000 12 15 0 0 0 1 7 112 
1712934934 59627 59627014 12 17 2 0 0 2 19 97 20 23 
1712934934 59629 59629000 14 13 0 0 0 1 20 88 
1712934934 59629 59629007 14 13 1 0 0 1 3 98 
1712934934 59632 59632014 12 16 2 0 0 1 11 143 
1712934934 59652 59652000 12 12 0 0 0 1 21 83 
1712934934 59652 59652007 12 12 1 0 0 1 42 89 
1712934934 59652 59652014 12 12 2 0 0 1 19 77 
1712934934 59729 59729014 14 17 2 0 0 1 63 86 
1712934934 59822 59822007 12 14 1 0 0 2 3 6 4 87 
1712934934 59822 59822014 12 14 2 0 0 2 2 142 3 13 
1712934934 59894 59894007 14 14 1 0 0 2 7 88 8 21 
1712934934 59894 59894014 14 14 2 0 0 2 24 77 25 26 
1712934934 59913 59913000 13 15 0 0 0 3 0 87 1 90 7 14 
1712934934 59913 59913007 13 15 1 0 0 1 42 130 
1712934934 59913 59913014 13 15 2 0 0 2 39 72 40 33 
1712934934 60023 60023007 13 17 1 0 0 2 43 69 44 33 
1712934934 60023 60023014 13 17 2 0 0 2 9 81 10 23 
1712934934 60111 60111000 11 15 0 0 0 1 58 86 
1712934934 60111 60111007 11 15 1 0 0 1 18 95 
1712934934 60111 60111014 11 15 2 0 0 1 57 80 
1712934934 60443 60443000 13 17 0 0 0 2 43 83 44 138 
1712934934 60443 60443007 13 17 1 0 0 2 20 69 21 35 
1712934934 60443 60443014 13 17 2 0 0 1 54 122 
1712934934 60558 60558000 13 12 0 0 0 1 33 110 
1712934934 60558 60558007 13 12 1 0 0 2 9 60 10 23 
1712934934 60558 60558014 13 12 2 0 0 1 52 98 
1712934934 60604 60604000 14 16 0 0 0 1 41 108 
1712934934 60604 60604007 14 16 1 0 0 1 10 91 
1712934934 60604 60604014 14 16 2 0 0 2 56 18 57 68 
1712934934 60725 60725000 10 17 0 0 0 1 62 87 
1712934934 60809 60809000 14 17 0 0 0 2 24 84 25 13 
1712934934 60910 60910000 10 16 0 0 0 2 24 35 25 98 
1712934934 60910 60910007 10 16 1 0 0 1 29 109 
1712934934 60996 60996007 11 12 1 0 0 1 62 101 
1712934934 61001 61001000 11 17 0 0 0 3 34 7 35 178 36 86 
1712934934 61001 61001007 11 17 1 0 0 2 29 32 30 75 
1712934934 61001 61001014 11 17 2 0 0 1 9 146 
1712934934 61132 61132007 12 16 1 0 0 1 8 103 
1712934934 61132 61132014 12 16 2 0 0 1 31 104 
1712934934 61284 61284007 14 12 1 0 0 2 4 70 5 23 
1712934934 61284 61284014 14 12 2 0 0 2 1 49 2 96 
1712934934 61303 61303000 13 13 0 0 0 2 45 56 46 52 
1712934934 61496 61496000 11 14 0 0 0 1 26 76 
1712934934 61496 61496007 11 14 1 0 0 2 6 69 7 10 
1712934934 61496 61496014 11 14 2 0 0 1 24 125 
1712934934 61521 61521000 11 15 0 0 0 2 62 16 63 110 
1712934934 61530 61530000 10 12 0 0 0 1 45 214 
1712934934 61530 61530007 10 12 1 0 0 2 28 40 29 118 
1712934934 61548 61548000 13 12 0 0 0 1 26 117 
1712934934 61548 61548007 13 12 1 0 0 1 63 83 
1712934934 61583 61583000 13 17 0 0 0 2 41 63 42 29 
1712934934 61583 61583007 13 17 1 0 0 1 50 85 
1712934934 61583 61583014 13 17 2 0 0 3 26 89 58 81 59 9 
1712934934 61853 61853014 13 17 2 0 0 1 0 104 
1712934934 61870 61870000 10 16 0 0 0 1 24 109 
1712934934 61870 61870007 10 16 1 0 0 2 26 98 27 6 
1712934934 61870 61870014 10 16 2 0 0 2 47 46 48 68 
1712934934 62011 62011000 11 13 0 0 0 2 37 2 42 119 
1712934934 62011 62011007 11 13 1 0 0 2 31 36 32 75 
1712934934 62011 62011014 11 13 2 0 0 1 42 89 
1712934934 62078 62078000 13 14 0 0 0 1 36 146 
1712934934 62078 62078007 13 14 1 0 0 2 55 44 56 33 
1712934934 62078 62078014 13 14 2 0 0 1 31 82 
1712934934 62101 62101000 11 13 0 0 0 1 47 93 
1712934934 62101 62101007 11 13 1 0 0 1 61 102 
1712934934 62270 62270000 10 14 0 0 0 2 20 39 21 124 
1712934934 62270 62270007 10 14 1 0 0 2 58 131 59 28 
1712934934 62390 62390007 10 14 1 0 0 1 11 82 
1712934934 62390 62390014 10 14 2 0 0 1 56 91 
1712934934 62600 62600014 10 14 2 0 0 2 57 155 58 45 
1712934934 62605 62605000 10 13 0 0 0 1 39 146 
1712934934 62605 62605007 10 13 1 0 0 2 32 51 33 68 
1712934934 62605 62605014 10 13 2 0 0 2 13 100 14 31 
1712934934 62612 62612014 12 14 2 0 0 1 59 121 
1712934934 62660 62660000 10 14 0 0 0 1 15 111 
1712934934 62660 62660014 10 14 2 0 0 1 26 37 
1712934934 62683 62683000 13 13 0 0 0 1 11 252 
1712934934 62683 62683007 13 13 1 0 0 2 26 11 27 92 
1712934934 62716 62716000 11 16 0 0 0 1 34 84 
1712934934 62716 62716007 11 16 1 0 0 1 13 130 
1712934934 62716 62716014 11 16 2 0 0 1 40 85 
1712934934 62932 62932000 12 16 0 0 0 2 4 71 5 37 
1712934934 62932 62932007 12 16 1 0 0 1 33 86 
1712934934 62932 62932014 12 16 2 0 0 2 36 81 37 43 
1712934934 62936 62936000 11 14 0 0 0 1 12 112 
1712934934 63129 63129000 14 15 0 0 0 2 16 60 17 45 
1712934934 63167 63167000 12 17 0 0 0 2 49 82 50 58 
1712934934 63205 63205000 10 13 0 0 0 2 45 79 46 49 
1712934934 63205 63205007 10 13 1 0 0 1 2 126 
1712934934 63222 63222014 12 12 2 0 0 1 20 123 
1712934934 63467 63467000 12 17 0 0 0 1 59 218 
1712934934 63572 63572000 12 14 0 0 0 1 5 135 
1712934934 63572 63572007 12 14 1 0 0 2 48 77 49 32 
1712934934 63572 63572014 12 14 2 0 0 1 3 102 
1712934934 63666 63666000 11 12 0 0 0 1 17 87 
1712934934 63666 63666007 11 12 1 0 0 1 11 121 
1712934934 63666 63666014 11 12 2 0 0 1 21 100 
1712934934 63777 63777000 12 15 0 0 0 1 12 80 
1712934934 63777 63777007 12 15 1 0 0 1 39 82 
1712934934 63777 63777014 12 15 2 0 0 1 27 90 
1712934934 63788 63788014 13 14 2 0 0 2 54 13 55 80 
1712934934 63796 63796014 11 16 2 0 0 2 17 53 18 59 
1712934934 63847 63847000 12 13 0 0 0 2 2 147 3 5 
1712934934 63847 63847007 12 13 1 0 0 2 19 12 20 74 
1712934934 63847 63847014 12 13 2 0 0 1 22 91 
1712934934 63887 63887000 12 17 0 0 0 1 13 127 
1712934934 63934 63934014 14 16 2 0 0 1 14 101 
1712934934 64139 64139000 14 17 0 0 0 1 62 88 
1712934934 64234 64234014 14 16 2 0 0 1 33 104 
1712934934 64247 64247000 12 17 0 0 0 3 20 37 21 59 29 84 
1712934934 64247 64247007 12 17 1 0 0 3 34 114 46 91 47 17 
1712934934 64247 64247014 12 17 2 0 0 1 38 83 
1712934934 64259 64259000 14 17 0 0 0 1 55 78 
1712934934 64259 64259007 14 17 1 0 0 1 19 109 
1712934934 64259 64259014 14 17 2 0 0 1 53 79 
1712934934 64342 64342007 12 16 1 0 0 1 28 32 
1712934934 64342 64342014 12 16 2 0 0 1 16 109 
1712934934 64401 64401000 11 15 0 0 0 1 47 90 
1712934934 64401 64401007 11 15 1 0 0 1 52 81 
1712934934 64401 64401014 11 15 2 0 0 1 32 138 
1712934934 64575 64575000 10 15 0 0 0 1 35 131 
1712934934 64609 64609007 14 13 1 0 0 1 41 76 
1712934934 64609 64609014 14 13 2 0 0 1 56 101 
1712934934 64778 64778000 13 14 0 0 0 2 26 6 27 114 
1712934934 64778 64778007 13 14 1 0 0 3 40 82 42 38 43 84 
1712934934 64778 64778014 13 14 2 0 0 1 20 100 
1712934934 64784 64784000 14 14 0 0 0 1 7 108 
1712934934 64784 64784007 14 14 1 0 0 1 11 87 
1712934934 64784 64784014 14 14 2 0 0 1 37 104 
1712934934 64876 64876000 11 16 0 0 0 1 33 87 
1712934934 64876 64876007 11 16 1 0 0 2 5 82 6 3 
1712934934 64981 64981014 11 13 2 0 0 2 55 71 56 45 
1712934934 65050 65050014 10 16 2 0 0 1 49 19 
1712934934 65086 65086014 11 16 2 0 0 1 9 87 
1712934934 65160 65160014 10 12 2 0 0 1 30 91 
1712934934 65208 65208000 13 12 0 0 0 2 1 82 23 27 
1712934934 65208 65208007 13 12 1 0 0 1 18 88 
1712934934 65208 65208014 13 12 2 0 0 1 5 82 
1712934934 65221 65221014 11 13 2 0 0 1 2 101 
1712934934 65252 65252000 12 14 0 0 0 2 41 53 42 82 
1712934934 65252 65252007 12 14 1 0 0 1 60 123 
1712934934 65252 65252014 12 14 2 0 0 1 62 25 
1712934934 65286 65286014 11 12 2 0 0 2 43 18 44 99 
1712934934 65357 65357000 12 17 0 0 0 2 29 41 30 111 
1712934934 65357 65357007 12 17 1 0 0 2 38 8 39 107 
1712934934 65416 65416007 11 16 1 0 0 1 12 96 
1712934934 65416 65416014 11 16 2 0 0 1 50 93 
1712934934 65453 65453014 13 17 2 0 0 1 17 104 
1712934934 65593 65593000 13 13 0 0 0 1 6 107 
1712934934 65593 65593007 13 13 1 0 0 1 46 102 
1712934934 65593 65593014 13 13 2 0 0 2 16 19 17 75 
1712934934 65760 65760000 10 12 0 0 0 2 57 2 58 101 
1712934934 65760 65760007 10 12 1 0 0 1 5 81 
1712934934 65829 65829000 14 15 0 0 0 1 21 95 
1712934934 65829 65829007 14 15 1 0 0 1 29 101 
1712934934 65829 65829014 14 15 2 0 0 1 21 96 
1712934934 65866 65866000 11 16 0 0 0 3 20 43 21 73 33 56 
1712934934 65866 65866007 11 16 1 0 0 2 2 67 3 38 
1712934934 65901 65901007 11 15 1 0 0 1 12 102 
1712934934 65901 65901014 11 15 2 0 0 2 26 98 27 41 
1712934934 65950 65950000 10 16 0 0 0 1 32 141 
1712934934 65950 65950007 10 16 1 0 0 1 11 91 
1712934934 65950 65950014 10 16 2 0 0 1 45 97 
1712934934 65965 65965000 10 13 0 0 0 1 40 129 
1712934934 65965 65965007 10 13 1 0 0 2 10 71 11 49 
1712934934 66017 66017000 12 17 0 0 0 1 58 102 
1712934934 66017 66017007 12 17 1 0 0 1 13 85 
1712934934 66017 66017014 12 17 2 0 0 1 60 129 
1712934934 66121 66121000 11 13 0 0 0 1 1 91 
1712934934 66121 66121007 11 13 1 0 0 2 39 138 40 51 
1712934934 66121 66121014 11 13 2 0 0 2 31 38 32 132 
1712934934 66167 66167007 12 17 1 0 0 1 33 94 
1712934934 66167 66167014 12 17 2 0 0 1 56 86 
1712934934 66215 66215014 10 17 2 0 0 1 12 89 
1712934934 66421 66421000 11 13 0 0 0 1 48 122 
1712934934 66525 66525007 10 15 1 0 0 2 54 62 55 35 
1712934934 66525 66525014 10 15 2 0 0 1 0 97 
1712934934 66661 66661000 11 13 0 0 0 2 5 47 6 57 
1712934934 66661 66661007 11 13 1 0 0 1 19 83 
1712934934 66661 66661014 11 13 2 0 0 1 25 90 
1712934934 66969 66969014 14 15 2 0 0 1 11 89 
1712934934 67059 67059000 14 15 0 0 0 1 54 84 
1712934934 67059 67059007 14 15 1 0 0 1 29 92 
1712934934 67059 67059014 14 15 2 0 0 1 41 125 
1712934934 67130 67130014 10 14 2 0 0 1 2 90 
1712934934 67281 67281007 11 15 1 0 0 1 1 107 
1712934934 67505 67505014 10 17 2 0 0 2 0 57 1 64 
1712934934 67701 67701000 11 15 0 0 0 1 21 106 
1712934934 67701 67701007 11 15 1 0 0 2 49 45 50 57 
1712934934 67701 67701014 11 15 2 0 0 1 24 85 
1712934934 67713 67713007 13 15 1 0 0 1 16 82 
1712934934 67713 67713014 13 15 2 0 0 1 4 84 
1712934934 67959 67959000 14 15 0 0 0 1 63 52 
1712934934 68012 68012007 12 14 1 0 0 1 4 92 
1712934934 68012 68012014 12 14 2 0 0 1 4 112 
1712934934 68252 68252000 12 14 0 0 0 1 58 79 
1712934934 68252 68252007 12 14 1 0 0 1 27 80 
1712934934 68252 68252014 12 14 2 0 0 2 60 85 61 22 
1712934934 68377 68377007 12 13 1 0 0 3 17 18 18 133 35 30 
1712934934 68377 68377014 12 13 2 0 0 2 28 76 29 83 
1712934934 68429 68429000 14 17 0 0 0 1 26 90 
1712934934 68429 68429007 14 17 1 0 0 1 58 93 
1712934934 68429 68429014 14 17 2 0 0 1 28 157 
1712934934 68482 68482000 12 16 0 0 0 1 51 83 
1712934934 68482 68482007 12 16 1 0 0 1 45 79 
1712934934 68482 68482014 12 16 2 0 0 1 44 81 
1712934934 68495 68495000 10 17 0 0 0 1 26 107 
1712934934 68495 68495007 10 17 1 0 0 1 36 155 
1712934934 68495 68495014 10 17 2 0 0 1 21 80 
1712934934 68570 68570007 10 14 1 0 0 1 40 101 
1712934934 68570 68570014 10 14 2 0 0 2 39 76 40 38 
1712934934 68581 68581007 11 13 1 0 0 1 0 87 
1712934934 68581 68581014 11 13 2 0 0 1 49 93 
1712934934 68602 68602000 12 16 0 0 0 1 0 77 
1712934934 68874 68874007 14 12 1 0 0 2 3 127 4 19 
1712934934 68891 68891000 11 17 0 0 0 1 48 125 
1712934934 68958 68958014 13 12 2 0 0 1 14 100 
1712934934 69195 69195000 10 15 0 0 0 3 28 134 33 7 34 16 
1712934934 69195 69195007 10 15 1 0 0 3 37 86 51 91 52 10 
1712934934 69195 69195014 10 15 2 0 0 1 30 91 
1712934934 69317 69317000 12 17 0 0 0 1 61 106 
1712934934 69317 69317007 12 17 1 0 0 2 1 12 2 64 
1712934934 69477 69477014 12 15 2 0 0 1 6 104 
1712934934 69483 69483000 13 15 0 0 0 1 56 66 
1712934934 69714 69714000 14 12 0 0 0 1 44 75 
1712934934 69714 69714007 14 12 1 0 0 1 35 75 
1712934934 69714 69714014 14 12 2 0 0 1 47 76 
1712934934 69870 69870000 10 12 0 0 0 1 31 101 
1712934934 69870 69870007 10 12 1 0 0 1 48 85 
1712934934 69870 69870014 10 12 2 0 0 1 27 86 
1712934934 69905 69905007 10 17 1 0 0 2 51 85 52 62 
1712934934 69905 69905014 10 17 2 0 0 2 30 102 31 47 
1712934934 69910 69910014 10 16 2 0 0 2 56 28 57 79 
1712934934 70166 70166007 11 14 1 0 0 1 0 54 
1712934934 70222 70222000 12 16 0 0 0 1 43 103 
1712934934 70222 70222007 12 16 1 0 0 2 24 1 25 92 
1712934934 70222 70222014 12 16 2 0 0 1 56 110 
1712934934 70321 70321000 11 13 0 0 0 1 52 123 
1712934934 70360 70360000 10 16 0 0 0 1 9 86 
1712934934 70360 70360007 10 16 1 0 0 2 14 21 15 57 
1712934934 70360 70360014 10 16 2 0 0 1 18 89 
1712934934 70431 70431000 11 15 0 0 0 3 28 141 29 40 30 46 
1712934934 70431 70431007 11 15 1 0 0 1 18 107 
1712934934 70431 70431014 11 15 2 0 0 2 58 111 59 22 
1712934934 70518 70518000 13 12 0 0 0 2 59 27 60 89 
1712934934 70559 70559000 14 17 0 0 0 1 47 105 
1712934934 70559 70559007 14 17 1 0 0 1 45 92 
1712934934 70559 70559014 14 17 2 0 0 1 50 76 
1712934934 70583 70583007 13 17 1 0 0 1 63 105 
1712934934 70667 70667000 12 17 0 0 0 1 2 93 
1712934934 70667 70667007 12 17 1 0 0 2 45 89 46 20 
1712934934 70667 70667014 12 17 2 0 0 1 8 88 
1712934934 70813 70813014 13 13 2 0 0 1 27 109 
1712934934 70848 70848000 13 12 0 0 0 1 62 84 
1712934934 70909 70909014 14 13 2 0 0 1 31 11 
1712934934 70933 70933000 13 13 0 0 0 1 26 109 
1712934934 70933 70933007 13 13 1 0 0 2 31 78 32 39 
1712934934 70933 70933014 13 13 2 0 0 1 19 151 
1712934934 70957 70957000 12 13 0 0 0 1 48 88 
1712934934 70957 70957007 12 13 1 0 0 1 46 80 
1712934934 70957 70957014 12 13 2 0 0 1 49 84 
1712934934 71293 71293000 13 13 0 0 0 2 48 13 49 89 
1712934934 71362 71362000 12 16 0 0 0 1 33 79 
1712934934 71362 71362007 12 16 1 0 0 1 1 80 
1712934934 71421 71421014 11 15 2 0 0 1 5 89 
1712934934 71543 71543000 13 17 0 0 0 1 3 91 
1712934934 71543 71543007 13 17 1 0 0 2 24 48 25 64 
1712934934 71545 71545014 10 13 2 0 0 2 18 92 19 20 
1712934934 71634 71634000 14 12 0 0 0 1 63 98 
1712934934 71683 71683007 13 13 1 0 0 1 63 107 
1712934934 71704 71704014 14 16 2 0 0 1 58 101 
1712934934 71780 71780000 10 14 0 0 0 1 30 86 
1712934934 71780 71780007 10 14 1 0 0 1 60 91 
1712934934 71780 71780014 10 14 2 0 0 2 10 150 11 15 
1712934934 72021 72021007 11 15 1 0 0 2 60 106 61 73 
1712934934 72021 72021014 11 15 2 0 0 1 43 80 
1712934934 72035 72035000 10 17 0 0 0 1 40 114 
1712934934 72035 72035007 10 17 1 0 0 1 21 129 
1712934934 72035 72035014 10 17 2 0 0 2 13 78 14 15 
1712934934 72087 72087007 12 15 1 0 0 2 0 1 1 112 
1712934934 72087 72087014 12 15 2 0 0 2 59 5 60 153 
1712934934 72157 72157000 12 13 0 0 0 1 17 101 
1712934934 72157 72157007 12 13 1 0 0 1 15 103 
1712934934 72157 72157014 12 13 2 0 0 1 11 102 
1712934934 72273 72273000 13 15 0 0 0 1 40 89 
1712934934 72273 72273007 13 15 1 0 0 1 16 99 
1712934934 72273 72273014 13 15 2 0 0 2 10 76 11 15 
1712934934 72280 72280007 10 16 1 0 0 2 58 64 59 30 
1712934934 72280 72280014 10 16 2 0 0 1 58 107 
1712934934 72388 72388007 13 16 1 0 0 1 1 134 
1712934934 72388 72388014 13 16 2 0 0 2 43 21 44 156 
1712934934 72416 72416007 11 14 1 0 0 1 21 96 
1712934934 72416 72416014 11 14 2 0 0 2 23 84 24 24 
1712934934 72502 72502014 12 16 2 0 0 1 22 108 
1712934934 72513 72513000 13 15 0 0 0 1 34 113 
1712934934 72513 72513007 13 15 1 0 0 1 15 88 
1712934934 72513 72513014 13 15 2 0 0 1 40 94 
1712934934 72516 72516014 11 12 2 0 0 2 22 48 23 67 
1712934934 72611 72611000 11 17 0 0 0 1 23 126 
1712934934 72611 72611007 11 17 1 0 0 2 40 44 41 68 
1712934934 72644 72644014 14 14 2 0 0 1 0 144 
1712934934 72709 72709014 14 13 2 0 0 1 53 124 
1712934934 72753 72753007 13 15 1 0 0 1 62 100 
1712934934 72793 72793000 13 13 0 0 0 1 32 99 
1712934934 72793 72793007 13 13 1 0 0 1 3 83 
1712934934 72825 72825014 10 15 2 0 0 1 5 82 
1712934934 72843 72843014 13 15 2 0 0 1 47 87 
1712934934 73030 73030007 10 16 1 0 0 1 3 135 
1712934934 73063 73063014 13 13 2 0 0 1 57 57 
1712934934 73064 73064000 14 14 0 0 0 1 3 86 
1712934934 73064 73064007 14 14 1 0 0 1 39 80 
1712934934 73064 73064014 14 14 2 0 0 2 22 18 23 145 
1712934934 73152 73152014 12 12 2 0 0 2 32 113 33 24 
1712934934 73240 73240000 10 16 0 0 0 1 34 90 
1712934934 73240 73240007 10 16 1 0 0 1 56 99 
1712934934 73240 73240014 10 16 2 0 0 1 34 76 
1712934934 73339 73339007 14 13 1 0 0 1 47 103 
1712934934 73339 73339014 14 13 2 0 0 2 29 113 30 4 
1712934934 73490 73490000 10 14 0 0 0 1 29 121 
1712934934 73490 73490007 10 14 1 0 0 2 54 92 55 26 
1712934934 73531 73531007 11 13 1 0 0 2 10 42 11 81 
1712934934 73531 73531014 11 13 2 0 0 2 58 57 59 54 
1712934934 73544 73544014 14 14 2 0 0 1 20 85 
1712934934 73738 73738000 13 16 0 0 0 1 23 81 
1712934934 73738 73738007 13 16 1 0 0 1 50 83 
1712934934 73738 73738014 13 16 2 0 0 1 27 93 
1712934934 73822 73822000 12 16 0 0 0 1 51 116 
1712934934 73822 73822007 12 16 1 0 0 1 56 190 
1712934934 73836 73836007 11 12 1 0 0 2 50 125 51 23 
1712934934 73946 73946014 11 14 2 0 0 3 15 3 21 43 22 55 
1712934934 74163 74163000 13 15 0 0 0 1 32 144 
1712934934 74319 74319000 14 15 0 0 0 1 10 136 
1712934934 74319 74319007 14 15 1 0 0 2 60 74 61 34 
1712934934 74372 74372000 12 14 0 0 0 1 29 87 
1712934934 74372 74372007 12 14 1 0 0 1 19 89 
1712934934 74372 74372014 12 14 2 0 0 2 42 54 43 50 
1712934934 74423 74423000 13 17 0 0 0 1 57 76 
1712934934 74513 74513007 13 17 1 0 0 1 59 215 
1712934934 74513 74513014 13 17 2 0 0 1 31 92 
1712934934 74525 74525000 10 17 0 0 0 1 15 126 
1712934934 74617 74617000 12 13 0 0 0 1 43 98 
1712934934 74617 74617007 12 13 1 0 0 1 14 144 
1712934934 74617 74617014 12 13 2 0 0 1 29 80 
1712934934 74631 74631014 11 15 2 0 0 1 53 129 
1712934934 74840 74840000 10 14 0 0 0 1 48 85 
1712934934 74840 74840007 10 14 1 0 0 2 22 33 23 64 
1712934934 74840 74840014 10 14 2 0 0 1 37 111 
1712934934 74897 74897000 12 17 0 0 0 2 52 89 53 12 
1712934934 74897 74897007 12 17 1 0 0 1 40 90 
1712934934 74897 74897014 12 17 2 0 0 2 20 47 21 98 
1712934934 74937 74937014 12 15 2 0 0 2 2 76 3 14 
1712934934 74992 74992000 12 16 0 0 0 2 22 25 23 83 
1712934934 74992 74992007 12 16 1 0 0 1 59 298 
1712934934 75069 75069000 14 15 0 0 0 1 7 113 
1712934934 75069 75069007 14 15 1 0 0 2 37 44 38 48 
1712934934 75069 75069014 14 15 2 0 0 1 5 125 
1712934934 75219 75219000 14 15 0 0 0 1 17 80 
1712934934 75219 75219007 14 15 1 0 0 2 25 21 26 71 
1712934934 75219 75219014 14 15 2 0 0 1 17 85 
1712934934 75279 75279000 14 15 0 0 0 1 35 103 
1712934934 75279 75279007 14 15 1 0 0 1 20 129 
1712934934 75350 75350000 10 14 0 0 0 1 10 150 
1712934934 75350 75350007 10 14 1 0 0 1 60 98 
1712934934 75527 75527000 12 17 0 0 0 1 51 138 
1712934934 75527 75527007 12 17 1 0 0 2 45 70 46 63 
1712934934 75528 75528000 13 12 0 0 0 2 57 73 58 31 
1712934934 75528 75528007 13 12 1 0 0 1 7 105 
1712934934 75528 75528014 13 12 2 0 0 2 10 129 11 16 
1712934934 75564 75564000 14 12 0 0 0 2 20 2 21 81 
1712934934 75564 75564007 14 12 1 0 0 1 28 97 
1712934934 75564 75564014 14 12 2 0 0 2 1 48 2 51 
1712934934 75605 75605000 10 17 0 0 0 1 48 121 
1712934934 75605 75605007 10 17 1 0 0 1 37 104 
1712934934 75607 75607000 12 13 0 0 0 1 48 87 
1712934934 75607 75607007 12 13 1 0 0 1 4 121 
1712934934 75607 75607014 12 13 2 0 0 2 34 60 35 20 
1712934934 75643 75643000 13 13 0 0 0 1 40 114 
1712934934 75770 75770007 10 14 1 0 0 1 2 99 
1712934934 75770 75770014 10 14 2 0 0 2 5 73 6 22 
1712934934 75872 75872014 12 14 2 0 0 1 57 110 
1712934934 76068 76068000 13 12 0 0 0 2 17 8 18 100 
1712934934 76068 76068007 13 12 1 0 0 1 60 144 
1712934934 76432 76432007 12 16 1 0 0 1 21 99 
1712934934 76432 76432014 12 16 2 0 0 2 35 29 36 80 
1712934934 76638 76638000 13 12 0 0 0 2 0 103 1 1 
1712934934 76680 76680000 10 12 0 0 0 1 22 145 
1712934934 76680 76680007 10 12 1 0 0 2 49 40 50 81 
1712934934 76680 76680014 10 12 2 0 0 1 45 111 
1712934934 76800 76800014 10 12 2 0 0 2 60 120 61 1 
1712934934 76979 76979000 14 17 0 0 0 1 57 143 
1712934934 77003 77003014 13 17 2 0 0 1 8 122 
1712934934 77064 77064000 14 12 0 0 0 1 28 77 
1712934934 77064 77064007 14 12 1 0 0 1 56 88 
1712934934 77064 77064014 14 12 2 0 0 1 10 84 
1712934934 77191 77191000 11 13 0 0 0 1 29 105 
1712934934 77191 77191007 11 13 1 0 0 1 22 162 
1712934934 77191 77191014 11 13 2 0 0 1 5 142 
1712934934 77461 77461014 11 13 2 0 0 1 1 74 
1712934934 77487 77487000 12 15 0 0 0 2 60 24 61 99 
1712934934 77487 77487007 12 15 1 0 0 1 61 112 
1712934934 77487 77487014 12 15 2 0 0 1 51 77 
1712934934 77489 77489000 14 17 0 0 0 1 8 121 
1712934934 77489 77489007 14 17 1 0 0 1 37 76 
1712934934 77489 77489014 14 17 2 0 0 1 8 84 
1712934934 77610 77610014 10 12 2 0 0 2 3 108 4 24 
1712934934 77960 77960014 10 14 2 0 0 2 55 42 56 79 
1712934934 78008 78008000 13 14 0 0 0 2 9 2 10 123 
1712934934 78008 78008007 13 14 1 0 0 2 22 12 23 94 
1712934934 78008 78008014 13 14 2 0 0 2 49 81 50 17 
1712934934 78052 78052000 12 16 0 0 0 1 12 86 
1712934934 78052 78052007 12 16 1 0 0 1 57 127 
1712934934 78052 78052014 12 16 2 0 0 1 13 85 
1712934934 78107 78107000 12 17 0 0 0 2 46 35 47 54 
1712934934 78107 78107007 12 17 1 0 0 2 45 103 46 19 
1712934934 78107 78107014 12 17 2 0 0 1 25 101 
1712934934 78126 78126007 11 12 1 0 0 1 13 100 
1712934934 78126 78126014 11 12 2 0 0 1 34 85 
1712934934 78180 78180014 10 12 2 0 0 2 58 95 59 32 
1712934934 78181 78181000 11 13 0 0 0 1 62 111 
1712934934 78207 78207000 12 15 0 0 0 1 2 106 
1712934934 78207 78207007 12 15 1 0 0 1 28 103 
1712934934 78207 78207014 12 15 2 0 0 2 16 43 17 46 
1712934934 78466 78466014 11 16 2 0 0 2 57 76 58 16 
1712934934 78488 78488000 13 14 0 0 0 1 63 108 
1712934934 78501 78501007 11 15 1 0 0 2 5 68 14 97 
1712934934 78501 78501014 11 15 2 0 0 2 30 17 31 132 
1712934934 78593 78593000 13 17 0 0 0 1 57 88 
1712934934 78593 78593007 13 17 1 0 0 1 17 85 
1712934934 78593 78593014 13 17 2 0 0 1 51 90 
1712934934 78627 78627000 12 15 0 0 0 2 17 121 18 1 
1712934934 78627 78627007 12 15 1 0 0 1 10 114 
1712934934 78739 78739007 14 13 1 0 0 2 6 41 7 64 
1712934934 78739 78739014 14 13 2 0 0 1 44 117 
1712934934 78824 78824014 14 14 2 0 0 1 21 136 
1712934934 78843 78843014 13 15 2 0 0 1 59 90 
1712934934 78992 78992014 12 14 2 0 0 2 18 94 19 28 
1712934934 79203 79203007 13 15 1 0 0 2 61 112 62 77 
1712934934 79203 79203014 13 15 2 0 0 2 27 60 28 54 
1712934934 79241 79241007 11 17 1 0 0 1 2 133 
1712934934 79241 79241014 11 17 2 0 0 1 9 80 
1712934934 79278 79278007 13 12 1 0 0 1 45 114 
1712934934 79278 79278014 13 12 2 0 0 2 38 10 39 83 
1712934934 79394 79394000 14 14 0 0 0 1 40 89 
1712934934 79590 79590000 10 12 0 0 0 1 46 82 
1712934934 79590 79590007 10 12 1 0 0 2 51 14 52 65 
1712934934 79590 79590014 10 12 2 0 0 1 44 90 
1712934934 79633 79633014 13 13 2 0 0 2 60 128 61 1 
1712934934 79666 79666000 11 16 0 0 0 1 5 85 
1712934934 79666 79666007 11 16 1 0 0 1 37 72 
1712934934 79666 79666014 11 16 2 0 0 1 17 150 
1712934934 79775 79775000 10 17 0 0 0 1 37 95 
1712934934 79775 79775007 10 17 1 0 0 1 13 108 
1712934934 79775 79775014 10 17 2 0 0 2 24 95 44 7 
1712934934 79855 79855000 10 13 0 0 0 1 45 119 
1712934934 79855 79855007 10 13 1 0 0 1 28 95 
1712934934 79855 79855014 10 13 2 0 0 1 30 91 
1712934934 79946 79946000 11 14 0 0 0 2 21 83 50 113 
1712934934 79946 79946007 11 14 1 0 0 1 60 142 
1712934934 79966 79966000 11 16 0 0 0 1 38 102 
1712934934 79966 79966007 11 16 1 0 0 1 14 96 
1712934934 79966 79966014 11 16 2 0 0 1 45 84 
1712934934 79970 79970000 10 14 0 0 0 1 61 76 
1712934934 79970 79970007 10 14 1 0 0 1 46 94 
1712934934 79989 79989000 14 15 0 0 0 2 9 84 10 38 
1712934934 79989 79989007 14 15 1 0 0 1 4 87 
1712934934 79989 79989014 14 15 2 0 0 1 16 78 
1712934934 80043 80043007 13 15 1 0 0 1 29 94 
1712934934 80043 80043014 13 15 2 0 0 2 24 12 25 80 
1712934934 80224 80224000 14 16 0 0 0 1 3 82 
1712934934 80224 80224007 14 16 1 0 0 1 34 79 
1712934934 80350 80350000 10 16 0 0 0 1 8 97 
1712934934 80350 80350007 10 16 1 0 0 1 25 85 
1712934934 80350 80350014 10 16 2 0 0 1 19 86 
1712934934 80355 80355007 10 15 1 0 0 2 59 98 60 21 
1712934934 80355 80355014 10 15 2 0 0 2 26 44 27 54 
1712934934 80368 80368014 13 16 2 0 0 1 43 154 
1712934934 80422 80422014 12 16 2 0 0 2 41 20 42 81 
1712934934 80570 80570014 10 14 2 0 0 1 1 100 
1712934934 80670 80670000 10 12 0 0 0 1 31 103 
1712934934 80670 80670007 10 12 1 0 0 1 31 101 
1712934934 80670 80670014 10 12 2 0 0 1 28 82 
1712934934 80751 80751000 11 15 0 0 0 2 45 17 46 160 
1712934934 80751 80751007 11 15 1 0 0 1 10 96 
1712934934 80751 80751014 11 15 2 0 0 1 3 175 
1712934934 80773 80773000 13 13 0 0 0 1 0 81 
1712934934 80773 80773007 13 13 1 0 0 2 25 28 26 68 
1712934934 80773 80773014 13 13 2 0 0 1 0 81 
1712934934 80812 80812000 12 16 0 0 0 2 1 41 10 85 
1712934934 80812 80812007 12 16 1 0 0 1 32 115 
1712934934 80812 80812014 12 16 2 0 0 3 23 4 24 101 37 26 
1712934934 80964 80964007 14 12 1 0 0 1 29 9 
1712934934 80983 80983014 13 13 2 0 0 2 7 46 8 61 
1712934934 81112 81112000 12 16 0 0 0 1 12 142 
1712934934 81190 81190000 10 16 0 0 0 2 28 51 29 50 
1712934934 81206 81206000 11 14 0 0 0 2 0 19 1 126 
1712934934 81206 81206007 11 14 1 0 0 1 36 103 
1712934934 81206 81206014 11 14 2 0 0 1 5 95 
1712934934 81309 81309000 14 15 0 0 0 1 1 123 
1712934934 81310 81310014 10 16 2 0 0 2 58 57 59 58 
1712934934 81408 81408014 13 12 2 0 0 1 31 26 
1712934934 81732 81732014 12 12 2 0 0 1 12 103 
1712934934 81853 81853000 13 13 0 0 0 1 3 93 
1712934934 81853 81853007 13 13 1 0 0 2 14 50 15 91 
1712934934 81906 81906000 11 12 0 0 0 2 41 32 43 128 
1712934934 81906 81906007 11 12 1 0 0 1 48 109 
1712934934 81987 81987007 12 15 1 0 0 1 5 158 
1712934934 82008 82008000 13 12 0 0 0 2 53 36 54 210 
1712934934 82008 82008007 13 12 1 0 0 2 25 28 26 116 
1712934934 82008 82008014 13 12 2 0 0 2 56 48 57 114 
1712934934 82102 82102000 12 16 0 0 0 2 26 119 35 140 
1712934934 82102 82102007 12 16 1 0 0 1 54 108 
1712934934 82108 82108014 13 16 2 0 0 1 63 92 
1712934934 82127 82127000 12 17 0 0 0 1 20 87 
1712934934 82127 82127007 12 17 1 0 0 1 1 101 
1712934934 82127 82127014 12 17 2 0 0 1 20 80 
1712934934 82147 82147014 12 13 2 0 0 1 1 112 
1712934934 82255 82255000 10 13 0 0 0 1 7 112 
1712934934 82255 82255007 10 13 1 0 0 2 17 56 18 110 
1712934934 82255 82255014 10 13 2 0 0 1 19 87 
1712934934 82331 82331007 11 17 1 0 0 2 51 41 52 72 
1712934934 82331 82331014 11 17 2 0 0 2 37 2 38 180 
1712934934 82356 82356007 11 12 1 0 0 1 14 87 
1712934934 82356 82356014 11 12 2 0 0 2 33 84 34 27 
1712934934 82525 82525007 10 13 1 0 0 1 16 96 
1712934934 82525 82525014 10 13 2 0 0 2 48 21 49 59 
1712934934 82662 82662000 12 12 0 0 0 2 3 68 4 71 
1712934934 82707 82707000 12 15 0 0 0 1 61 154 
1712934934 82707 82707007 12 15 1 0 0 1 10 85 
1712934934 82707 82707014 12 15 2 0 0 1 58 88 
1712934934 82989 82989000 14 15 0 0 0 1 4 94 
1712934934 82989 82989007 14 15 1 0 0 1 57 92 
1712934934 82989 82989014 14 15 2 0 0 1 8 124 
1712934934 82998 82998000 13 12 0 0 0 1 40 84 
1712934934 82998 82998007 13 12 1 0 0 1 12 80 
1712934934 82998 82998014 13 12 2 0 0 1 40 90 
1712934934 83030 83030000 10 14 0 0 0 1 37 92 
1712934934 83030 83030007 10 14 1 0 0 1 33 136 
1712934934 83039 83039000 14 17 0 0 0 2 34 165 35 17 
1712934934 83039 83039007 14 17 1 0 0 1 17 77 
1712934934 83039 83039014 14 17 2 0 0 1 33 84 
1712934934 83082 83082000 12 12 0 0 0 1 17 86 
1712934934 83082 83082007 12 12 1 0 0 1 12 101 
1712934934 83082 83082014 12 12 2 0 0 2 11 6 12 110 
1712934934 83089 83089000 14 13 0 0 0 2 13 86 14 10 
1712934934 83143 83143014 13 13 2 0 0 2 21 1 22 114 
1712934934 83183 83183000 13 17 0 0 0 2 28 29 29 134 
1712934934 83254 83254014 14 16 2 0 0 2 19 10 20 90 
1712934934 83270 83270000 10 14 0 0 0 1 2 142 
1712934934 83270 83270007 10 14 1 0 0 2 1 13 2 86 
1712934934 83455 83455007 10 13 1 0 0 1 62 101 
1712934934 83478 83478000 13 12 0 0 0 2 42 52 43 36 
1712934934 83478 83478007 13 12 1 0 0 1 62 107 
1712934934 83550 83550000 10 12 0 0 0 1 3 82 
1712934934 83550 83550007 10 12 1 0 0 1 35 79 
1712934934 83550 83550014 10 12 2 0 0 1 12 93 
1712934934 83567 83567000 12 17 0 0 0 1 44 156 
1712934934 83567 83567007 12 17 1 0 0 1 40 88 
1712934934 83567 83567014 12 17 2 0 0 1 42 96 
1712934934 83680 83680000 10 16 0 0 0 1 20 114 
1712934934 83734 83734000 14 16 0 0 0 2 35 8 36 101 
1712934934 83734 83734007 14 16 1 0 0 1 3 172 
1712934934 83777 83777000 12 17 0 0 0 2 44 23 45 63 
1712934934 83777 83777007 12 17 1 0 0 1 26 108 
1712934934 83803 83803000 13 13 0 0 0 1 1 100 
1712934934 83890 83890000 10 16 0 0 0 1 28 111 
1712934934 83890 83890007 10 16 1 0 0 2 48 43 49 37 
1712934934 83890 83890014 10 16 2 0 0 1 10 104 
1712934934 83946 83946000 11 12 0 0 0 1 42 143 
1712934934 83946 83946007 11 12 1 0 0 1 11 83 
1712934934 83946 83946014 11 12 2 0 0 1 39 148 
1712934934 84021 84021000 11 15 0 0 0 1 9 142 
1712934934 84025 84025014 10 13 2 0 0 1 55 138 
1712934934 84067 84067007 12 13 1 0 0 2 57 64 58 44 
1712934934 84067 84067014 12 13 2 0 0 2 37 62 38 27 
1712934934 84163 84163007 13 13 1 0 0 1 22 100 
1712934934 84163 84163014 13 13 2 0 0 1 28 102 
1712934934 84194 84194007 14 14 1 0 0 1 0 219 
1712934934 84194 84194014 14 14 2 0 0 1 53 103 
1712934934 84209 84209007 14 17 1 0 0 1 34 144 
1712934934 84209 84209014 14 17 2 0 0 1 55 90 
1712934934 84509 84509007 14 17 1 0 0 2 7 84 8 17 
1712934934 84548 84548014 13 14 2 0 0 1 28 114 
1712934934 84601 84601000 11 13 0 0 0 1 13 79 
1712934934 84601 84601007 11 13 1 0 0 1 53 81 
1712934934 84601 84601014 11 13 2 0 0 1 16 106 
1712934934 84718 84718000 13 16 0 0 0 1 1 100 
1712934934 84718 84718007 13 16 1 0 0 2 48 47 49 69 
1712934934 84718 84718014 13 16 2 0 0 2 25 2 26 138 
1712934934 84913 84913000 13 13 0 0 0 1 49 88 
1712934934 84913 84913007 13 13 1 0 0 1 26 93 
1712934934 84913 84913014 13 13 2 0 0 1 61 86 
1712934934 84950 84950000 10 14 0 0 0 2 19 26 20 66 
1712934934 84950 84950007 10 14 1 0 0 2 10 16 11 85 
1712934934 85052 85052007 12 14 1 0 0 1 34 91 
1712934934 85052 85052014 12 14 2 0 0 1 24 89 
1712934934 85056 85056007 11 12 1 0 0 2 55 89 56 5 
1712934934 85056 85056014 11 12 2 0 0 1 0 183 
1712934934 85063 85063000 13 13 0 0 0 2 53 74 54 33 
1712934934 85095 85095000 10 15 0 0 0 3 23 97 24 40 36 15 
1712934934 85095 85095007 10 15 1 0 0 1 0 109 
1712934934 85235 85235007 10 17 1 0 0 1 19 92 
1712934934 85235 85235014 10 17 2 0 0 2 16 32 17 92 
1712934934 85255 85255000 10 13 0 0 0 1 61 110 
1712934934 85282 85282007 12 16 1 0 0 1 48 145 
1712934934 85282 85282014 12 16 2 0 0 1 21 96 
1712934934 85356 85356000 11 12 0 0 0 1 44 154 
1712934934 85356 85356007 11 12 1 0 0 2 45 32 46 56 
1712934934 85356 85356014 11 12 2 0 0 1 52 82 
1712934934 85493 85493007 13 17 1 0 0 1 3 109 
1712934934 85554 85554000 14 12 0 0 0 1 10 99 
1712934934 85554 85554007 14 12 1 0 0 1 0 41 
1712934934 85581 85581007 11 15 1 0 0 1 40 1 
1712934934 85581 85581014 11 15 2 0 0 2 34 64 35 78 
1712934934 85661 85661014 11 17 2 0 0 2 10 103 11 12 
1712934934 85667 85667000 12 17 0 0 0 1 54 30 
1712934934 85667 85667007 12 17 1 0 0 1 51 101 
1712934934 85667 85667014 12 17 2 0 0 1 48 94 
1712934934 85773 85773007 13 15 1 0 0 1 35 94 
1712934934 85773 85773014 13 15 2 0 0 1 48 94 
1712934934 85809 85809014 14 15 2 0 0 2 62 72 63 23 
1712934934 85817 85817000 12 17 0 0 0 1 61 114 
1712934934 86139 86139014 14 15 2 0 0 1 0 9 
1712934934 86150 86150014 10 14 2 0 0 2 4 63 5 56 
1712934934 86219 86219014 14 17 2 0 0 2 1 89 2 25 
1712934934 86244 86244007 14 12 1 0 0 1 21 10 
1712934934 86244 86244014 14 12 2 0 0 2 27 31 28 115 
1712934934 86343 86343007 13 15 1 0 0 1 52 47 
1712934934 86343 86343014 13 15 2 0 0 2 10 214 11 28 
1712934934 86384 86384000 14 14 0 0 0 2 15 35 16 85 
1712934934 86457 86457000 12 15 0 0 0 1 26 197 
1712934934 86457 86457007 12 15 1 0 0 2 40 30 41 78 
1712934934 86457 86457014 12 15 2 0 0 1 3 111 
1712934934 86514 86514007 14 12 1 0 0 1 52 33 
1712934934 86581 86581000 11 13 0 0 0 1 41 97 
1712934934 86581 86581007 11 13 1 0 0 1 23 99 
1712934934 86581 86581014 11 13 2 0 0 1 61 96 
1712934934 86699 86699007 14 17 1 0 0 2 1 71 2 15 
1712934934 86699 86699014 14 17 2 0 0 1 56 82 
1712934934 86758 86758007 13 16 1 0 0 1 1 101 
1712934934 86758 86758014 13 16 2 0 0 2 53 110 54 25 
1712934934 86894 86894000 14 14 0 0 0 2 20 20 21 73 
1712934934 86894 86894007 14 14 1 0 0 2 0 49 1 51 
1712934934 87157 87157007 12 13 1 0 0 1 12 106 
1712934934 87157 87157014 12 13 2 0 0 1 23 127 
1712934934 87177 87177000 12 15 0 0 0 3 2 91 12 46 13 43 
1712934934 87177 87177007 12 15 1 0 0 3 20 86 22 10 23 75 
1712934934 87177 87177014 12 15 2 0 0 2 29 34 30 68 
1712934934 87217 87217014 12 13 2 0 0 1 21 94 
1712934934 87504 87504000 14 12 0 0 0 1 52 102 
1712934934 87504 87504007 14 12 1 0 0 1 1 123 
1712934934 87504 87504014 14 12 2 0 0 1 50 1 
1712934934 87664 87664000 14 16 0 0 0 2 6 11 7 97 
1712934934 87706 87706000 11 16 0 0 0 1 43 114 
1712934934 88171 88171014 11 13 2 0 0 2 3 107 4 18 
1712934934 88206 88206000 11 12 0 0 0 2 48 108 49 8 
1712934934 88206 88206007 11 12 1 0 0 1 52 100 
1712934934 88206 88206014 11 12 2 0 0 2 22 95 23 25 
1712934934 88218 88218000 13 12 0 0 0 1 56 96 
1712934934 88259 88259014 14 17 2 0 0 2 22 15 23 118 
1712934934 88325 88325007 10 17 1 0 0 2 6 104 7 72 
1712934934 88325 88325014 10 17 2 0 0 2 59 140 60 33 
1712934934 88405 88405014 10 13 2 0 0 1 44 89 
1712934934 88527 88527000 12 15 0 0 0 1 15 142 
1712934934 88527 88527007 12 15 1 0 0 2 26 18 27 76 
1712934934 88527 88527014 12 15 2 0 0 1 45 96 
1712934934 88579 88579000 14 13 0 0 0 1 18 111 
1712934934 88579 88579007 14 13 1 0 0 1 25 87 
1712934934 88579 88579014 14 13 2 0 0 1 5 183 
1712934934 88593 88593000 13 15 0 0 0 2 21 47 22 32 
1712934934 88669 88669000 14 13 0 0 0 1 1 102 
1712934934 88820 88820007 10 14 1 0 0 1 3 9 
1712934934 88821 88821000 11 15 0 0 0 2 52 24 53 63 
1712934934 88825 88825000 10 13 0 0 0 1 29 111 
1712934934 88993 88993000 13 13 0 0 0 1 60 83 
1712934934 89139 89139000 14 15 0 0 0 2 29 24 39 92 
1712934934 89139 89139007 14 15 1 0 0 1 13 87 
1712934934 89166 89166014 11 12 2 0 0 2 17 126 18 77 
1712934934 89229 89229000 14 15 0 0 0 1 12 90 
1712934934 89229 89229007 14 15 1 0 0 3 16 82 17 76 25 74 
1712934934 89229 89229014 14 15 2 0 0 1 20 97 
1712934934 89269 89269000 14 13 0 0 0 1 4 98 
1712934934 89297 89297014 12 17 2 0 0 1 40 9 
1712934934 89331 89331007 11 15 1 0 0 2 23 3 24 111 
1712934934 89331 89331014 11 15 2 0 0 2 27 169 28 38 
1712934934 89333 89333000 13 17 0 0 0 1 43 92 
1712934934 89333 89333007 13 17 1 0 0 1 12 88 
1712934934 89333 89333014 13 17 2 0 0 2 19 103 20 24 
1712934934 89344 89344000 14 16 0 0 0 1 3 74 
1712934934 89344 89344007 14 16 1 0 0 1 41 86 
1712934934 89344 89344014 14 16 2 0 0 1 2 83 
1712934934 89432 89432014 12 14 2 0 0 2 8 83 9 5 
1712934934 89446 89446000 11 16 0 0 0 2 53 71 54 49 
1712934934 89446 89446007 11 16 1 0 0 1 49 109 
1712934934 89446 89446014 11 16 2 0 0 2 1 108 2 1 
1712934934 89452 89452000 12 16 0 0 0 1 59 97 
1712934934 89452 89452007 12 16 1 0 0 1 40 114 
1712934934 89452 89452014 12 16 2 0 0 1 60 115 
1712934934 89517 89517000 12 15 0 0 0 2 9 75 10 55 
1712934934 89517 89517007 12 15 1 0 0 1 48 111 
1712934934 89517 89517014 12 15 2 0 0 2 47 7 48 102 
1712934934 89595 89595007 10 15 1 0 0 1 13 85 
1712934934 89595 89595014 10 15 2 0 0 1 63 112 
1712934934 89632 89632007 12 16 1 0 0 2 5 92 6 35 
1712934934 89632 89632014 12 16 2 0 0 2 6 132 7 29 
1712934934 89711 89711014 11 17 2 0 0 1 63 122 
1712934934 90009 90009000 14 15 0 0 0 1 60 104 
1712934934 90009 90009007 14 15 1 0 0 2 48 45 49 56 
1712934934 90030 90030000 10 12 0 0 0 2 2 114 3 10 
1712934934 90030 90030007 10 12 1 0 0 2 32 19 33 102 
1712934934 90030 90030014 10 12 2 0 0 2 55 36 56 84 
1712934934 90130 90130007 10 16 1 0 0 1 12 92 
1712934934 90130 90130014 10 16 2 0 0 1 36 107 
1712934934 90180 90180000 10 12 0 0 0 2 3 24 4 84 
1712934934 90211 90211007 11 13 1 0 0 1 18 120 
1712934934 90211 90211014 11 13 2 0 0 1 2 128 
1712934934 90219 90219000 14 15 0 0 0 1 58 115 
1712934934 90342 90342000 12 12 0 0 0 2 60 16 61 86 
1712934934 90373 90373000 13 13 0 0 0 1 5 118 
1712934934 90373 90373007 13 13 1 0 0 2 62 84 63 13 
1712934934 90447 90447007 12 15 1 0 0 1 23 104 
1712934934 90447 90447014 12 15 2 0 0 2 38 76 39 24 
1712934934 90538 90538014 13 16 2 0 0 2 44 17 45 106 
1712934934 90578 90578007 13 14 1 0 0 1 13 112 
1712934934 90578 90578014 13 14 2 0 0 2 48 43 49 175 
1712934934 90628 90628007 13 16 1 0 0 1 54 89 
1712934934 90628 90628014 13 16 2 0 0 4 10 6 25 21 26 49 27 48 
1712934934 90724 90724000 14 16 0 0 0 1 63 11 
1712934934 90759 90759000 14 15 0 0 0 1 18 118 
1712934934 90759 90759007 14 15 1 0 0 1 39 116 
1712934934 90818 90818000 13 14 0 0 0 1 54 105 
1712934934 90818 90818007 13 14 1 0 0 1 26 122 
1712934934 90818 90818014 13 14 2 0 0 1 49 121 
1712934934 90824 90824000 14 14 0 0 0 1 19 121 
1712934934 90844 90844007 14 16 1 0 0 2 61 62 62 53 
1712934934 90844 90844014 14 16 2 0 0 1 50 180 
1712934934 90893 90893000 13 17 0 0 0 1 51 95 
1712934934 90893 90893007 13 17 1 0 0 2 38 55 39 71 
1712934934 90893 90893014 13 17 2 0 0 1 48 103 
1712934934 90969 90969000 14 15 0 0 0 1 28 116 
1712934934 90969 90969007 14 15 1 0 0 1 40 93 
1712934934 90969 90969014 14 15 2 0 0 1 53 122 
1712934934 91022 91022000 12 14 0 0 0 1 24 87 
1712934934 91022 91022007 12 14 1 0 0 4 38 15 39 85 54 79 55 41 
1712934934 91022 91022014 12 14 2 0 0 1 14 249 
1712934934 91042 91042000 12 16 0 0 0 1 30 109 
1712934934 91042 91042007 12 16 1 0 0 2 29 50 30 32 
1712934934 91042 91042014 12 16 2 0 0 1 17 97 
1712934934 91045 91045007 10 13 1 0 0 2 46 113 47 27 
1712934934 91045 91045014 10 13 2 0 0 2 49 96 50 76 
1712934934 91100 91100014 10 14 2 0 0 2 15 122 16 56 
1712934934 91120 91120014 10 16 2 0 0 2 21 73 22 33 
1712934934 91169 91169007 14 17 1 0 0 1 31 112 
1712934934 91169 91169014 14 17 2 0 0 2 25 139 26 85 
1712934934 91170 91170007 10 12 1 0 0 2 5 4 6 101 
1712934934 91170 91170014 10 12 2 0 0 1 57 159 
1712934934 91316 91316014 11 14 2 0 0 1 27 92 
1712934934 91324 91324000 14 16 0 0 0 1 45 138 
1712934934 91324 91324007 14 16 1 0 0 1 21 101 
1712934934 91324 91324014 14 16 2 0 0 1 45 92 
1712934934 91570 91570000 10 16 0 0 0 2 46 72 47 74 
1712934934 91613 91613000 13 17 0 0 0 1 55 88 
1712934934 91613 91613007 13 17 1 0 0 1 55 90 
1712934934 91664 91664000 14 14 0 0 0 1 32 124 
1712934934 91664 91664007 14 14 1 0 0 1 32 77 
1712934934 91664 91664014 14 14 2 0 0 2 29 92 30 35 
1712934934 91672 91672007 12 16 1 0 0 1 49 112 
1712934934 91672 91672014 12 16 2 0 0 1 46 112 
1712934934 91797 91797000 12 15 0 0 0 2 9 36 10 48 
1712934934 91797 91797007 12 15 1 0 0 1 11 112 
1712934934 92014 92014007 14 16 1 0 0 1 58 85 
1712934934 92014 92014014 14 16 2 0 0 2 21 71 22 20 
1712934934 92023 92023000 13 13 0 0 0 6 3 31 4 87 5 50 7 79 20 53 21 62 
1712934934 92023 92023007 13 13 1 0 0 2 23 26 24 132 
1712934934 92023 92023014 13 13 2 0 0 2 61 57 62 60 
1712934934 92092 92092014 12 16 2 0 0 1 41 92 
1712934934 92097 92097007 12 15 1 0 0 2 9 124 10 19 
1712934934 92097 92097014 12 15 2 0 0 1 48 93 
1712934934 92109 92109007 14 15 1 0 0 1 19 119 
1712934934 92109 92109014 14 15 2 0 0 1 40 99 
1712934934 92194 92194007 14 16 1 0 0 2 53 42 54 73 
1712934934 92194 92194014 14 16 2 0 0 2 53 26 54 151 
1712934934 92258 92258000 13 14 0 0 0 1 8 93 
1712934934 92345 92345014 10 17 2 0 0 1 60 109 
1712934934 92367 92367007 12 15 1 0 0 2 52 1 53 107 
1712934934 92367 92367014 12 15 2 0 0 1 48 114 
1712934934 92396 92396014 11 14 2 0 0 2 42 63 43 31 
1712934934 92472 92472014 12 12 2 0 0 2 55 65 56 45 
1712934934 92585 92585014 10 17 2 0 0 1 21 112 
1712934934 92721 92721000 11 15 0 0 0 2 18 10 19 92 
1712934934 92721 92721007 11 15 1 0 0 1 40 86 
1712934934 92762 92762014 12 14 2 0 0 4 41 30 42 118 61 42 62 91 
1712934934 92808 92808000 13 12 0 0 0 2 38 124 47 97 
1712934934 92808 92808007 13 12 1 0 0 2 24 3 29 106 
1712934934 92808 92808014 13 12 2 0 0 1 47 120 
1712934934 92934 92934000 14 12 0 0 0 1 1 214 
1712934934 92934 92934007 14 12 1 0 0 1 36 83 
1712934934 92934 92934014 14 12 2 0 0 1 13 77 
1712934934 92981 92981000 11 17 0 0 0 1 60 90 
1712934934 92993 92993007 13 17 1 0 0 2 45 32 46 63 
1712934934 92993 92993014 13 17 2 0 0 1 9 112 
1712934934 93009 93009000 14 15 0 0 0 1 54 99 
1712934934 93009 93009007 14 15 1 0 0 1 62 82 
1712934934 93132 93132014 12 12 2 0 0 1 5 86 
1712934934 93175 93175000 10 13 0 0 0 2 21 17 22 120 
1712934934 93175 93175007 10 13 1 0 0 2 12 26 13 97 
1712934934 93230 93230000 10 14 0 0 0 1 14 104 
1712934934 93230 93230007 10 14 1 0 0 1 24 91 
1712934934 93230 93230014 10 14 2 0 0 1 28 109 
1712934934 93234 93234000 14 12 0 0 0 2 37 58 38 97 
1712934934 93234 93234007 14 12 1 0 0 2 15 81 20 96 
1712934934 93234 93234014 14 12 2 0 0 1 26 83 
1712934934 93277 93277000 12 13 0 0 0 2 40 59 41 37 
1712934934 93277 93277007 12 13 1 0 0 1 43 92 
1712934934 93277 93277014 12 13 2 0 0 1 17 129 
1712934934 93309 93309014 14 15 2 0 0 1 44 130 
1712934934 93317 93317014 12 17 2 0 0 1 63 101 
1712934934 93332 93332000 12 14 0 0 0 2 12 1 13 152 
1712934934 93332 93332007 12 14 1 0 0 1 10 94 
1712934934 93354 93354007 14 12 1 0 0 2 15 35 16 76 
1712934934 93400 93400007 10 16 1 0 0 1 4 111 
1712934934 93400 93400014 10 16 2 0 0 1 63 53 
1712934934 93416 93416000 11 14 0 0 0 1 42 222 
1712934934 93416 93416007 11 14 1 0 0 2 9 71 10 69 
1712934934 93523 93523000 13 13 0 0 0 1 38 80 
1712934934 93523 93523007 13 13 1 0 0 1 55 120 
1712934934 93523 93523014 13 13 2 0 0 1 42 96 
1712934934 93529 93529000 14 13 0 0 0 2 53 87 54 39 
1712934934 93544 93544007 14 16 1 0 0 2 6 76 7 44 
1712934934 93802 93802000 12 16 0 0 0 1 58 75 
1712934934 93802 93802007 12 16 1 0 0 1 35 118 
1712934934 93927 93927000 12 15 0 0 0 2 25 58 26 43 
1712934934 93927 93927007 12 15 1 0 0 1 55 136 
1712934934 94214 94214000 14 14 0 0 0 1 31 144 
1712934934 94214 94214007 14 14 1 0 0 1 56 142 
1712934934 94353 94353014 13 15 2 0 0 1 31 113 
1712934934 94370 94370007 10 14 1 0 0 2 1 102 2 7 
1712934934 94484 94484014 14 14 2 0 0 1 3 94 
1712934934 94488 94488000 13 12 0 0 0 1 10 85 
1712934934 94488 94488007 13 12 1 0 0 1 31 80 
1712934934 94488 94488014 13 12 2 0 0 2 9 13 10 102 
1712934934 94755 94755007 10 15 1 0 0 1 59 99 
1712934934 94755 94755014 10 15 2 0 0 1 49 89 
1712934934 94931 94931000 11 17 0 0 0 1 56 103 
1712934934 94931 94931007 11 17 1 0 0 1 15 114 
1712934934 94938 94938000 13 12 0 0 0 2 38 118 39 18 
1712934934 94938 94938007 13 12 1 0 0 1 51 91 
1712934934 94938 94938014 13 12 2 0 0 2 4 70 5 44 
1712934934 94964 94964007 14 14 1 0 0 2 18 132 19 20 
1712934934 94964 94964014 14 14 2 0 0 1 32 175 
1712934934 94966 94966007 11 16 1 0 0 1 48 129 
1712934934 94966 94966014 11 16 2 0 0 2 25 31 26 150 
1712934934 95042 95042014 12 14 2 0 0 2 44 72 45 48 
1712934934 95077 95077014 12 13 2 0 0 1 27 153 
1712934934 95286 95286000 11 12 0 0 0 2 62 82 63 34 
1712934934 95286 95286007 11 12 1 0 0 1 58 97 
1712934934 95286 95286014 11 12 2 0 0 1 31 87 
1712934934 95313 95313000 13 15 0 0 0 2 0 84 1 23 
1712934934 95313 95313007 13 15 1 0 0 2 37 69 38 44 
1712934934 95313 95313014 13 15 2 0 0 2 48 65 49 48 
1712934934 95416 95416014 11 16 2 0 0 2 54 89 55 11 
1712934934 95431 95431014 11 13 2 0 0 2 7 60 8 71 
1712934934 95441 95441007 11 17 1 0 0 1 10 161 
1712934934 95441 95441014 11 17 2 0 0 1 33 103 
1712934934 95500 95500000 10 16 0 0 0 1 22 111 
1712934934 95500 95500007 10 16 1 0 0 2 26 8 27 118 
1712934934 95571 95571014 11 15 2 0 0 1 45 161 
1712934934 95601 95601000 11 15 0 0 0 1 27 142 
1712934934 95601 95601007 11 15 1 0 0 1 18 98 
1712934934 95601 95601014 11 15 2 0 0 2 31 12 32 71 
1712934934 95653 95653014 13 13 2 0 0 2 22 14 23 78 
1712934934 95661 95661007 11 15 1 0 0 1 28 123 
1712934934 95661 95661014 11 15 2 0 0 1 36 154 
1712934934 95838 95838000 13 12 0 0 0 1 28 154 
1712934934 95860 95860000 10 16 0 0 0 2 27 101 28 1 
1712934934 95860 95860007 10 16 1 0 0 1 30 91 
1712934934 95860 95860014 10 16 2 0 0 2 39 13 40 71 
1712934934 95866 95866000 11 16 0 0 0 3 4 39 12 28 13 74 
1712934934 95908 95908000 13 16 0 0 0 1 30 47 
1712934934 95908 95908007 13 16 1 0 0 1 50 89 
1712934934 95908 95908014 13 16 2 0 0 1 29 88 
1712934934 96026 96026007 11 14 1 0 0 3 6 95 7 8 59 72 
1712934934 96026 96026014 11 14 2 0 0 2 45 10 46 85 
1712934934 96252 96252014 12 12 2 0 0 1 40 154 
1712934934 96282 96282014 12 12 2 0 0 2 48 21 49 119 
1712934934 96286 96286014 11 16 2 0 0 2 16 14 17 135 
1712934934 96330 96330014 10 12 2 0 0 1 50 88 
1712934934 96466 96466000 11 16 0 0 0 1 28 113 
1712934934 96487 96487014 12 13 2 0 0 2 9 26 10 66 
1712934934 96566 96566014 11 14 2 0 0 2 18 65 19 88 
1712934934 96626 96626014 11 14 2 0 0 2 3 49 4 161 
1712934934 96786 96786000 11 12 0 0 0 2 54 25 55 6 
1712934934 96788 96788000 13 14 0 0 0 1 10 108 
1712934934 96788 96788007 13 14 1 0 0 2 18 148 19 6 
1712934934 96838 96838007 13 16 1 0 0 1 29 108 
1712934934 96838 96838014 13 16 2 0 0 2 44 14 45 86 
1712934934 96898 96898000 13 16 0 0 0 2 38 94 39 1 
1712934934 96898 96898007 13 16 1 0 0 2 58 34 59 63 
1712934934 97068 97068007 13 12 1 0 0 1 48 81 
1712934934 97068 97068014 13 12 2 0 0 1 52 133 
1712934934 97097 97097007 12 17 1 0 0 1 6 104 
1712934934 97097 97097014 12 17 2 0 0 2 27 76 28 28 
1712934934 97118 97118007 13 14 1 0 0 1 23 94 
1712934934 97118 97118014 13 14 2 0 0 1 40 90 
1712934934 97210 97210000 10 16 0 0 0 1 54 87 
1712934934 97210 97210007 10 16 1 0 0 1 44 80 
1712934934 97250 97250000 10 14 0 0 0 1 34 91 
1712934934 97250 97250007 10 14 1 0 0 1 40 104 
1712934934 97250 97250014 10 14 2 0 0 2 9 33 10 82 
1712934934 97298 97298000 13 14 0 0 0 1 16 91 
1712934934 97298 97298007 13 14 1 0 0 1 58 105 
1712934934 97298 97298014 13 14 2 0 0 2 31 48 32 79 
1712934934 97377 97377000 12 15 0 0 0 2 2 31 3 98 
1712934934 97408 97408014 13 16 2 0 0 1 19 111 
1712934934 97442 97442007 12 14 1 0 0 1 2 90 
1712934934 97442 97442014 12 14 2 0 0 1 54 100 
1712934934 97486 97486000 11 16 0 0 0 2 37 6 38 78 
1712934934 97486 97486007 11 16 1 0 0 1 48 94 
1712934934 97486 97486014 11 16 2 0 0 2 9 30 10 85 
1712934934 97541 97541000 11 17 0 0 0 1 52 89 
1712934934 97541 97541007 11 17 1 0 0 1 62 86 
1712934934 97543 97543000 13 13 0 0 0 1 12 108 
1712934934 97543 97543007 13 13 1 0 0 1 21 122 
1712934934 97646 97646007 11 14 1 0 0 1 42 161 
1712934934 97646 97646014 11 14 2 0 0 2 29 177 30 93 
1712934934 97842 97842000 12 12 0 0 0 1 52 97 
1712934934 97842 97842007 12 12 1 0 0 1 27 101 
1712934934 97842 97842014 12 12 2 0 0 2 19 1 20 102 
1712934934 97888 97888000 13 16 0 0 0 1 52 103 
1712934934 97888 97888007 13 16 1 0 0 4 28 70 29 37 39 83 40 19 
1712934934 97888 97888014 13 16 2 0 0 1 57 95 
1712934934 97930 97930000 10 16 0 0 0 2 60 87 61 22 
1712934934 97930 97930007 10 16 1 0 0 2 21 1 22 118 
1712934934 97930 97930014 10 16 2 0 0 2 7 28 8 98 
1712934934 97945 97945000 10 13 0 0 0 1 17 81 
1712934934 97945 97945007 10 13 1 0 0 2 35 7 36 98 
1712934934 97945 97945014 10 13 2 0 0 1 19 94 
1712934934 98026 98026007 11 16 1 0 0 1 15 110 
1712934934 98026 98026014 11 16 2 0 0 2 36 27 37 96 
1712934934 98071 98071000 11 13 0 0 0 1 26 104 
1712934934 98071 98071007 11 13 1 0 0 2 5 38 6 82 
1712934934 98182 98182014 12 16 2 0 0 1 26 101 
1712934934 98222 98222007 12 14 1 0 0 1 52 12 
1712934934 98350 98350007 10 16 1 0 0 2 53 2 54 136 
1712934934 98350 98350014 10 16 2 0 0 1 21 126 
1712934934 98400 98400000 10 12 0 0 0 2 44 17 45 84 
1712934934 98400 98400007 10 12 1 0 0 2 38 25 39 109 
1712934934 98400 98400014 10 12 2 0 0 1 2 130 
1712934934 98402 98402014 12 14 2 0 0 3 0 169 38 121 39 20 
1712934934 98405 98405014 10 17 2 0 0 1 62 145 
1712934934 98528 98528007 13 14 1 0 0 2 5 61 6 90 
1712934934 98791 98791014 11 13 2 0 0 1 39 119 
1712934934 98962 98962000 12 16 0 0 0 1 5 81 
1712934934 98962 98962007 12 16 1 0 0 1 12 93 
1712934934 98962 98962014 12 16 2 0 0 1 11 82 
1712934934 98976 98976007 11 12 1 0 0 1 37 117 
1712934934 98976 98976014 11 12 2 0 0 2 15 7 16 116 
1712934934 99005 99005014 10 17 2 0 0 2 3 91 4 49 
1712934934 99077 99077000 12 17 0 0 0 2 21 96 39 110 
1712934934 99077 99077007 12 17 1 0 0 1 32 142 
1712934934 99077 99077014 12 17 2 0 0 2 46 53 47 41 
1712934934 99152 99152014 12 14 2 0 0 1 13 95 
1712934934 99262 99262014 12 16 2 0 0 1 63 93 
1712934934 99315 99315000 10 15 0 0 0 1 47 114 
1712934934 99315 99315007 10 15 1 0 0 2 62 71 63 37 
1712934934 99376 99376000 11 16 0 0 0 1 17 83 
1712934934 99376 99376007 11 16 1 0 0 1 34 102 
1712934934 99447 99447000 12 15 0 0 0 2 62 1 63 77 
1712934934 99498 99498000 13 12 0 0 0 1 51 84 
1712934934 99498 99498007 13 12 1 0 0 1 38 112 
1712934934 99498 99498014 13 12 2 0 0 1 27 82 
1712934934 99511 99511000 11 13 0 0 0 1 59 100 
1712934934 99511 99511007 11 13 1 0 0 1 35 127 
1712934934 99511 99511014 11 13 2 0 0 1 44 82 
1712934934 99619 99619000 14 13 0 0 0 1 8 110 
1712934934 99619 99619007 14 13 1 0 0 2 12 31 13 80 
1712934934 99718 99718007 13 16 1 0 0 2 13 92 14 25 
1712934934 99718 99718014 13 16 2 0 0 1 47 113 
1712934934 99753 99753014 13 15 2 0 0 1 35 108 
1712934934 99773 99773000 13 17 0 0 0 1 58 109 
1712934934 99773 99773007 13 17 1 0 0 1 28 106 
1712934934 99773 99773014 13 17 2 0 0 1 25 116 
1712934934 99893 99893000 13 17 0 0 0 2 4 17 5 123 
1712934934 99893 99893007 13 17 1 0 0 1 16 106 
1712934934 99893 99893014 13 17 2 0 0 1 44 107 
1712934935 100030 30007 10 16 1 0 0 1 37 141 
1712934935 100030 30014 10 16 2 0 0 2 20 39 21 78 
1712934935 100135 135000 10 13 0 0 0 2 5 56 6 73 
1712934935 100135 135007 10 13 1 0 0 2 50 13 51 102 
1712934935 100135 135014 10 13 2 0 0 2 50 27 51 87 
1712934935 100225 225007 10 13 1 0 0 1 52 106 
1712934935 100225 225014 10 13 2 0 0 1 21 93 
1712934935 100285 285000 10 13 0 0 0 2 24 58 25 49 
1712934935 100285 285007 10 13 1 0 0 1 61 156 
1712934935 100285 285014 10 13 2 0 0 2 37 143 38 14 
1712934935 100357 357007 12 13 1 0 0 2 61 56 62 60 
1712934935 100401 401007 11 15 1 0 0 1 1 96 
1712934935 100401 401014 11 15 2 0 0 1 3 183 
1712934935 100637 637014 12 17 2 0 0 1 9 104 
1712934935 100660 660014 10 16 2 0 0 2 14 54 15 66 
1712934935 100746 746007 11 12 1 0 0 1 3 8 
1712934935 100992 992014 12 12 2 0 0 2 50 3 51 122 
1712934935 101001 1001000 11 15 0 0 0 1 18 115 
1712934935 101001 1001007 11 15 1 0 0 1 42 133 
1712934935 101001 1001014 11 15 2 0 0 1 16 95 
1712934935 101004 1004000 14 12 0 0 0 1 20 83 
1712934935 101004 1004007 14 12 1 0 0 1 39 113 
1712934935 101004 1004014 14 12 2 0 0 1 16 85 
1712934935 101017 1017000 12 13 0 0 0 1 43 86 
1712934935 101017 1017007 12 13 1 0 0 1 9 85 
1712934935 101017 1017014 12 13 2 0 0 1 23 106 
1712934935 101040 1040000 10 12 0 0 0 1 44 115 
1712934935 101040 1040007 10 12 1 0 0 2 49 19 50 80 
1712934935 101040 1040014 10 12 2 0 0 1 45 105 
1712934935 101141 1141000 11 17 0 0 0 1 38 90 
1712934935 101210 1210000 10 14 0 0 0 2 40 59 41 55 
1712934935 101210 1210007 10 14 1 0 0 2 1 61 2 60 
1712934935 101221 1221007 11 13 1 0 0 2 53 118 54 7 
1712934935 101221 1221014 11 13 2 0 0 1 38 112 
1712934935 101267 1267000 12 17 0 0 0 1 57 118 
1712934935 101267 1267007 12 17 1 0 0 1 53 124 
1712934935 101504 1504000 14 14 0 0 0 1 42 39 
1712934935 101594 1594007 14 14 1 0 0 1 55 130 
1712934935 101594 1594014 14 14 2 0 0 1 8 82 
1712934935 101648 1648000 13 14 0 0 0 2 14 83 15 21 
1712934935 101648 1648007 13 14 1 0 0 2 34 28 35 95 
1712934935 101648 1648014 13 14 2 0 0 1 31 94 
1712934935 101722 1722007 12 16 1 0 0 2 61 109 62 8 
1712934935 101722 1722014 12 16 2 0 0 1 33 89 
1712934935 101945 1945014 10 17 2 0 0 1 13 106 
1712934935 102022 2022000 12 16 0 0 0 1 4 97 
1712934935 102133 2133000 13 13 0 0 0 1 60 118 
1712934935 102133 2133007 13 13 1 0 0 2 30 29 31 101 
1712934935 102150 2150000 10 12 0 0 0 1 52 96 
1712934935 102150 2150007 10 12 1 0 0 2 43 76 44 15 
1712934935 102150 2150014 10 12 2 0 0 2 18 22 19 63 
1712934935 102271 2271000 11 13 0 0 0 1 26 104 
1712934935 102271 2271007 11 13 1 0 0 1 10 88 
1712934935 102274 2274014 14 16 2 0 0 2 45 30 46 99 
1712934935 102446 2446014 11 14 2 0 0 2 14 103 15 18 
1712934935 102526 2526014 11 16 2 0 0 1 16 38 
1712934935 102628 2628000 13 16 0 0 0 1 49 94 
1712934935 102628 2628007 13 16 1 0 0 1 19 80 
1712934935 102628 2628014 13 16 2 0 0 2 40 66 41 9 
1712934935 102684 2684000 14 12 0 0 0 1 54 92 
1712934935 102684 2684007 14 12 1 0 0 2 23 51 24 56 
1712934935 102684 2684014 14 12 2 0 0 1 37 103 
1712934935 102707 2707000 12 17 0 0 0 1 51 157 
1712934935 102734 2734000 14 14 0 0 0 1 12 87 
1712934935 102734 2734007 14 14 1 0 0 1 33 89 
1712934935 102734 2734014 14 14 2 0 0 1 18 95 
1712934935 102765 2765000 10 15 0 0 0 2 9 92 10 20 
1712934935 102820 2820014 10 16 2 0 0 2 30 85 31 39 
1712934935 102842 2842014 12 14 2 0 0 2 40 108 41 6 
1712934935 103132 3132007 12 16 1 0 0 1 20 100 
1712934935 103132 3132014 12 16 2 0 0 2 24 37 25 49 
1712934935 103156 3156000 11 16 0 0 0 1 44 96 
1712934935 103156 3156007 11 16 1 0 0 1 58 86 
1712934935 103156 3156014 11 16 2 0 0 1 36 94 
1712934935 103185 3185000 10 15 0 0 0 1 38 77 
1712934935 103185 3185007 10 15 1 0 0 1 55 78 
1712934935 103185 3185014 10 15 2 0 0 2 48 5 49 73 
1712934935 103318 3318000 13 16 0 0 0 1 6 85 
1712934935 103318 3318007 13 16 1 0 0 1 55 121 
1712934935 103318 3318014 13 16 2 0 0 1 15 99 
1712934935 103481 3481000 11 17 0 0 0 1 33 22 
1712934935 103535 3535014 10 17 2 0 0 3 7 47 8 21 9 87 
1712934935 103560 3560000 10 12 0 0 0 1 15 109 
1712934935 103560 3560007 10 12 1 0 0 2 45 11 46 100 
1712934935 103560 3560014 10 12 2 0 0 2 31 91 32 34 
1712934935 103597 3597000 12 13 0 0 0 1 32 167 
1712934935 103597 3597007 12 13 1 0 0 2 37 29 38 63 
1712934935 103597 3597014 12 13 2 0 0 1 25 77 
1712934935 103680 3680000 10 12 0 0 0 1 21 83 
1712934935 103680 3680007 10 12 1 0 0 1 58 74 
1712934935 103680 3680014 10 12 2 0 0 1 22 90 
1712934935 103853 3853007 13 17 1 0 0 1 38 73 
1712934935 103853 3853014 13 17 2 0 0 2 58 97 59 2 
1712934935 103938 3938000 13 12 0 0 0 1 11 90 
1712934935 103938 3938007 13 12 1 0 0 1 18 98 
1712934935 103938 3938014 13 12 2 0 0 2 38 1 39 116 
1712934935 103955 3955000 10 17 0 0 0 2 43 21 44 59 
1712934935 103955 3955007 10 17 1 0 0 1 44 95 
1712934935 103955 3955014 10 17 2 0 0 2 27 35 28 55 
1712934935 103988 3988007 13 14 1 0 0 1 3 88 
1712934935 103988 3988014 13 14 2 0 0 1 31 105 
1712934935 104060 4060007 10 14 1 0 0 2 3 45 4 59 
1712934935 104060 4060014 10 14 2 0 0 1 20 105 
1712934935 104076 4076007 11 12 1 0 0 2 57 2 58 102 
1712934935 104076 4076014 11 12 2 0 0 2 9 84 10 11 
1712934935 104211 4211000 11 15 0 0 0 2 17 47 18 54 
1712934935 104211 4211007 11 15 1 0 0 1 15 164 
1712934935 104320 4320000 10 16 0 0 0 1 24 102 
1712934935 104320 4320007 10 16 1 0 0 2 47 94 48 13 
1712934935 104375 4375000 10 17 0 0 0 2 61 54 62 46 
1712934935 104375 4375007 10 17 1 0 0 1 17 107 
1712934935 104375 4375014 10 17 2 0 0 1 27 100 
1712934935 104386 4386000 11 16 0 0 0 1 36 100 
1712934935 104386 4386007 11 16 1 0 0 3 1 96 2 81 56 147 
1712934935 104386 4386014 11 16 2 0 0 3 54 92 59 37 60 102 
1712934935 104469 4469000 14 15 0 0 0 2 5 46 6 167 
1712934935 104555 4555000 10 17 0 0 0 1 32 101 
1712934935 104555 4555007 10 17 1 0 0 1 47 78 
1712934935 104555 4555014 10 17 2 0 0 1 39 84 
1712934935 104598 4598007 13 12 1 0 0 1 53 141 
1712934935 104602 4602000 12 16 0 0 0 2 31 111 32 5 
1712934935 104602 4602007 12 16 1 0 0 1 43 134 
1712934935 104602 4602014 12 16 2 0 0 1 20 119 
1712934935 104626 4626014 11 16 2 0 0 1 1 141 
1712934935 104744 4744000 14 14 0 0 0 1 36 99 
1712934935 104816 4816000 11 14 0 0 0 2 53 21 54 97 
1712934935 104816 4816007 11 14 1 0 0 1 13 43 
1712934935 104874 4874000 14 12 0 0 0 2 41 39 42 43 
1712934935 104874 4874007 14 12 1 0 0 1 51 100 
1712934935 104874 4874014 14 12 2 0 0 1 52 84 
1712934935 105013 5013014 13 13 2 0 0 1 63 116 
1712934935 105046 5046000 11 16 0 0 0 2 30 71 31 60 
1712934935 105080 5080014 10 14 2 0 0 1 0 9 
1712934935 105109 5109000 14 13 0 0 0 2 44 11 54 94 
1712934935 105109 5109007 14 13 1 0 0 2 39 25 40 60 
1712934935 105109 5109014 14 13 2 0 0 1 30 134 
1712934935 105256 5256000 11 16 0 0 0 1 15 169 
1712934935 105256 5256007 11 16 1 0 0 2 37 87 38 20 
1712934935 105312 5312000 12 12 0 0 0 1 25 108 
1712934935 105312 5312007 12 12 1 0 0 1 48 89 
1712934935 105312 5312014 12 12 2 0 0 1 0 103 
1712934935 105325 5325014 10 13 2 0 0 1 41 77 
1712934935 105358 5358000 13 16 0 0 0 2 21 138 25 18 
1712934935 105358 5358007 13 16 1 0 0 2 43 38 44 122 
1712934935 105358 5358014 13 16 2 0 0 2 40 42 41 51 
1712934935 105407 5407000 12 17 0 0 0 1 42 105 
1712934935 105407 5407007 12 17 1 0 0 2 11 84 12 36 
1712934935 105465 5465014 10 15 2 0 0 1 52 136 
1712934935 105489 5489000 14 15 0 0 0 1 5 81 
1712934935 105574 5574000 14 16 0 0 0 2 17 34 18 59 
1712934935 105574 5574007 14 16 1 0 0 1 22 93 
1712934935 105574 5574014 14 16 2 0 0 1 49 116 
1712934935 105679 5679000 14 13 0 0 0 2 27 79 62 18 
1712934935 105679 5679007 14 13 1 0 0 1 0 87 
1712934935 105679 5679014 14 13 2 0 0 1 47 90 
1712934935 105766 5766000 11 16 0 0 0 2 34 7 35 91 
1712934935 105776 5776014 11 14 2 0 0 1 29 83 
1712934935 105876 5876000 11 12 0 0 0 1 11 83 
1712934935 105876 5876007 11 12 1 0 0 3 30 5 46 56 52 134 
1712934935 105876 5876014 11 12 2 0 0 1 8 187 
1712934935 105944 5944014 14 14 2 0 0 2 15 29 16 92 
1712934935 105972 5972014 12 12 2 0 0 2 57 83 58 17 
1712934935 106006 6006000 11 16 0 0 0 1 5 83 
1712934935 106006 6006007 11 16 1 0 0 1 8 88 
1712934935 106006 6006014 11 16 2 0 0 1 10 84 
1712934935 106014 6014007 14 12 1 0 0 3 0 68 1 55 21 92 
1712934935 106014 6014014 14 12 2 0 0 2 43 60 44 53 
1712934935 106079 6079014 14 17 2 0 0 1 12 115 
1712934935 106118 6118000 13 14 0 0 0 2 37 92 48 101 
1712934935 106118 6118007 13 14 1 0 0 1 34 118 
1712934935 106162 6162000 12 16 0 0 0 1 31 114 
1712934935 106162 6162007 12 16 1 0 0 2 15 43 16 117 
1712934935 106162 6162014 12 16 2 0 0 1 39 154 
1712934935 106223 6223000 13 17 0 0 0 1 63 116 
1712934935 106223 6223007 13 17 1 0 0 2 14 160 15 20 
1712934935 106324 6324000 14 16 0 0 0 1 12 85 
1712934935 106324 6324007 14 16 1 0 0 2 44 84 45 33 
1712934935 106324 6324014 14 16 2 0 0 1 16 106 
1712934935 106416 6416007 11 12 1 0 0 1 11 84 
1712934935 106416 6416014 11 12 2 0 0 1 48 95 
1712934935 106477 6477000 12 13 0 0 0 1 1 81 
1712934935 106518 6518014 13 12 2 0 0 2 56 100 57 13 
1712934935 106576 6576000 11 16 0 0 0 1 62 109 
1712934935 106743 6743000 13 15 0 0 0 1 0 46 
1712934935 106942 6942000 12 16 0 0 0 1 44 105 
1712934935 106942 6942007 12 16 1 0 0 1 34 124 
1712934935 106942 6942014 12 16 2 0 0 1 59 95 
1712934935 106999 6999014 14 13 2 0 0 1 13 24 
1712934935 107182 7182000 12 16 0 0 0 1 55 89 
1712934935 107182 7182007 12 16 1 0 0 1 25 90 
1712934935 107182 7182014 12 16 2 0 0 1 34 88 
1712934935 107254 7254000 14 16 0 0 0 1 63 77 
1712934935 107254 7254007 14 16 1 0 0 1 10 115 
1712934935 107254 7254014 14 16 2 0 0 1 58 131 
1712934935 107309 7309000 14 17 0 0 0 1 20 79 
1712934935 107309 7309007 14 17 1 0 0 1 47 79 
1712934935 107309 7309014 14 17 2 0 0 1 10 85 
1712934935 107381 7381014 11 17 2 0 0 1 39 105 
1712934935 107613 7613014 13 15 2 0 0 1 63 77 
1712934935 107624 7624000 14 14 0 0 0 1 38 80 
1712934935 107624 7624007 14 14 1 0 0 1 27 88 
1712934935 107624 7624014 14 14 2 0 0 1 50 83 
1712934935 107720 7720007 10 14 1 0 0 2 9 19 10 75 
1712934935 107720 7720014 10 14 2 0 0 1 17 88 
1712934935 107772 7772000 12 12 0 0 0 1 33 92 
1712934935 107772 7772007 12 12 1 0 0 1 16 82 
1712934935 107772 7772014 12 12 2 0 0 1 30 82 
1712934935 107804 7804000 14 14 0 0 0 2 55 36 56 59 
1712934935 107804 7804007 14 14 1 0 0 2 19 46 20 66 
1712934935 107804 7804014 14 14 2 0 0 2 20 74 21 20 
1712934935 107848 7848000 13 16 0 0 0 2 62 49 63 37 
1712934935 107996 7996000 11 14 0 0 0 1 44 75 
1712934935 107996 7996007 11 14 1 0 0 1 39 96 
1712934935 107996 7996014 11 14 2 0 0 1 47 85 
1712934935 108059 8059014 14 17 2 0 0 2 6 16 7 93 
1712934935 108208 8208000 13 16 0 0 0 2 11 4 12 87 
1712934935 108208 8208007 13 16 1 0 0 1 55 95 
1712934935 108208 8208014 13 16 2 0 0 1 38 95 
1712934935 108217 8217000 12 13 0 0 0 1 36 99 
1712934935 108217 8217007 12 13 1 0 0 1 27 96 
1712934935 108217 8217014 12 13 2 0 0 1 31 95 
1712934935 108272 8272000 12 14 0 0 0 1 4 101 
1712934935 108272 8272007 12 14 1 0 0 2 21 5 22 97 
1712934935 108272 8272014 12 14 2 0 0 1 17 108 
1712934935 108276 8276000 11 12 0 0 0 1 41 95 
1712934935 108276 8276007 11 12 1 0 0 1 59 97 
1712934935 108276 8276014 11 12 2 0 0 2 57 160 58 69 
1712934935 108330 8330007 10 12 1 0 0 2 3 67 4 46 
1712934935 108330 8330014 10 12 2 0 0 1 33 107 
1712934935 108384 8384000 14 12 0 0 0 1 51 91 
1712934935 108384 8384007 14 12 1 0 0 1 46 85 
1712934935 108384 8384014 14 12 2 0 0 2 34 1 35 108 
1712934935 108509 8509000 14 17 0 0 0 1 40 103 
1712934935 108509 8509007 14 17 1 0 0 1 2 119 
1712934935 108573 8573000 13 15 0 0 0 2 3 10 4 102 
1712934935 108573 8573007 13 15 1 0 0 1 55 115 
1712934935 108636 8636000 11 12 0 0 0 1 7 149 
1712934935 108703 8703000 13 13 0 0 0 1 49 77 
1712934935 108703 8703007 13 13 1 0 0 1 1 83 
1712934935 108712 8712007 12 16 1 0 0 1 53 92 
1712934935 108712 8712014 12 16 2 0 0 1 45 110 
1712934935 108721 8721000 11 13 0 0 0 2 19 93 36 17 
1712934935 108721 8721007 11 13 1 0 0 2 28 75 34 80 
1712934935 108721 8721014 11 13 2 0 0 2 0 67 1 13 
1712934935 108734 8734000 14 14 0 0 0 2 55 65 56 30 
1712934935 108734 8734007 14 14 1 0 0 2 30 78 31 24 
1712934935 108734 8734014 14 14 2 0 0 1 46 93 
1712934935 108940 8940007 10 16 1 0 0 2 22 72 23 51 
1712934935 108949 8949007 14 13 1 0 0 2 42 106 43 5 
1712934935 108949 8949014 14 13 2 0 0 1 33 100 
1712934935 109287 9287000 12 15 0 0 0 2 2 165 3 15 
1712934935 109360 9360007 10 16 1 0 0 2 47 17 48 111 
1712934935 109360 9360014 10 16 2 0 0 2 41 162 42 24 
1712934935 109581 9581000 11 15 0 0 0 2 61 87 62 9 
1712934935 109581 9581007 11 15 1 0 0 1 4 100 
1712934935 109581 9581014 11 15 2 0 0 1 39 87 
1712934935 109802 9802000 12 14 0 0 0 1 43 71 
1712934935 109802 9802007 12 14 1 0 0 3 43 26 52 44 53 38 
1712934935 109802 9802014 12 14 2 0 0 1 35 79 
1712934935 109836 9836007 11 12 1 0 0 2 32 29 33 72 
1712934935 109836 9836014 11 12 2 0 0 1 33 96 
1712934935 109875 9875014 10 15 2 0 0 1 35 106 
1712934935 109920 9920000 10 12 0 0 0 1 25 54 
1712934935 109920 9920007 10 12 1 0 0 2 8 24 9 73 
1712934935 109920 9920014 10 12 2 0 0 1 32 82 
1712934935 109973 9973000 13 17 0 0 0 2 51 73 52 39 
1712934935 110017 10017007 12 13 1 0 0 2 17 42 18 63 
1712934935 110240 10240007 10 14 1 0 0 2 48 50 49 145 
1712934935 110281 10281000 11 13 0 0 0 1 59 113 
1712934935 110375 10375007 10 17 1 0 0 2 37 12 38 34 
1712934935 110375 10375014 10 17 2 0 0 2 49 11 50 112 
1712934935 110402 10402000 12 14 0 0 0 1 16 88 
1712934935 110402 10402007 12 14 1 0 0 1 49 94 
1712934935 110402 10402014 12 14 2 0 0 1 25 89 
1712934935 110477 10477000 12 17 0 0 0 2 62 41 63 186 
1712934935 110546 10546014 11 14 2 0 0 1 27 7 
1712934935 110580 10580000 10 12 0 0 0 1 5 94 
1712934935 110580 10580007 10 12 1 0 0 1 36 51 
1712934935 110587 10587000 12 13 0 0 0 1 24 124 
1712934935 110587 10587007 12 13 1 0 0 1 26 86 
1712934935 110587 10587014 12 13 2 0 0 1 29 75 
1712934935 110642 10642000 12 14 0 0 0 1 38 94 
1712934935 110720 10720007 10 14 1 0 0 2 9 124 15 1 
1712934935 110723 10723014 13 17 2 0 0 1 60 139 
1712934935 110732 10732000 12 14 0 0 0 2 60 19 61 84 
1712934935 110735 10735000 10 17 0 0 0 1 34 101 
1712934935 110735 10735007 10 17 1 0 0 1 10 103 
1712934935 110737 10737000 12 13 0 0 0 1 55 129 
1712934935 110737 10737007 12 13 1 0 0 2 19 87 20 3 
1712934935 110816 10816007 11 14 1 0 0 1 40 113 
1712934935 110816 10816014 11 14 2 0 0 2 28 60 29 80 
1712934935 110843 10843014 13 17 2 0 0 2 7 48 8 43 
1712934935 110916 10916000 11 12 0 0 0 1 17 85 
1712934935 110916 10916007 11 12 1 0 0 1 41 102 
1712934935 110916 10916014 11 12 2 0 0 1 28 133 
1712934935 110937 10937000 12 15 0 0 0 1 8 126 
1712934935 110965 10965000 10 13 0 0 0 1 36 97 
1712934935 110981 10981014 11 17 2 0 0 2 15 51 16 49 
1712934935 111138 11138007 13 12 1 0 0 1 12 141 
1712934935 111138 11138014 13 12 2 0 0 1 13 87 
1712934935 111214 11214000 14 16 0 0 0 1 16 105 
1712934935 111214 11214007 14 16 1 0 0 1 53 89 
1712934935 111214 11214014 14 16 2 0 0 2 31 101 32 23 
1712934935 111307 11307007 12 13 1 0 0 2 24 73 25 7 
1712934935 111378 11378000 13 12 0 0 0 1 19 9 
1712934935 111398 11398000 13 14 0 0 0 1 15 112 
1712934935 111398 11398007 13 14 1 0 0 2 17 117 18 5 
1712934935 111458 11458014 13 14 2 0 0 2 48 25 49 96 
1712934935 111726 11726014 11 12 2 0 0 2 5 46 6 39 
1712934935 111769 11769007 14 13 1 0 0 1 30 102 
1712934935 111769 11769014 14 13 2 0 0 2 27 34 28 72 
1712934935 111983 11983000 13 17 0 0 0 1 14 89 
1712934935 112124 12124014 14 14 2 0 0 1 42 108 
1712934935 112262 12262014 12 14 2 0 0 2 32 19 33 61 
1712934935 112493 12493000 13 17 0 0 0 1 18 102 
1712934935 112543 12543014 13 13 2 0 0 2 42 36 43 67 
1712934935 112548 12548000 13 12 0 0 0 2 31 150 32 35 
1712934935 112603 12603007 13 13 1 0 0 1 55 129 
1712934935 112603 12603014 13 13 2 0 0 1 31 96 
1712934935 112626 12626007 11 12 1 0 0 2 49 40 50 56 
1712934935 112626 12626014 11 12 2 0 0 1 56 89 
1712934935 112719 12719007 14 15 1 0 0 1 22 34 
1712934935 113036 13036000 11 14 0 0 0 1 7 128 
1712934935 113036 13036007 11 14 1 0 0 1 15 120 
1712934935 113036 13036014 11 14 2 0 0 2 60 105 61 20 
1712934935 113070 13070007 10 12 1 0 0 1 57 112 
1712934935 113070 13070014 10 12 2 0 0 2 17 16 18 89 
1712934935 113130 13130007 10 12 1 0 0 1 57 123 
1712934935 113216 13216007 11 14 1 0 0 1 51 97 
1712934935 113216 13216014 11 14 2 0 0 1 28 100 
1712934935 113299 13299000 14 13 0 0 0 1 41 85 
1712934935 113299 13299007 14 13 1 0 0 1 2 100 
1712934935 113301 13301000 11 15 0 0 0 1 20 108 
1712934935 113301 13301007 11 15 1 0 0 2 40 48 41 54 
1712934935 113301 13301014 11 15 2 0 0 1 61 103 
1712934935 113371 13371000 11 13 0 0 0 2 44 101 45 11 
1712934935 113371 13371007 11 13 1 0 0 1 48 113 
1712934935 113371 13371014 11 13 2 0 0 2 6 66 7 57 
1712934935 113446 13446000 11 16 0 0 0 1 11 94 
1712934935 113446 13446007 11 16 1 0 0 1 45 80 
1712934935 113446 13446014 11 16 2 0 0 1 7 77 
1712934935 113483 13483000 13 17 0 0 0 1 54 93 
1712934935 113483 13483007 13 17 1 0 0 1 36 104 
1712934935 113483 13483014 13 17 2 0 0 1 61 95 
1712934935 113519 13519000 14 17 0 0 0 1 43 83 
1712934935 113519 13519007 14 17 1 0 0 1 15 93 
1712934935 113519 13519014 14 17 2 0 0 1 60 81 
1712934935 113558 13558007 13 14 1 0 0 2 0 5 1 72 
1712934935 113558 13558014 13 14 2 0 0 1 29 85 
1712934935 113597 13597000 12 17 0 0 0 1 48 79 
1712934935 113597 13597007 12 17 1 0 0 1 6 82 
1712934935 113597 13597014 12 17 2 0 0 2 46 84 47 31 
1712934935 113758 13758000 13 16 0 0 0 1 52 82 
1712934935 113758 13758007 13 16 1 0 0 1 18 108 
1712934935 113758 13758014 13 16 2 0 0 1 60 83 
1712934935 114132 14132014 12 12 2 0 0 1 30 122 
1712934935 114268 14268007 13 16 1 0 0 2 55 94 56 36 
1712934935 114452 14452000 12 14 0 0 0 1 22 85 
1712934935 114452 14452007 12 14 1 0 0 1 8 157 
1712934935 114452 14452014 12 14 2 0 0 1 20 74 
1712934935 114500 14500014 10 14 2 0 0 1 62 139 
1712934935 114502 14502014 12 16 2 0 0 2 13 64 14 52 
1712934935 114510 14510000 10 12 0 0 0 1 44 82 
1712934935 114510 14510007 10 12 1 0 0 1 59 77 
1712934935 114617 14617000 12 17 0 0 0 1 40 85 
1712934935 114617 14617007 12 17 1 0 0 1 1 103 
1712934935 114730 14730014 10 16 2 0 0 2 54 31 55 112 
1712934935 114865 14865014 10 13 2 0 0 1 63 80 
1712934935 114875 14875014 10 17 2 0 0 1 21 23 
1712934935 114919 14919000 14 13 0 0 0 1 9 125 
1712934935 114919 14919007 14 13 1 0 0 1 49 90 
1712934935 114919 14919014 14 13 2 0 0 2 11 19 12 64 
1712934935 115044 15044000 14 12 0 0 0 1 28 97 
1712934935 115044 15044007 14 12 1 0 0 1 45 134 
1712934935 115168 15168014 13 16 2 0 0 1 23 92 
1712934935 115234 15234000 14 16 0 0 0 1 57 83 
1712934935 115234 15234007 14 16 1 0 0 1 22 88 
1712934935 115234 15234014 14 16 2 0 0 1 47 93 
1712934935 115271 15271000 11 17 0 0 0 1 54 88 
1712934935 115400 15400007 10 14 1 0 0 2 28 103 29 27 
1712934935 115400 15400014 10 14 2 0 0 1 23 131 
1712934935 115480 15480000 10 16 0 0 0 2 61 13 62 100 
1712934935 115480 15480007 10 16 1 0 0 2 1 39 2 71 
1712934935 115541 15541000 11 17 0 0 0 2 23 79 24 11 
1712934935 115541 15541007 11 17 1 0 0 1 8 87 
1712934935 115541 15541014 11 17 2 0 0 1 15 84 
1712934935 115679 15679000 14 17 0 0 0 1 4 94 
1712934935 115679 15679007 14 17 1 0 0 2 38 64 39 26 
1712934935 115679 15679014 14 17 2 0 0 1 1 125 
1712934935 115759 15759014 14 13 2 0 0 1 25 153 
1712934935 115773 15773000 13 15 0 0 0 1 48 89 
1712934935 115773 15773007 13 15 1 0 0 1 14 79 
1712934935 115773 15773014 13 15 2 0 0 1 50 103 
1712934935 115877 15877014 12 17 2 0 0 2 17 56 18 71 
1712934935 115887 15887000 12 15 0 0 0 2 9 23 10 70 
1712934935 115998 15998000 13 12 0 0 0 1 54 149 
1712934935 115998 15998007 13 12 1 0 0 2 22 140 23 4 
1712934935 115998 15998014 13 12 2 0 0 1 43 106 
1712934935 116058 16058000 13 12 0 0 0 1 50 80 
1712934935 116058 16058007 13 12 1 0 0 1 35 80 
1712934935 116058 16058014 13 12 2 0 0 1 54 92 
1712934935 116144 16144007 14 14 1 0 0 1 51 118 
1712934935 116178 16178014 13 12 2 0 0 2 36 76 37 194 
1712934935 116191 16191000 11 13 0 0 0 1 3 101 
1712934935 116191 16191007 11 13 1 0 0 1 21 89 
1712934935 116191 16191014 11 13 2 0 0 2 27 8 28 139 
1712934935 116207 16207014 12 17 2 0 0 2 4 67 5 59 
1712934935 116385 16385000 10 15 0 0 0 1 13 101 
1712934935 116385 16385007 10 15 1 0 0 1 19 86 
1712934935 116385 16385014 10 15 2 0 0 1 28 109 
1712934935 116398 16398000 13 16 0 0 0 1 13 117 
1712934935 116398 16398007 13 16 1 0 0 1 33 108 
1712934935 116421 16421000 11 15 0 0 0 1 3 107 
1712934935 116476 16476000 11 16 0 0 0 1 24 106 
1712934935 116480 16480000 10 14 0 0 0 1 53 91 
1712934935 116480 16480007 10 14 1 0 0 2 59 48 60 38 
1712934935 116533 16533000 13 13 0 0 0 2 50 93 51 10 
1712934935 116544 16544000 14 12 0 0 0 1 48 5 
1712934935 116544 16544007 14 12 1 0 0 2 9 28 10 119 
1712934935 116544 16544014 14 12 2 0 0 2 32 44 33 66 
1712934935 116549 16549000 14 17 0 0 0 1 17 89 
1712934935 116549 16549007 14 17 1 0 0 2 59 12 60 79 
1712934935 116573 16573000 13 17 0 0 0 1 60 87 
1712934935 116751 16751000 11 15 0 0 0 1 37 126 
1712934935 116751 16751007 11 15 1 0 0 2 10 41 11 88 
1712934935 116791 16791000 11 13 0 0 0 1 40 89 
1712934935 116791 16791007 11 13 1 0 0 1 58 75 
1712934935 116791 16791014 11 13 2 0 0 1 53 92 
1712934935 116795 16795000 10 17 0 0 0 2 5 55 6 32 
1712934935 116795 16795007 10 17 1 0 0 1 61 122 
1712934935 116795 16795014 10 17 2 0 0 1 24 89 
1712934935 116799 16799000 14 15 0 0 0 2 43 14 44 74 
1712934935 116799 16799007 14 15 1 0 0 1 46 136 
1712934935 116826 16826000 11 12 0 0 0 1 57 104 
1712934935 116826 16826007 11 12 1 0 0 1 11 83 
1712934935 116826 16826014 11 12 2 0 0 2 45 29 61 79 
1712934935 116975 16975007 10 17 1 0 0 1 61 38 
1712934935 116975 16975014 10 17 2 0 0 1 54 123 
1712934935 117002 17002007 12 14 1 0 0 1 59 84 
1712934935 117002 17002014 12 14 2 0 0 1 31 164 
1712934935 117059 17059014 14 17 2 0 0 1 59 104 
1712934935 117067 17067000 12 13 0 0 0 2 29 28 30 57 
1712934935 117067 17067007 12 13 1 0 0 2 24 131 25 28 
1712934935 117067 17067014 12 13 2 0 0 1 42 73 
1712934935 117180 17180007 10 12 1 0 0 1 7 100 
1712934935 117215 17215000 10 17 0 0 0 1 19 102 
1712934935 117215 17215007 10 17 1 0 0 1 15 89 
1712934935 117454 17454000 14 16 0 0 0 2 23 49 24 47 
1712934935 117454 17454007 14 16 1 0 0 2 30 123 31 12 
1712934935 117507 17507007 12 15 1 0 0 1 18 77 
1712934935 117573 17573000 13 15 0 0 0 1 13 86 
1712934935 117573 17573007 13 15 1 0 0 1 12 88 
1712934935 117573 17573014 13 15 2 0 0 1 13 92 
1712934935 117661 17661000 11 13 0 0 0 2 48 4 49 80 
1712934935 117661 17661007 11 13 1 0 0 1 32 88 
1712934935 117661 17661014 11 13 2 0 0 2 28 4 29 83 
1712934935 117695 17695000 10 17 0 0 0 1 42 107 
1712934935 117695 17695007 10 17 1 0 0 3 40 97 43 29 44 100 
1712934935 117695 17695014 10 17 2 0 0 2 14 20 15 92 
1712934935 117706 17706014 11 16 2 0 0 1 2 130 
1712934935 117739 17739014 14 13 2 0 0 1 11 108 
1712934935 117894 17894000 14 12 0 0 0 1 52 106 
1712934935 117928 17928000 13 16 0 0 0 2 0 44 1 113 
1712934935 117931 17931000 11 13 0 0 0 1 7 143 
1712934935 117931 17931007 11 13 1 0 0 1 43 87 
1712934935 117931 17931014 11 13 2 0 0 1 8 84 
1712934935 117965 17965014 10 17 2 0 0 1 52 116 
1712934935 118060 18060014 10 16 2 0 0 2 18 41 19 86 
1712934935 118168 18168007 13 16 1 0 0 2 2 7 3 76 
1712934935 118168 18168014 13 16 2 0 0 1 59 93 
1712934935 118236 18236000 11 12 0 0 0 1 49 124 
1712934935 118236 18236007 11 12 1 0 0 2 31 128 32 36 
1712934935 118236 18236014 11 12 2 0 0 2 13 55 14 52 
1712934935 118432 18432000 12 16 0 0 0 2 31 53 32 44 
1712934935 118511 18511014 11 17 2 0 0 2 49 1 50 147 
1712934935 118613 18613000 13 17 0 0 0 1 26 112 
1712934935 118613 18613007 13 17 1 0 0 2 31 23 32 145 
1712934935 118654 18654000 14 16 0 0 0 1 16 144 
1712934935 118654 18654007 14 16 1 0 0 2 33 21 34 94 
1712934935 118654 18654014 14 16 2 0 0 1 12 85 
1712934935 118707 18707000 12 15 0 0 0 2 49 5 50 84 
1712934935 118707 18707007 12 15 1 0 0 1 35 95 
1712934935 118707 18707014 12 15 2 0 0 1 24 88 
1712934935 118725 18725000 10 15 0 0 0 2 25 111 30 2 
1712934935 118742 18742000 12 14 0 0 0 2 18 12 19 87 
1712934935 118742 18742007 12 14 1 0 0 2 35 83 36 25 
1712934935 118742 18742014 12 14 2 0 0 2 55 43 56 106 
1712934935 118850 18850014 10 14 2 0 0 1 19 111 
1712934935 118893 18893000 13 15 0 0 0 1 49 73 
1712934935 118893 18893007 13 15 1 0 0 1 25 121 
1712934935 118893 18893014 13 15 2 0 0 1 48 80 
1712934935 118900 18900000 10 16 0 0 0 2 53 26 54 80 
1712934935 118900 18900007 10 16 1 0 0 2 33 28 34 81 
1712934935 118900 18900014 10 16 2 0 0 2 8 27 9 99 
1712934935 119047 19047000 12 13 0 0 0 1 47 30 
1712934935 119124 19124000 14 12 0 0 0 1 53 101 
1712934935 119124 19124007 14 12 1 0 0 1 41 81 
1712934935 119143 19143000 13 13 0 0 0 1 54 100 
1712934935 119285 19285000 10 17 0 0 0 1 61 15 
1712934935 119285 19285007 10 17 1 0 0 2 46 48 47 74 
1712934935 119303 19303000 13 17 0 0 0 2 35 43 36 64 
1712934935 119303 19303007 13 17 1 0 0 1 19 84 
1712934935 119303 19303014 13 17 2 0 0 1 50 196 
1712934935 119364 19364014 14 12 2 0 0 1 3 99 
1712934935 119376 19376014 11 12 2 0 0 2 2 29 3 86 
1712934935 119403 19403000 13 15 0 0 0 1 5 76 
1712934935 119403 19403007 13 15 1 0 0 2 61 76 62 19 
1712934935 119507 19507000 12 17 0 0 0 1 32 97 
1712934935 119507 19507007 12 17 1 0 0 1 47 98 
1712934935 119520 19520000 10 12 0 0 0 1 58 114 
1712934935 119675 19675007 10 17 1 0 0 2 51 82 52 33 
1712934935 119677 19677014 12 13 2 0 0 1 15 98 
1712934935 119719 19719014 14 13 2 0 0 1 14 131 
1712934935 119785 19785007 10 13 1 0 0 2 39 94 40 25 
1712934935 120091 20091000 11 13 0 0 0 1 0 108 
1712934935 120140 20140014 10 14 2 0 0 1 16 9 
1712934935 120154 20154007 14 16 1 0 0 1 0 104 
1712934935 120154 20154014 14 16 2 0 0 1 38 104 
1712934935 120168 20168000 13 12 0 0 0 1 61 249 
1712934935 120169 20169007 14 13 1 0 0 1 38 90 
1712934935 120169 20169014 14 13 2 0 0 1 59 156 
1712934935 120178 20178000 13 16 0 0 0 1 38 189 
1712934935 120178 20178007 13 16 1 0 0 1 29 103 
1712934935 120178 20178014 13 16 2 0 0 1 56 97 
1712934935 120189 20189000 14 15 0 0 0 1 33 116 
1712934935 120189 20189007 14 15 1 0 0 2 21 31 22 63 
1712934935 120189 20189014 14 15 2 0 0 1 55 101 
1712934935 120198 20198000 13 12 0 0 0 1 56 83 
1712934935 120198 20198007 13 12 1 0 0 1 0 84 
1712934935 120317 20317007 12 17 1 0 0 2 49 99 50 32 
1712934935 120484 20484007 14 16 1 0 0 1 20 99 
1712934935 120484 20484014 14 16 2 0 0 2 39 64 40 54 
1712934935 120671 20671000 11 17 0 0 0 1 36 120 
1712934935 120671 20671007 11 17 1 0 0 1 49 73 
1712934935 120671 20671014 11 17 2 0 0 1 39 80 
1712934935 120749 20749014 14 17 2 0 0 1 4 96 
1712934935 120789 20789014 14 15 2 0 0 1 63 92 
1712934935 120847 20847000 12 13 0 0 0 2 13 37 14 125 
1712934935 120847 20847007 12 13 1 0 0 2 41 71 42 36 
1712934935 120847 20847014 12 13 2 0 0 2 33 75 34 26 
1712934935 120919 20919000 14 13 0 0 0 1 30 114 
1712934935 120919 20919007 14 13 1 0 0 1 22 111 
1712934935 120919 20919014 14 13 2 0 0 2 48 4 49 94 
1712934935 121000 21000014 10 16 2 0 0 1 7 97 
1712934935 121004 21004000 14 14 0 0 0 3 36 116 39 78 40 39 
1712934935 121004 21004007 14 14 1 0 0 1 8 82 
1712934935 121004 21004014 14 14 2 0 0 1 62 118 
1712934935 121083 21083000 13 15 0 0 0 1 54 113 
1712934935 121198 21198007 13 16 1 0 0 1 25 93 
1712934935 121198 21198014 13 16 2 0 0 1 57 80 
1712934935 121219 21219000 14 13 0 0 0 1 2 90 
1712934935 121264 21264000 14 16 0 0 0 2 32 135 33 17 
1712934935 121264 21264007 14 16 1 0 0 1 40 84 
1712934935 121264 21264014 14 16 2 0 0 1 22 89 
1712934935 121339 21339007 14 13 1 0 0 1 4 114 
1712934935 121339 21339014 14 13 2 0 0 2 44 85 45 27 
1712934935 121415 21415014 10 17 2 0 0 1 49 130 
1712934935 121462 21462014 12 16 2 0 0 1 25 104 
1712934935 121720 21720014 10 16 2 0 0 2 47 81 48 28 
1712934935 121736 21736014 11 14 2 0 0 1 15 89 
1712934935 121783 21783014 13 13 2 0 0 1 40 96 
1712934935 121856 21856000 11 14 0 0 0 1 40 82 
1712934935 121856 21856007 11 14 1 0 0 1 26 80 
1712934935 121856 21856014 11 14 2 0 0 1 19 167 
1712934935 121943 21943000 13 17 0 0 0 2 10 62 11 73 
1712934935 121993 21993000 13 13 0 0 0 2 56 60 57 84 
1712934935 122081 22081000 11 17 0 0 0 1 62 77 
1712934935 122138 22138007 13 14 1 0 0 2 5 27 6 57 
1712934935 122138 22138014 13 14 2 0 0 1 48 126 
1712934935 122150 22150000 10 14 0 0 0 1 49 81 
1712934935 122150 22150007 10 14 1 0 0 1 48 79 
1712934935 122150 22150014 10 14 2 0 0 1 48 123 
1712934935 122174 22174000 14 14 0 0 0 1 22 96 
1712934935 122174 22174007 14 14 1 0 0 1 51 93 
1712934935 122174 22174014 14 14 2 0 0 1 4 102 
1712934935 122188 22188000 13 16 0 0 0 2 16 15 17 181 
1712934935 122188 22188007 13 16 1 0 0 1 29 157 
1712934935 122188 22188014 13 16 2 0 0 1 43 121 
1712934935 122217 22217000 12 15 0 0 0 1 5 127 
1712934935 122265 22265000 10 15 0 0 0 1 30 107 
1712934935 122265 22265007 10 15 1 0 0 1 46 101 
1712934935 122377 22377007 12 13 1 0 0 2 26 97 27 22 
1712934935 122377 22377014 12 13 2 0 0 2 18 19 19 148 
1712934935 122506 22506000 11 16 0 0 0 1 21 91 
1712934935 122506 22506007 11 16 1 0 0 2 28 87 29 4 
1712934935 122506 22506014 11 16 2 0 0 1 10 94 
1712934935 122509 22509007 14 13 1 0 0 1 0 77 
1712934935 122509 22509014 14 13 2 0 0 2 26 26 27 97 
1712934935 122555 22555014 10 17 2 0 0 1 10 14 
1712934935 122650 22650000 10 16 0 0 0 1 11 101 
1712934935 122650 22650007 10 16 1 0 0 1 24 99 
1712934935 122650 22650014 10 16 2 0 0 2 49 12 50 121 
1712934935 122744 22744000 14 14 0 0 0 1 53 81 
1712934935 122744 22744007 14 14 1 0 0 1 30 105 
1712934935 122744 22744014 14 14 2 0 0 1 57 123 
1712934935 122886 22886014 11 12 2 0 0 1 9 104 
1712934935 123012 23012007 12 12 1 0 0 1 63 195 
1712934935 123094 23094014 14 16 2 0 0 1 57 120 
1712934935 123121 23121000 11 13 0 0 0 2 5 120 51 20 
1712934935 123121 23121007 11 13 1 0 0 2 48 51 49 52 
1712934935 123172 23172000 12 16 0 0 0 2 25 113 26 58 
1712934935 123187 23187000 12 13 0 0 0 1 42 103 
1712934935 123187 23187007 12 13 1 0 0 2 19 110 20 9 
1712934935 123205 23205007 10 13 1 0 0 2 54 62 55 83 
1712934935 123271 23271007 11 13 1 0 0 2 0 54 1 59 
1712934935 123280 23280000 10 16 0 0 0 1 8 114 
1712934935 123280 23280007 10 16 1 0 0 2 52 76 53 19 
1712934935 123319 23319007 14 13 1 0 0 1 62 83 
1712934935 123319 23319014 14 13 2 0 0 1 6 92 
1712934935 123391 23391000 11 13 0 0 0 1 52 96 
1712934935 123391 23391007 11 13 1 0 0 1 52 172 
1712934935 123398 23398007 13 14 1 0 0 2 60 55 61 86 
1712934935 123398 23398014 13 14 2 0 0 1 26 121 
1712934935 123530 23530000 10 14 0 0 0 1 55 113 
1712934935 123530 23530007 10 14 1 0 0 2 59 22 60 69 
1712934935 123564 23564000 14 12 0 0 0 1 23 108 
1712934935 123564 23564007 14 12 1 0 0 1 33 105 
1712934935 123564 23564014 14 12 2 0 0 2 61 157 62 24 
1712934935 123597 23597000 12 15 0 0 0 1 52 102 
1712934935 123648 23648014 13 12 2 0 0 1 48 86 
1712934935 123765 23765007 10 15 1 0 0 2 47 20 48 128 
1712934935 123765 23765014 10 15 2 0 0 2 29 30 30 95 
1712934935 123770 23770014 10 14 2 0 0 1 24 204 
1712934935 123806 23806000 11 14 0 0 0 2 49 20 50 79 
1712934935 123806 23806007 11 14 1 0 0 1 52 130 
1712934935 123806 23806014 11 14 2 0 0 2 54 22 55 52 
1712934935 123810 23810007 10 12 1 0 0 2 56 36 57 64 
1712934935 123810 23810014 10 12 2 0 0 1 56 104 
1712934935 123882 23882000 12 12 0 0 0 1 44 127 
1712934935 123882 23882007 12 12 1 0 0 2 48 85 49 4 
1712934935 123882 23882014 12 12 2 0 0 1 37 84 
1712934935 123902 23902014 12 14 2 0 0 1 28 118 
1712934935 123913 23913000 13 13 0 0 0 1 20 97 
1712934935 123913 23913007 13 13 1 0 0 1 15 141 
1712934935 123933 23933000 13 15 0 0 0 1 22 25 
1712934935 123950 23950000 10 14 0 0 0 1 32 99 
1712934935 123950 23950007 10 14 1 0 0 1 57 89 
1712934935 123950 23950014 10 14 2 0 0 2 29 47 30 53 
1712934935 124052 24052007 12 14 1 0 0 1 0 87 
1712934935 124052 24052014 12 14 2 0 0 1 55 95 
1712934935 124095 24095000 10 15 0 0 0 1 12 91 
1712934935 124095 24095007 10 15 1 0 0 1 61 93 
1712934935 124158 24158007 13 12 1 0 0 1 56 86 
1712934935 124158 24158014 13 12 2 0 0 2 1 39 2 47 
1712934935 124180 24180000 10 16 0 0 0 2 56 4 62 94 
1712934935 124180 24180007 10 16 1 0 0 1 4 89 
1712934935 124180 24180014 10 16 2 0 0 1 62 98 
1712934935 124346 24346014 11 14 2 0 0 2 18 20 19 114 
1712934935 124388 24388000 13 14 0 0 0 1 63 79 
1712934935 124436 24436000 11 14 0 0 0 1 39 74 
1712934935 124436 24436007 11 14 1 0 0 1 15 95 
1712934935 124436 24436014 11 14 2 0 0 1 37 74 
1712934935 124475 24475000 10 17 0 0 0 1 32 108 
1712934935 124546 24546000 11 16 0 0 0 1 44 120 
1712934935 124552 24552014 12 16 2 0 0 1 61 124 
1712934935 124594 24594014 14 16 2 0 0 1 38 114 
1712934935 124668 24668007 13 12 1 0 0 1 54 133 
1712934935 124710 24710000 10 12 0 0 0 4 31 90 32 45 44 22 45 87 
1712934935 124710 24710007 10 12 1 0 0 1 14 137 
1712934935 124710 24710014 10 12 2 0 0 1 43 78 
1712934935 124726 24726014 11 16 2 0 0 2 58 3 59 117 
1712934935 124734 24734000 14 12 0 0 0 1 25 81 
1712934935 124734 24734007 14 12 1 0 0 2 6 36 23 77 
1712934935 124734 24734014 14 12 2 0 0 2 22 42 23 35 
1712934935 124760 24760000 10 14 0 0 0 2 61 141 62 46 
1712934935 124760 24760007 10 14 1 0 0 1 25 102 
1712934935 124760 24760014 10 14 2 0 0 1 35 113 
1712934935 124763 24763000 13 17 0 0 0 1 60 77 
1712934935 124763 24763007 13 17 1 0 0 1 40 83 
1712934935 124763 24763014 13 17 2 0 0 1 52 84 
1712934935 124861 24861000 11 13 0 0 0 1 8 115 
1712934935 124919 24919000 14 17 0 0 0 1 54 118 
1712934935 124919 24919007 14 17 1 0 0 2 45 57 46 31 
1712934935 124919 24919014 14 17 2 0 0 1 44 96 
1712934935 124966 24966014 11 16 2 0 0 1 14 90 
1712934935 125145 25145000 10 15 0 0 0 1 24 109 
1712934935 125145 25145007 10 15 1 0 0 1 51 97 
1712934935 125145 25145014 10 15 2 0 0 2 1 85 2 12 
1712934935 125285 25285000 10 17 0 0 0 2 31 50 32 49 
1712934935 125285 25285007 10 17 1 0 0 2 27 92 28 10 
1712934935 125285 25285014 10 17 2 0 0 2 50 79 51 54 
1712934935 125411 25411000 11 17 0 0 0 1 14 151 
1712934935 125571 25571000 11 15 0 0 0 2 43 78 44 34 
1712934935 125571 25571007 11 15 1 0 0 2 41 16 42 119 
1712934935 125571 25571014 11 15 2 0 0 2 18 43 19 143 
1712934935 125602 25602000 12 16 0 0 0 1 34 109 
1712934935 125602 25602007 12 16 1 0 0 1 11 87 
1712934935 125602 25602014 12 16 2 0 0 2 11 18 12 88 
1712934935 125603 25603000 13 17 0 0 0 2 27 77 28 32 
1712934935 125603 25603007 13 17 1 0 0 2 55 69 56 30 
1712934935 125640 25640014 10 12 2 0 0 1 17 103 
1712934935 125658 25658000 13 12 0 0 0 1 0 80 
1712934935 125658 25658007 13 12 1 0 0 1 21 93 
1712934935 125658 25658014 13 12 2 0 0 1 19 87 
1712934935 125758 25758014 13 16 2 0 0 1 52 98 
1712934935 125778 25778014 13 12 2 0 0 2 29 30 30 108 
1712934935 125873 25873007 13 17 1 0 0 1 33 83 
1712934935 125873 25873014 13 17 2 0 0 1 48 85 
1712934935 125902 25902000 12 16 0 0 0 2 25 140 26 27 
1712934935 125902 25902007 12 16 1 0 0 1 5 108 
1712934935 125933 25933000 13 17 0 0 0 1 59 93 
1712934935 125933 25933007 13 17 1 0 0 1 46 92 
1712934935 125933 25933014 13 17 2 0 0 1 30 96 
1712934935 125993 25993000 13 17 0 0 0 2 17 108 18 18 
1712934935 126005 26005000 10 17 0 0 0 2 45 85 47 91 
1712934935 126005 26005007 10 17 1 0 0 1 36 76 
1712934935 126005 26005014 10 17 2 0 0 1 49 73 
1712934935 126111 26111000 11 15 0 0 0 2 47 137 48 4 
1712934935 126135 26135000 10 15 0 0 0 1 12 21 
1712934935 126135 26135007 10 15 1 0 0 1 12 93 
1712934935 126135 26135014 10 15 2 0 0 1 15 79 
1712934935 126136 26136000 11 16 0 0 0 1 54 93 
1712934935 126136 26136007 11 16 1 0 0 2 56 61 57 105 
1712934935 126157 26157000 12 13 0 0 0 1 9 148 
1712934935 126209 26209007 14 17 1 0 0 2 38 125 39 34 
1712934935 126209 26209014 14 17 2 0 0 3 21 3 23 72 24 38 
1712934935 126506 26506000 11 14 0 0 0 1 30 130 
1712934935 126506 26506007 11 14 1 0 0 1 28 125 
1712934935 126557 26557000 12 17 0 0 0 1 13 113 
1712934935 126617 26617000 12 17 0 0 0 1 49 78 
1712934935 126617 26617007 12 17 1 0 0 1 1 95 
1712934935 126666 26666007 11 12 1 0 0 1 3 111 
1712934935 126717 26717000 12 15 0 0 0 1 4 110 
1712934935 126717 26717007 12 15 1 0 0 1 19 109 
1712934935 126739 26739000 14 13 0 0 0 2 49 80 50 18 
1712934935 126739 26739007 14 13 1 0 0 1 40 126 
1712934935 126739 26739014 14 13 2 0 0 2 14 50 15 49 
1712934935 126800 26800000 10 14 0 0 0 2 54 41 55 60 
1712934935 126800 26800007 10 14 1 0 0 2 48 112 49 4 
1712934935 127057 27057007 12 13 1 0 0 2 59 18 60 96 
1712934935 127060 27060007 10 16 1 0 0 1 26 41 
1712934935 127092 27092007 12 12 1 0 0 1 23 172 
1712934935 127092 27092014 12 12 2 0 0 2 32 41 33 71 
1712934935 127241 27241000 11 17 0 0 0 1 18 122 
1712934935 127241 27241007 11 17 1 0 0 3 22 51 23 109 24 141 
1712934935 127241 27241014 11 17 2 0 0 2 43 1 44 94 
1712934935 127489 27489000 14 13 0 0 0 1 7 85 
1712934935 127489 27489007 14 13 1 0 0 1 20 114 
1712934935 127511 27511000 11 17 0 0 0 1 8 98 
1712934935 127511 27511007 11 17 1 0 0 3 28 139 51 30 52 44 
1712934935 127511 27511014 11 17 2 0 0 1 7 93 
1712934935 127563 27563000 13 15 0 0 0 2 19 32 20 137 
1712934935 127563 27563007 13 15 1 0 0 1 18 87 
1712934935 127563 27563014 13 15 2 0 0 1 33 80 
1712934935 127724 27724014 14 14 2 0 0 1 0 102 
1712934935 127854 27854014 14 12 2 0 0 1 7 120 
1712934935 128101 28101000 11 13 0 0 0 1 48 101 
1712934935 128101 28101007 11 13 1 0 0 2 29 45 30 89 
1712934935 128101 28101014 11 13 2 0 0 1 23 200 
1712934935 128104 28104000 14 16 0 0 0 2 38 100 39 11 
1712934935 128172 28172000 12 12 0 0 0 1 47 83 
1712934935 128172 28172007 12 12 1 0 0 3 48 95 58 5 59 5 
1712934935 128172 28172014 12 12 2 0 0 1 43 83 
1712934935 128192 28192000 12 14 0 0 0 1 36 93 
1712934935 128192 28192007 12 14 1 0 0 1 43 121 
1712934935 128192 28192014 12 14 2 0 0 1 17 92 
1712934935 128212 28212000 12 16 0 0 0 1 18 144 
1712934935 128212 28212007 12 16 1 0 0 1 56 80 
1712934935 128212 28212014 12 16 2 0 0 1 8 81 
1712934935 128271 28271007 11 15 1 0 0 1 15 22 
1712934935 128411 28411000 11 17 0 0 0 1 44 160 
1712934935 128411 28411007 11 17 1 0 0 1 7 110 
1712934935 128478 28478000 13 12 0 0 0 1 53 111 
1712934935 128478 28478007 13 12 1 0 0 1 46 83 
1712934935 128478 28478014 13 12 2 0 0 1 44 87 
1712934935 128516 28516000 11 14 0 0 0 1 3 88 
1712934935 128622 28622000 12 12 0 0 0 1 6 115 
1712934935 128622 28622007 12 12 1 0 0 1 44 129 
1712934935 128622 28622014 12 12 2 0 0 2 57 32 58 149 
1712934935 128650 28650000 10 16 0 0 0 1 27 78 
1712934935 128650 28650007 10 16 1 0 0 1 13 78 
1712934935 128650 28650014 10 16 2 0 0 1 17 76 
1712934935 128661 28661000 11 15 0 0 0 1 49 113 
1712934935 128661 28661007 11 15 1 0 0 1 17 90 
1712934935 128661 28661014 11 15 2 0 0 1 13 98 
1712934935 128853 28853000 13 15 0 0 0 2 52 41 53 78 
1712934935 128853 28853007 13 15 1 0 0 2 27 90 28 80 
1712934935 128853 28853014 13 15 2 0 0 2 25 67 26 49 
1712934935 128866 28866007 11 16 1 0 0 1 38 31 
1712934935 128866 28866014 11 16 2 0 0 2 23 67 24 60 
1712934935 128877 28877014 12 15 2 0 0 1 57 86 
1712934935 129179 29179000 14 17 0 0 0 1 33 10 
1712934935 129196 29196000 11 16 0 0 0 1 22 99 
1712934935 129196 29196007 11 16 1 0 0 1 19 92 
1712934935 129196 29196014 11 16 2 0 0 1 36 102 
1712934935 129218 29218000 13 14 0 0 0 2 62 19 63 198 
1712934935 129238 29238014 13 16 2 0 0 3 58 1 59 124 60 16 
1712934935 129290 29290000 10 14 0 0 0 2 9 60 10 34 
1712934935 129290 29290007 10 14 1 0 0 2 45 3 46 93 
1712934935 129308 29308014 13 14 2 0 0 1 43 49 
1712934935 129458 29458014 13 14 2 0 0 2 4 80 5 35 
1712934935 129581 29581014 11 17 2 0 0 2 21 44 22 64 
1712934935 129624 29624014 14 12 2 0 0 2 12 36 13 96 
1712934935 129728 29728000 13 14 0 0 0 1 5 81 
1712934935 129728 29728007 13 14 1 0 0 1 7 79 
1712934935 129728 29728014 13 14 2 0 0 1 1 89 
1712934935 129739 29739000 14 13 0 0 0 1 44 99 
1712934935 129739 29739007 14 13 1 0 0 1 39 100 
1712934935 129758 29758000 13 14 0 0 0 1 2 73 
1712934935 129758 29758007 13 14 1 0 0 1 20 72 
1712934935 129758 29758014 13 14 2 0 0 1 6 75 
1712934935 129808 29808000 13 16 0 0 0 1 4 81 
1712934935 129808 29808007 13 16 1 0 0 2 61 122 62 11 
1712934935 129914 29914000 14 14 0 0 0 1 47 94 
1712934935 129914 29914007 14 14 1 0 0 1 63 134 
1712934935 129922 29922007 12 16 1 0 0 1 5 88 
1712934935 129922 29922014 12 16 2 0 0 2 51 42 52 48 
1712934935 129944 29944000 14 14 0 0 0 1 28 111 
1712934935 129944 29944007 14 14 1 0 0 1 48 83 
1712934935 129944 29944014 14 14 2 0 0 2 29 34 30 67 
1712934935 129993 29993014 13 15 2 0 0 2 50 80 51 23 
1712934935 130005 30005000 10 15 0 0 0 1 57 105 
1712934935 130005 30005007 10 15 1 0 0 1 45 88 
1712934935 130005 30005014 10 15 2 0 0 2 39 75 40 12 
1712934935 130022 30022000 12 14 0 0 0 1 11 125 
1712934935 130022 30022007 12 14 1 0 0 1 14 95 
1712934935 130022 30022014 12 14 2 0 0 2 46 70 47 34 
1712934935 130080 30080000 10 12 0 0 0 2 29 32 39 154 
1712934935 130080 30080007 10 12 1 0 0 2 47 103 48 34 
1712934935 130138 30138000 13 16 0 0 0 1 21 77 
1712934935 130138 30138007 13 16 1 0 0 1 21 87 
1712934935 130138 30138014 13 16 2 0 0 2 7 27 8 56 
1712934935 130172 30172000 12 14 0 0 0 2 56 31 57 66 
1712934935 130286 30286000 11 14 0 0 0 1 23 91 
1712934935 130286 30286007 11 14 1 0 0 1 44 120 
1712934935 130286 30286014 11 14 2 0 0 1 37 95 
1712934935 130311 30311000 11 15 0 0 0 1 61 128 
1712934935 130341 30341014 11 15 2 0 0 1 43 87 
1712934935 130348 30348000 13 16 0 0 0 1 45 98 
1712934935 130348 30348007 13 16 1 0 0 1 0 115 
1712934935 130446 30446007 11 12 1 0 0 2 44 51 45 76 
1712934935 130446 30446014 11 12 2 0 0 2 35 27 36 88 
1712934935 130525 30525000 10 13 0 0 0 1 46 101 
1712934935 130525 30525007 10 13 1 0 0 1 18 161 
1712934935 130525 30525014 10 13 2 0 0 2 40 69 41 25 
1712934935 130625 30625014 10 17 2 0 0 2 47 72 48 38 
1712934935 130686 30686000 11 12 0 0 0 1 46 87 
1712934935 130686 30686007 11 12 1 0 0 2 23 22 24 84 
1712934935 130686 30686014 11 12 2 0 0 1 46 90 
1712934935 130834 30834014 14 16 2 0 0 1 13 146 
1712934935 130885 30885000 10 13 0 0 0 2 23 90 29 86 
1712934935 130885 30885007 10 13 1 0 0 1 28 94 
1712934935 130885 30885014 10 13 2 0 0 1 38 114 
1712934935 130890 30890000 10 12 0 0 0 1 48 154 
1712934935 130890 30890007 10 12 1 0 0 2 41 93 46 7 
1712934935 130890 30890014 10 12 2 0 0 1 63 198 
1712934935 130891 30891000 11 13 0 0 0 2 45 39 46 63 
1712934935 130891 30891007 11 13 1 0 0 2 33 34 34 83 
1712934935 130891 30891014 11 13 2 0 0 2 7 67 8 61 
1712934935 131066 31066014 11 14 2 0 0 2 57 58 58 69 
1712934935 131071 31071007 11 13 1 0 0 2 32 59 33 55 
1712934935 131071 31071014 11 13 2 0 0 2 29 8 30 92 
1712934935 131149 31149000 14 13 0 0 0 1 26 219 
1712934935 131149 31149007 14 13 1 0 0 1 27 87 
1712934935 131149 31149014 14 13 2 0 0 1 33 88 
1712934935 131160 31160000 10 12 0 0 0 1 8 118 
1712934935 131160 31160007 10 12 1 0 0 2 23 78 24 26 
1712934935 131160 31160014 10 12 2 0 0 1 38 116 
1712934935 131179 31179007 14 13 1 0 0 2 49 79 59 126 
1712934935 131179 31179014 14 13 2 0 0 3 28 26 29 81 33 2 
1712934935 131213 31213000 13 17 0 0 0 3 25 41 26 124 33 94 
1712934935 131213 31213007 13 17 1 0 0 1 36 145 
1712934935 131213 31213014 13 17 2 0 0 2 48 45 49 59 
1712934935 131215 31215000 10 13 0 0 0 2 2 76 3 37 
1712934935 131215 31215007 10 13 1 0 0 2 20 157 36 116 
1712934935 131215 31215014 10 13 2 0 0 2 38 42 39 61 
1712934935 131225 31225000 10 17 0 0 0 1 8 91 
1712934935 131225 31225007 10 17 1 0 0 1 34 112 
1712934935 131225 31225014 10 17 2 0 0 1 32 88 
1712934935 131265 31265000 10 15 0 0 0 2 4 33 5 91 
1712934935 131531 31531000 11 17 0 0 0 2 25 36 26 73 
1712934935 131531 31531007 11 17 1 0 0 2 54 96 55 127 
1712934935 131534 31534000 14 14 0 0 0 2 39 16 40 78 
1712934935 131534 31534007 14 14 1 0 0 1 45 89 
1712934935 131535 31535000 10 15 0 0 0 1 12 161 
1712934935 131535 31535007 10 15 1 0 0 1 12 110 
1712934935 131535 31535014 10 15 2 0 0 1 5 106 
1712934935 131652 31652007 12 12 1 0 0 1 1 115 
1712934935 131652 31652014 12 12 2 0 0 2 35 113 36 162 
1712934935 131657 31657007 12 17 1 0 0 1 61 116 
1712934935 131657 31657014 12 17 2 0 0 1 34 107 
1712934935 131658 31658014 13 12 2 0 0 1 55 104 
1712934935 131672 31672000 12 14 0 0 0 2 36 115 37 1 
1712934935 131687 31687000 12 17 0 0 0 1 1 134 
1712934935 131693 31693000 13 17 0 0 0 2 11 22 12 79 
1712934935 131693 31693007 13 17 1 0 0 1 20 94 
1712934935 131693 31693014 13 17 2 0 0 1 36 85 
1712934935 131716 31716007 11 16 1 0 0 2 3 62 4 51 
1712934935 131716 31716014 11 16 2 0 0 1 39 103 
1712934935 131752 31752000 12 16 0 0 0 1 59 87 
1712934935 131807 31807007 12 17 1 0 0 1 27 92 
1712934935 131807 31807014 12 17 2 0 0 1 14 90 
1712934935 131863 31863014 13 13 2 0 0 1 13 110 
1712934935 131906 31906000 11 14 0 0 0 2 30 90 31 16 
1712934935 131906 31906007 11 14 1 0 0 2 34 22 35 85 
1712934935 131932 31932014 12 16 2 0 0 1 0 80 
1712934935 131971 31971000 11 13 0 0 0 1 22 112 
1712934935 131971 31971007 11 13 1 0 0 2 48 13 49 88 
1712934935 131971 31971014 11 13 2 0 0 1 29 105 
1712934935 132222 32222000 12 12 0 0 0 2 22 109 23 20 
1712934935 132222 32222007 12 12 1 0 0 2 8 167 9 17 
1712934935 132244 32244000 14 16 0 0 0 1 23 146 
1712934935 132244 32244007 14 16 1 0 0 2 62 4 63 98 
1712934935 132272 32272000 12 14 0 0 0 1 3 80 
1712934935 132272 32272007 12 14 1 0 0 1 22 122 
1712934935 132272 32272014 12 14 2 0 0 1 17 84 
1712934935 132277 32277000 12 13 0 0 0 2 22 46 23 50 
1712934935 132277 32277007 12 13 1 0 0 2 35 62 36 36 
1712934935 132361 32361000 11 13 0 0 0 2 7 40 8 51 
1712934935 132361 32361007 11 13 1 0 0 1 9 84 
1712934935 132361 32361014 11 13 2 0 0 1 24 83 
1712934935 132460 32460000 10 16 0 0 0 1 43 181 
1712934935 132460 32460007 10 16 1 0 0 2 28 27 29 65 
1712934935 132460 32460014 10 16 2 0 0 2 61 132 62 59 
1712934935 132493 32493000 13 13 0 0 0 1 47 113 
1712934935 132514 32514000 14 16 0 0 0 1 0 95 
1712934935 132525 32525014 10 15 2 0 0 1 21 105 
1712934935 132601 32601000 11 13 0 0 0 1 47 103 
1712934935 132601 32601007 11 13 1 0 0 1 22 109 
1712934935 132601 32601014 11 13 2 0 0 2 17 9 18 118 
1712934935 133069 33069000 14 13 0 0 0 1 29 95 
1712934935 133069 33069007 14 13 1 0 0 1 23 85 
1712934935 133069 33069014 14 13 2 0 0 1 29 121 
1712934935 133130 33130014 10 14 2 0 0 2 54 7 55 90 
1712934935 133165 33165000 10 13 0 0 0 1 39 110 
1712934935 133165 33165007 10 13 1 0 0 1 47 113 
1712934935 133165 33165014 10 13 2 0 0 2 5 4 6 91 
1712934935 133208 33208014 13 14 2 0 0 2 58 91 59 7 
1712934935 133259 33259007 14 17 1 0 0 1 57 102 
1712934935 133259 33259014 14 17 2 0 0 1 42 123 
1712934935 133377 33377000 12 15 0 0 0 1 22 99 
1712934935 133377 33377007 12 15 1 0 0 1 35 79 
1712934935 133377 33377014 12 15 2 0 0 1 24 85 
1712934935 133426 33426000 11 16 0 0 0 1 24 91 
1712934935 133426 33426007 11 16 1 0 0 2 22 140 23 23 
1712934935 133426 33426014 11 16 2 0 0 1 57 184 
1712934935 133520 33520000 10 14 0 0 0 2 30 21 31 70 
1712934935 133520 33520007 10 14 1 0 0 1 62 114 
1712934935 133537 33537014 12 13 2 0 0 1 2 104 
1712934935 133548 33548000 13 12 0 0 0 1 37 85 
1712934935 133548 33548007 13 12 1 0 0 2 49 61 50 13 
1712934935 133548 33548014 13 12 2 0 0 1 40 117 
1712934935 133626 33626014 11 12 2 0 0 1 11 227 
1712934935 133711 33711007 11 13 1 0 0 1 55 83 
1712934935 133712 33712014 12 14 2 0 0 1 37 90 
1712934935 133933 33933000 13 13 0 0 0 2 36 53 37 54 
1712934935 133933 33933007 13 13 1 0 0 2 15 83 16 41 
1712934935 133933 33933014 13 13 2 0 0 1 3 119 
1712934935 133950 33950007 10 12 1 0 0 3 3 81 4 35 13 17 
1712934935 133950 33950014 10 12 2 0 0 1 1 127 
1712934935 133959 33959000 14 15 0 0 0 1 58 94 
1712934935 134021 34021000 11 17 0 0 0 1 60 88 
1712934935 134023 34023014 13 13 2 0 0 1 3 81 
1712934935 134070 34070000 10 12 0 0 0 1 55 80 
1712934935 134070 34070007 10 12 1 0 0 1 59 95 
1712934935 134159 34159000 14 17 0 0 0 1 41 108 
1712934935 134161 34161000 11 13 0 0 0 1 5 105 
1712934935 134240 34240014 10 14 2 0 0 2 60 51 61 69 
1712934935 134327 34327000 12 17 0 0 0 1 16 133 
1712934935 134327 34327007 12 17 1 0 0 2 18 70 19 14 
1712934935 134327 34327014 12 17 2 0 0 1 10 81 
1712934935 134416 34416014 11 16 2 0 0 2 6 88 7 37 
1712934935 134538 34538014 13 12 2 0 0 1 49 85 
1712934935 134588 34588007 13 14 1 0 0 1 51 97 
1712934935 134588 34588014 13 14 2 0 0 1 58 90 
1712934935 134605 34605000 10 13 0 0 0 1 24 85 
1712934935 134605 34605007 10 13 1 0 0 2 27 51 28 40 
1712934935 134605 34605014 10 13 2 0 0 1 23 93 
1712934935 134629 34629000 14 13 0 0 0 2 23 63 24 18 
1712934935 134629 34629007 14 13 1 0 0 1 6 92 
1712934935 134770 34770000 10 16 0 0 0 1 20 92 
1712934935 134770 34770007 10 16 1 0 0 1 60 82 
1712934935 134776 34776007 11 16 1 0 0 1 2 120 
1712934935 134776 34776014 11 16 2 0 0 1 58 110 
1712934935 134972 34972000 12 14 0 0 0 1 54 102 
1712934935 134972 34972007 12 14 1 0 0 1 2 84 
1712934935 134972 34972014 12 14 2 0 0 2 37 19 38 57 
1712934935 135018 35018007 13 12 1 0 0 1 5 152 
1712934935 135018 35018014 13 12 2 0 0 3 22 91 23 235 24 180 
1712934935 135112 35112000 12 16 0 0 0 1 36 95 
1712934935 135112 35112007 12 16 1 0 0 1 12 74 
1712934935 135112 35112014 12 16 2 0 0 1 50 128 
1712934935 135205 35205007 10 13 1 0 0 3 2 113 7 108 8 13 
1712934935 135205 35205014 10 13 2 0 0 1 29 123 
1712934935 135245 35245000 10 17 0 0 0 1 53 113 
1712934935 135315 35315007 10 15 1 0 0 1 1 90 
1712934935 135315 35315014 10 15 2 0 0 1 11 85 
1712934935 135395 35395000 10 17 0 0 0 1 35 96 
1712934935 135461 35461007 11 17 1 0 0 1 35 91 
1712934935 135461 35461014 11 17 2 0 0 1 1 96 
1712934935 135624 35624007 14 12 1 0 0 1 0 111 
1712934935 135624 35624014 14 12 2 0 0 1 60 128 
1712934935 135700 35700000 10 16 0 0 0 1 45 148 
1712934935 135700 35700007 10 16 1 0 0 2 50 110 60 98 
1712934935 135700 35700014 10 16 2 0 0 2 16 4 17 94 
1712934935 135795 35795014 10 15 2 0 0 1 26 22 
1712934935 135841 35841000 11 13 0 0 0 1 37 83 
1712934935 135841 35841007 11 13 1 0 0 1 4 100 
1712934935 135841 35841014 11 13 2 0 0 2 48 76 49 7 
1712934935 135920 35920000 10 14 0 0 0 1 15 96 
1712934935 136000 36000000 10 16 0 0 0 1 63 10 
1712934935 136011 36011000 11 15 0 0 0 1 7 96 
1712934935 136011 36011007 11 15 1 0 0 1 18 97 
1712934935 136011 36011014 11 15 2 0 0 1 3 91 
1712934935 136093 36093000 13 13 0 0 0 1 24 84 
1712934935 136093 36093007 13 13 1 0 0 1 21 93 
1712934935 136093 36093014 13 13 2 0 0 1 38 85 
1712934935 136108 36108000 13 16 0 0 0 1 50 93 
1712934935 136108 36108007 13 16 1 0 0 1 52 102 
1712934935 136108 36108014 13 16 2 0 0 1 52 116 
1712934935 136169 36169014 14 17 2 0 0 2 12 78 13 43 
1712934935 136184 36184000 14 14 0 0 0 1 11 122 
1712934935 136184 36184007 14 14 1 0 0 1 35 79 
1712934935 136184 36184014 14 14 2 0 0 1 10 83 
1712934935 136250 36250007 10 14 1 0 0 1 33 102 
1712934935 136250 36250014 10 14 2 0 0 2 40 164 41 31 
1712934935 136253 36253014 13 17 2 0 0 1 54 153 
1712934935 136259 36259000 14 17 0 0 0 1 23 79 
1712934935 136259 36259007 14 17 1 0 0 1 25 82 
1712934935 136259 36259014 14 17 2 0 0 1 32 87 
1712934935 136263 36263014 13 15 2 0 0 1 51 32 
1712934935 136346 36346007 11 14 1 0 0 2 51 86 52 26 
1712934935 136496 36496000 11 14 0 0 0 1 9 132 
1712934935 136566 36566000 11 12 0 0 0 2 16 5 28 101 
1712934935 136566 36566007 11 12 1 0 0 1 6 99 
1712934935 136566 36566014 11 12 2 0 0 1 40 90 
1712934935 136577 36577014 12 17 2 0 0 2 48 199 49 34 
1712934935 136634 36634014 14 14 2 0 0 1 38 49 
1712934935 136641 36641007 11 15 1 0 0 1 6 102 
1712934935 136645 36645000 10 13 0 0 0 1 34 85 
1712934935 136645 36645007 10 13 1 0 0 1 32 95 
1712934935 136645 36645014 10 13 2 0 0 2 18 44 19 53 
1712934935 136668 36668007 13 12 1 0 0 2 61 106 62 5 
1712934935 136668 36668014 13 12 2 0 0 2 13 115 14 65 
1712934935 136782 36782000 12 12 0 0 0 1 9 83 
1712934935 136782 36782007 12 12 1 0 0 2 41 51 42 25 
1712934935 136811 36811000 11 17 0 0 0 1 43 76 
1712934935 136811 36811007 11 17 1 0 0 1 51 92 
1712934935 136811 36811014 11 17 2 0 0 1 54 135 
1712934935 136870 36870000 10 16 0 0 0 1 47 91 
1712934935 136870 36870007 10 16 1 0 0 1 33 100 
1712934935 136887 36887014 12 15 2 0 0 1 63 82 
1712934935 136906 36906014 11 16 2 0 0 2 24 54 25 58 
1712934935 136909 36909000 14 13 0 0 0 2 59 63 60 37 
1712934935 136930 36930007 10 16 1 0 0 1 2 73 
1712934935 136930 36930014 10 16 2 0 0 1 54 81 
1712934935 136984 36984000 14 16 0 0 0 1 21 108 
1712934935 136984 36984007 14 16 1 0 0 2 52 29 53 92 
1712934935 136996 36996014 11 16 2 0 0 1 31 124 
1712934935 137058 37058007 13 12 1 0 0 2 62 23 63 83 
1712934935 137058 37058014 13 12 2 0 0 1 25 131 
1712934935 137074 37074000 14 16 0 0 0 1 16 125 
1712934935 137074 37074007 14 16 1 0 0 1 27 105 
1712934935 137074 37074014 14 16 2 0 0 1 41 90 
1712934935 137151 37151000 11 15 0 0 0 1 36 97 
1712934935 137151 37151007 11 15 1 0 0 1 35 92 
1712934935 137151 37151014 11 15 2 0 0 1 38 88 
1712934935 137347 37347007 12 13 1 0 0 1 52 3 
1712934935 137447 37447000 12 17 0 0 0 1 35 144 
1712934935 137447 37447007 12 17 1 0 0 1 12 100 
1712934935 137447 37447014 12 17 2 0 0 1 58 127 
1712934935 137668 37668000 13 16 0 0 0 1 10 89 
1712934935 137668 37668007 13 16 1 0 0 1 14 112 
1712934935 137668 37668014 13 16 2 0 0 1 10 114 
1712934935 137672 37672014 12 14 2 0 0 2 48 65 49 49 
1712934935 137708 37708000 13 14 0 0 0 1 49 99 
1712934935 137708 37708007 13 14 1 0 0 2 33 34 34 59 
1712934935 137708 37708014 13 14 2 0 0 2 16 76 17 98 
1712934935 137781 37781014 11 15 2 0 0 2 2 9 3 119 
1712934935 137810 37810007 10 14 1 0 0 2 3 38 4 46 
1712934935 137810 37810014 10 14 2 0 0 1 24 90 
1712934935 137823 37823000 13 15 0 0 0 2 42 75 43 30 
1712934935 137823 37823007 13 15 1 0 0 1 48 122 
1712934935 137823 37823014 13 15 2 0 0 1 1 130 
1712934935 137861 37861014 11 17 2 0 0 1 50 104 
1712934935 137871 37871000 11 15 0 0 0 1 30 100 
1712934935 137871 37871007 11 15 1 0 0 1 14 98 
1712934935 137901 37901000 11 15 0 0 0 2 47 142 48 64 
1712934935 137901 37901007 11 15 1 0 0 1 34 97 
1712934935 138243 38243000 13 15 0 0 0 2 53 62 62 88 
1712934935 138243 38243007 13 15 1 0 0 1 8 90 
1712934935 138243 38243014 13 15 2 0 0 1 40 151 
1712934935 138280 38280014 10 16 2 0 0 1 28 25 
1712934935 138344 38344000 14 14 0 0 0 2 11 80 12 34 
1712934935 138344 38344007 14 14 1 0 0 2 48 83 49 18 
1712934935 138344 38344014 14 14 2 0 0 1 49 153 
1712934935 138406 38406014 11 16 2 0 0 2 51 101 52 12 
1712934935 138437 38437007 12 17 1 0 0 1 31 97 
1712934935 138437 38437014 12 17 2 0 0 2 36 32 37 80 
1712934935 138454 38454000 14 16 0 0 0 1 55 83 
1712934935 138454 38454007 14 16 1 0 0 2 17 42 18 38 
1712934935 138454 38454014 14 16 2 0 0 2 48 48 49 31 
1712934935 138501 38501000 11 15 0 0 0 2 1 66 2 13 
1712934935 138501 38501007 11 15 1 0 0 1 57 114 
1712934935 138501 38501014 11 15 2 0 0 1 10 76 
1712934935 138598 38598000 13 16 0 0 0 1 19 81 
1712934935 138598 38598007 13 16 1 0 0 1 41 80 
1712934935 138598 38598014 13 16 2 0 0 1 20 109 
1712934935 138605 38605000 10 17 0 0 0 2 60 50 61 33 
1712934935 138605 38605007 10 17 1 0 0 1 24 122 
1712934935 138605 38605014 10 17 2 0 0 2 34 131 35 3 
1712934935 138684 38684000 14 12 0 0 0 2 14 76 15 28 
1712934935 138684 38684007 14 12 1 0 0 2 48 8 49 94 
1712934935 138684 38684014 14 12 2 0 0 2 53 104 55 8 
1712934935 138816 38816000 11 12 0 0 0 1 39 98 
1712934935 138816 38816007 11 12 1 0 0 2 28 50 29 51 
1712934935 138816 38816014 11 12 2 0 0 2 8 88 9 26 
1712934935 138849 38849007 14 15 1 0 0 1 13 84 
1712934935 138849 38849014 14 15 2 0 0 1 16 93 
1712934935 138924 38924000 14 12 0 0 0 2 43 61 44 33 
1712934935 138924 38924007 14 12 1 0 0 2 17 18 18 99 
1712934935 138986 38986014 11 14 2 0 0 1 63 82 
1712934935 139093 39093000 13 13 0 0 0 2 10 122 11 4 
1712934935 139093 39093007 13 13 1 0 0 2 30 65 31 91 
1712934935 139093 39093014 13 13 2 0 0 1 61 155 
1712934935 139208 39208000 13 14 0 0 0 2 28 74 29 48 
1712934935 139208 39208007 13 14 1 0 0 1 13 96 
1712934935 139208 39208014 13 14 2 0 0 3 57 129 58 154 59 77 
1712934935 139252 39252000 12 16 0 0 0 1 29 101 
1712934935 139274 39274000 14 14 0 0 0 1 43 63 
1712934935 139274 39274007 14 14 1 0 0 2 37 82 38 73 
1712934935 139274 39274014 14 14 2 0 0 1 54 170 
1712934935 139295 39295000 10 17 0 0 0 3 55 113 56 14 57 116 
1712934935 139295 39295007 10 17 1 0 0 4 21 47 22 41 28 50 29 49 
1712934935 139295 39295014 10 17 2 0 0 1 59 91 
1712934935 139315 39315000 10 13 0 0 0 1 62 99 
1712934935 139315 39315007 10 13 1 0 0 1 47 108 
1712934935 139444 39444000 14 16 0 0 0 1 57 87 
1712934935 139444 39444007 14 16 1 0 0 1 50 107 
1712934935 139444 39444014 14 16 2 0 0 1 58 81 
1712934935 139528 39528000 13 16 0 0 0 2 48 140 49 12 
1712934935 139649 39649007 14 17 1 0 0 1 33 150 
1712934935 139649 39649014 14 17 2 0 0 2 21 145 22 53 
1712934935 139869 39869014 14 15 2 0 0 1 19 113 
1712934935 139971 39971014 11 15 2 0 0 2 62 66 63 40 
1712934935 140159 40159007 14 17 1 0 0 2 62 53 63 57 
1712934935 140387 40387007 12 17 1 0 0 1 29 115 
1712934935 140387 40387014 12 17 2 0 0 2 23 51 24 46 
1712934935 140527 40527000 12 13 0 0 0 2 34 86 35 52 
1712934935 140527 40527007 12 13 1 0 0 2 37 59 38 55 
1712934935 140540 40540000 10 14 0 0 0 1 0 94 
1712934935 140540 40540007 10 14 1 0 0 1 45 81 
1712934935 140540 40540014 10 14 2 0 0 1 2 90 
1712934935 140590 40590000 10 16 0 0 0 1 6 115 
1712934935 140590 40590007 10 16 1 0 0 2 22 204 23 13 
1712934935 140590 40590014 10 16 2 0 0 2 52 111 53 16 
1712934935 140652 40652000 12 12 0 0 0 1 19 89 
1712934935 140652 40652007 12 12 1 0 0 2 46 63 47 30 
1712934935 140652 40652014 12 12 2 0 0 1 20 92 
1712934935 140765 40765000 10 17 0 0 0 2 15 42 16 50 
1712934935 140771 40771000 11 17 0 0 0 2 59 2 60 122 
1712934935 140781 40781000 11 15 0 0 0 1 61 98 
1712934935 140788 40788007 13 16 1 0 0 1 58 93 
1712934935 140788 40788014 13 16 2 0 0 2 35 33 36 55 
1712934935 140798 40798014 13 14 2 0 0 3 20 31 21 110 22 17 
1712934935 140812 40812000 12 16 0 0 0 2 33 40 34 117 
1712934935 140812 40812007 12 16 1 0 0 1 20 117 
1712934935 140824 40824000 14 16 0 0 0 1 39 112 
1712934935 140824 40824007 14 16 1 0 0 1 54 103 
1712934935 140824 40824014 14 16 2 0 0 2 54 44 55 49 
1712934935 140830 40830000 10 16 0 0 0 1 63 5 
1712934935 140847 40847000 12 15 0 0 0 2 55 35 56 59 
1712934935 140847 40847007 12 15 1 0 0 1 49 105 
1712934935 140879 40879014 14 17 2 0 0 2 38 106 39 21 
1712934935 141034 41034000 14 16 0 0 0 1 14 100 
1712934935 141034 41034007 14 16 1 0 0 2 33 59 34 47 
1712934935 141034 41034014 14 16 2 0 0 1 2 87 
1712934935 141072 41072007 12 12 1 0 0 1 47 116 
1712934935 141072 41072014 12 12 2 0 0 2 36 27 37 65 
1712934935 141077 41077000 12 17 0 0 0 1 9 108 
1712934935 141077 41077007 12 17 1 0 0 1 43 100 
1712934935 141104 41104007 14 14 1 0 0 2 14 103 15 7 
1712934935 141104 41104014 14 14 2 0 0 2 56 46 57 53 
1712934935 141252 41252014 12 12 2 0 0 1 52 110 
1712934935 141269 41269000 14 17 0 0 0 1 12 96 
1712934935 141269 41269007 14 17 1 0 0 2 4 33 5 104 
1712934935 141334 41334014 14 16 2 0 0 1 0 83 
1712934935 141505 41505000 10 13 0 0 0 2 36 12 37 167 
1712934935 141505 41505007 10 13 1 0 0 1 0 11 
1712934935 141541 41541014 11 13 2 0 0 2 44 113 45 4 
1712934935 141581 41581014 11 17 2 0 0 1 9 185 
1712934935 141718 41718000 13 16 0 0 0 2 5 31 6 84 
1712934935 141720 41720000 10 12 0 0 0 2 50 20 51 68 
1712934935 141778 41778014 13 16 2 0 0 1 5 87 
1712934935 141788 41788007 13 14 1 0 0 2 52 7 53 106 
1712934935 141788 41788014 13 14 2 0 0 2 35 83 36 18 
1712934935 141835 41835007 10 13 1 0 0 2 60 82 61 27 
1712934935 141835 41835014 10 13 2 0 0 1 7 93 
1712934935 141901 41901014 11 13 2 0 0 1 0 47 
1712934935 141973 41973000 13 13 0 0 0 1 5 91 
1712934935 141973 41973007 13 13 1 0 0 1 31 105 
1712934935 141973 41973014 13 13 2 0 0 2 35 70 36 25 
1712934935 142057 42057014 12 13 2 0 0 2 16 143 17 37 
1712934935 142078 42078007 13 16 1 0 0 2 23 94 24 4 
1712934935 142078 42078014 13 16 2 0 0 2 18 17 19 113 
1712934935 142146 42146007 11 12 1 0 0 2 12 55 13 53 
1712934935 142146 42146014 11 12 2 0 0 2 17 43 18 58 
1712934935 142165 42165014 10 13 2 0 0 3 16 25 17 178 18 9 
1712934935 142189 42189000 14 13 0 0 0 2 47 79 49 104 
1712934935 142189 42189007 14 13 1 0 0 1 50 84 
1712934935 142189 42189014 14 13 2 0 0 1 57 130 
1712934935 142217 42217000 12 17 0 0 0 2 50 115 51 1 
1712934935 142217 42217007 12 17 1 0 0 1 50 92 
1712934935 142217 42217014 12 17 2 0 0 1 44 75 
1712934935 142234 42234007 14 16 1 0 0 2 19 89 20 18 
1712934935 142234 42234014 14 16 2 0 0 2 12 16 13 92 
1712934935 142269 42269000 14 15 0 0 0 2 51 30 52 74 
1712934935 142269 42269007 14 15 1 0 0 1 46 111 
1712934935 142269 42269014 14 15 2 0 0 1 37 98 
1712934935 142302 42302007 12 12 1 0 0 1 55 11 
1712934935 142302 42302014 12 12 2 0 0 2 59 15 60 104 
1712934935 142338 42338000 13 12 0 0 0 2 44 28 45 136 
1712934935 142338 42338007 13 12 1 0 0 1 6 84 
1712934935 142338 42338014 13 12 2 0 0 1 58 92 
1712934935 142406 42406000 11 14 0 0 0 1 21 122 
1712934935 142406 42406007 11 14 1 0 0 2 34 64 35 39 
1712934935 142406 42406014 11 14 2 0 0 1 41 112 
1712934935 142413 42413014 13 15 2 0 0 2 60 49 61 104 
1712934935 142626 42626000 11 12 0 0 0 2 58 92 59 17 
1712934935 142626 42626007 11 12 1 0 0 1 35 90 
1712934935 142626 42626014 11 12 2 0 0 1 34 110 
1712934935 142719 42719000 14 15 0 0 0 2 47 58 48 115 
1712934935 142719 42719007 14 15 1 0 0 2 32 21 33 125 
1712934935 142719 42719014 14 15 2 0 0 2 21 115 22 14 
1712934935 142744 42744000 14 16 0 0 0 1 44 116 
1712934935 142744 42744007 14 16 1 0 0 1 34 83 
1712934935 142744 42744014 14 16 2 0 0 1 36 81 
1712934935 142828 42828007 13 16 1 0 0 2 0 68 1 43 
1712934935 142828 42828014 13 16 2 0 0 2 57 23 58 68 
1712934935 142848 42848007 13 12 1 0 0 3 25 58 26 23 27 1 
1712934935 142849 42849014 14 13 2 0 0 2 59 30 60 75 
1712934935 142955 42955000 10 17 0 0 0 2 16 67 17 39 
1712934935 143087 43087000 12 17 0 0 0 2 41 65 42 40 
1712934935 143087 43087007 12 17 1 0 0 2 39 1 40 152 
1712934935 143157 43157014 12 15 2 0 0 2 62 43 63 61 
1712934935 143238 43238007 13 12 1 0 0 2 56 71 57 22 
1712934935 143238 43238014 13 12 2 0 0 1 23 94 
1712934935 143606 43606014 11 14 2 0 0 1 1 28 
1712934935 143635 43635000 10 13 0 0 0 2 2 97 3 21 
1712934935 143635 43635007 10 13 1 0 0 2 52 120 53 8 
1712934935 143656 43656000 11 16 0 0 0 1 63 84 
1712934935 143759 43759000 14 17 0 0 0 1 63 79 
1712934935 143759 43759007 14 17 1 0 0 1 29 98 
1712934935 143759 43759014 14 17 2 0 0 2 52 7 53 81 
1712934935 143788 43788000 13 16 0 0 0 1 0 106 
1712934935 143885 43885000 10 17 0 0 0 2 24 13 38 102 
1712934935 143885 43885007 10 17 1 0 0 2 39 43 40 43 
1712934935 143896 43896000 11 16 0 0 0 1 52 99 
1712934935 143910 43910000 10 12 0 0 0 1 63 85 
1712934935 143910 43910007 10 12 1 0 0 1 27 86 
1712934935 143910 43910014 10 12 2 0 0 2 39 28 40 71 
1712934935 143942 43942007 12 14 1 0 0 2 38 34 39 65 
1712934935 143942 43942014 12 14 2 0 0 1 32 163 
1712934935 144264 44264000 14 12 0 0 0 1 8 66 
1712934935 144264 44264007 14 12 1 0 0 1 37 150 
1712934935 144264 44264014 14 12 2 0 0 2 39 29 40 81 
1712934935 144382 44382014 12 16 2 0 0 2 9 47 10 65 
1712934935 144478 44478000 13 16 0 0 0 1 13 82 
1712934935 144478 44478007 13 16 1 0 0 1 22 106 
1712934935 144478 44478014 13 16 2 0 0 1 8 89 
1712934935 144514 44514014 14 16 2 0 0 2 54 79 55 46 
1712934935 144584 44584007 14 14 1 0 0 2 28 49 29 59 
1712934935 144584 44584014 14 14 2 0 0 1 16 94 
1712934935 144779 44779000 14 17 0 0 0 1 27 90 
1712934935 144779 44779007 14 17 1 0 0 3 4 53 5 16 54 146 
1712934935 144779 44779014 14 17 2 0 0 1 18 88 
1712934935 145059 45059007 14 15 1 0 0 1 32 109 
1712934935 145059 45059014 14 15 2 0 0 1 21 160 
1712934935 145118 45118014 13 14 2 0 0 1 10 94 
1712934935 145259 45259014 14 17 2 0 0 2 34 9 35 142 
1712934935 145294 45294007 14 16 1 0 0 1 11 10 
1712934935 145352 45352000 12 14 0 0 0 1 53 82 
1712934935 145394 45394000 14 14 0 0 0 2 28 119 29 9 
1712934935 145655 45655000 10 17 0 0 0 1 40 95 
1712934935 145738 45738000 13 16 0 0 0 1 27 86 
1712934935 145738 45738007 13 16 1 0 0 1 30 85 
1712934935 145738 45738014 13 16 2 0 0 1 9 174 
1712934935 145751 45751007 11 17 1 0 0 1 47 136 
1712934935 145830 45830000 10 12 0 0 0 1 0 72 
1712934935 145830 45830007 10 12 1 0 0 1 53 111 
1712934935 145830 45830014 10 12 2 0 0 1 2 75 
1712934935 145847 45847000 12 17 0 0 0 1 57 121 
1712934935 145847 45847007 12 17 1 0 0 1 6 108 
1712934935 145852 45852000 12 16 0 0 0 2 25 76 26 34 
1712934935 145852 45852007 12 16 1 0 0 1 22 119 
1712934935 145979 45979000 14 17 0 0 0 1 3 90 
1712934935 145979 45979007 14 17 1 0 0 2 18 54 19 40 
1712934935 145979 45979014 14 17 2 0 0 1 3 95 
1712934935 146245 46245007 10 13 1 0 0 2 4 118 5 2 
1712934935 146501 46501000 11 17 0 0 0 2 40 83 41 48 
1712934935 146501 46501007 11 17 1 0 0 1 1 120 
1712934935 146536 46536000 11 16 0 0 0 1 21 86 
1712934935 146536 46536007 11 16 1 0 0 1 10 83 
1712934935 146536 46536014 11 16 2 0 0 1 10 84 
1712934935 146602 46602000 12 16 0 0 0 1 19 88 
1712934935 146602 46602007 12 16 1 0 0 1 8 118 
1712934935 146602 46602014 12 16 2 0 0 1 14 78 
1712934935 146643 46643000 13 15 0 0 0 1 22 167 
1712934935 146643 46643007 13 15 1 0 0 1 60 105 
1712934935 146705 46705000 10 17 0 0 0 1 48 87 
1712934935 146705 46705007 10 17 1 0 0 1 27 88 
1712934935 146705 46705014 10 17 2 0 0 1 62 87 
1712934935 146914 46914014 14 16 2 0 0 1 45 5 
1712934935 146927 46927014 12 17 2 0 0 2 7 86 8 12 
1712934935 146956 46956014 11 16 2 0 0 2 59 13 60 90 
1712934935 147012 47012000 12 12 0 0 0 1 46 100 
1712934935 147012 47012007 12 12 1 0 0 1 59 79 
1712934935 147043 47043000 13 13 0 0 0 2 61 25 62 58 
1712934935 147043 47043007 13 13 1 0 0 2 15 98 20 100 
1712934935 147043 47043014 13 13 2 0 0 2 45 96 46 14 
1712934935 147214 47214000 14 16 0 0 0 1 19 89 
1712934935 147214 47214007 14 16 1 0 0 1 13 101 
1712934935 147214 47214014 14 16 2 0 0 1 30 83 
1712934935 147304 47304007 14 16 1 0 0 2 15 94 16 10 
1712934935 147304 47304014 14 16 2 0 0 1 36 123 
1712934935 147406 47406000 11 16 0 0 0 2 15 17 16 133 
1712934935 147406 47406007 11 16 1 0 0 1 57 101 
1712934935 147406 47406014 11 16 2 0 0 1 58 103 
1712934935 147571 47571007 11 13 1 0 0 1 23 148 
1712934935 147571 47571014 11 13 2 0 0 2 39 86 40 22 
1712934935 147605 47605000 10 17 0 0 0 1 27 112 
1712934935 147605 47605007 10 17 1 0 0 2 16 97 17 5 
1712934935 147605 47605014 10 17 2 0 0 1 27 97 
1712934935 147624 47624000 14 12 0 0 0 1 47 124 
1712934935 147624 47624007 14 12 1 0 0 2 54 48 55 51 
1712934935 147636 47636000 11 12 0 0 0 1 26 92 
1712934935 147636 47636007 11 12 1 0 0 1 44 92 
1712934935 147636 47636014 11 12 2 0 0 2 8 27 9 57 
1712934935 147654 47654000 14 12 0 0 0 2 20 17 21 83 
1712934935 147654 47654007 14 12 1 0 0 2 34 7 38 98 
1712934935 147654 47654014 14 12 2 0 0 1 60 89 
1712934935 147669 47669000 14 15 0 0 0 2 35 9 36 110 
1712934935 147669 47669007 14 15 1 0 0 1 10 81 
1712934935 147669 47669014 14 15 2 0 0 2 24 225 25 57 
1712934935 147734 47734007 14 14 1 0 0 1 52 146 
1712934935 147734 47734014 14 14 2 0 0 2 32 111 33 1 
1712934935 147809 47809000 14 17 0 0 0 2 53 183 54 79 
1712934935 147878 47878000 13 14 0 0 0 2 16 84 17 13 
1712934935 147878 47878007 13 14 1 0 0 1 46 109 
1712934935 147957 47957007 12 15 1 0 0 2 37 100 38 37 
1712934935 147957 47957014 12 15 2 0 0 2 50 104 51 38 
1712934935 147980 47980000 10 14 0 0 0 1 45 130 
1712934935 147980 47980007 10 14 1 0 0 2 41 75 42 42 
1712934935 148061 48061000 11 17 0 0 0 1 61 98 
1712934935 148082 48082000 12 14 0 0 0 1 26 86 
1712934935 148082 48082007 12 14 1 0 0 1 44 78 
1712934935 148082 48082014 12 14 2 0 0 1 25 83 
1712934935 148111 48111000 11 13 0 0 0 2 46 46 47 71 
1712934935 148127 48127007 12 17 1 0 0 1 15 124 
1712934935 148127 48127014 12 17 2 0 0 2 18 25 19 100 
1712934935 148258 48258000 13 16 0 0 0 2 55 19 56 81 
1712934935 148301 48301007 11 17 1 0 0 2 20 13 21 93 
1712934935 148301 48301014 11 17 2 0 0 1 45 127 
1712934935 148365 48365000 10 15 0 0 0 1 13 99 
1712934935 148365 48365007 10 15 1 0 0 1 20 76 
1712934935 148365 48365014 10 15 2 0 0 1 32 109 
1712934935 148406 48406000 11 14 0 0 0 1 10 97 
1712934935 148406 48406007 11 14 1 0 0 2 17 148 18 26 
1712934935 148406 48406014 11 14 2 0 0 1 37 22 
1712934935 148411 48411000 11 13 0 0 0 1 10 2 
1712934935 148411 48411007 11 13 1 0 0 2 13 32 14 60 
1712934935 148521 48521007 11 15 1 0 0 1 2 97 
1712934935 148521 48521014 11 15 2 0 0 1 55 85 
1712934935 148569 48569000 14 15 0 0 0 2 11 55 12 56 
1712934935 148600 48600000 10 16 0 0 0 1 24 80 
1712934935 148600 48600007 10 16 1 0 0 2 44 23 45 49 
1712934935 148600 48600014 10 16 2 0 0 1 28 94 
1712934935 148601 48601000 11 17 0 0 0 1 52 81 
1712934935 148601 48601007 11 17 1 0 0 1 29 176 
1712934935 148617 48617000 12 15 0 0 0 1 21 111 
1712934935 148617 48617007 12 15 1 0 0 2 11 30 14 82 
1712934935 148617 48617014 12 15 2 0 0 1 26 94 
1712934935 148632 48632000 12 12 0 0 0 1 26 156 
1712934935 148632 48632007 12 12 1 0 0 1 42 115 
1712934935 148632 48632014 12 12 2 0 0 2 52 28 53 74 
1712934935 148775 48775014 10 17 2 0 0 1 0 206 
1712934935 148814 48814014 14 14 2 0 0 1 48 99 
1712934935 148997 48997000 12 17 0 0 0 1 48 161 
1712934935 148997 48997007 12 17 1 0 0 2 27 25 28 99 
1712934935 148997 48997014 12 17 2 0 0 1 23 89 
1712934935 149127 49127000 12 15 0 0 0 1 51 110 
1712934935 149127 49127007 12 15 1 0 0 1 13 93 
1712934935 149265 49265000 10 15 0 0 0 1 56 85 
1712934935 149316 49316007 11 12 1 0 0 2 11 24 12 54 
1712934935 149329 49329014 14 13 2 0 0 2 49 200 50 26 
1712934935 149468 49468000 13 14 0 0 0 1 4 91 
1712934935 149468 49468007 13 14 1 0 0 1 45 90 
1712934935 149468 49468014 13 14 2 0 0 2 39 15 40 79 
1712934935 149521 49521000 11 13 0 0 0 1 35 22 
1712934935 149576 49576000 11 14 0 0 0 1 17 132 
1712934935 149576 49576007 11 14 1 0 0 1 24 96 
1712934935 149576 49576014 11 14 2 0 0 1 23 93 
1712934935 149639 49639000 14 17 0 0 0 2 24 122 25 21 
1712934935 149639 49639007 14 17 1 0 0 2 1 143 2 2 
1712934935 149663 49663000 13 17 0 0 0 2 14 84 29 99 
1712934935 149663 49663007 13 17 1 0 0 1 35 114 
1712934935 149708 49708007 13 14 1 0 0 1 12 105 
1712934935 149708 49708014 13 14 2 0 0 1 27 116 
1712934935 149711 49711014 11 17 2 0 0 2 42 81 43 12 
1712934935 149721 49721000 11 15 0 0 0 2 13 6 14 150 
1712934935 149721 49721007 11 15 1 0 0 1 7 158 
1712934935 149721 49721014 11 15 2 0 0 2 59 20 60 89 
1712934935 149753 49753007 13 17 1 0 0 2 43 36 44 57 
1712934935 149753 49753014 13 17 2 0 0 2 44 80 45 31 
1712934935 149790 49790000 10 12 0 0 0 1 41 78 
1712934935 149790 49790007 10 12 1 0 0 1 22 81 
1712934935 149790 49790014 10 12 2 0 0 1 40 81 
1712934935 149792 49792000 12 14 0 0 0 2 28 105 29 118 
1712934935 149815 49815007 10 13 1 0 0 3 36 238 37 32 43 7 
1712934935 149815 49815014 10 13 2 0 0 2 23 83 24 26 
1712934935 149955 49955000 10 15 0 0 0 2 3 60 4 45 
1712934935 149955 49955007 10 15 1 0 0 2 34 46 35 77 
1712934935 149955 49955014 10 15 2 0 0 2 28 58 29 32 
1712934935 150043 50043000 13 13 0 0 0 1 60 123 
1712934935 150043 50043007 13 13 1 0 0 1 27 91 
1712934935 150043 50043014 13 13 2 0 0 1 63 87 
1712934935 150145 50145007 10 13 1 0 0 1 46 87 
1712934935 150145 50145014 10 13 2 0 0 1 10 85 
1712934935 150241 50241000 11 13 0 0 0 2 3 39 4 57 
1712934935 150255 50255000 10 15 0 0 0 1 41 78 
1712934935 150255 50255007 10 15 1 0 0 1 36 105 
1712934935 150255 50255014 10 15 2 0 0 1 37 84 
1712934935 150299 50299007 14 17 1 0 0 2 61 41 62 77 
1712934935 150331 50331007 11 13 1 0 0 2 33 157 34 6 
1712934935 150331 50331014 11 13 2 0 0 2 61 82 62 18 
1712934935 150356 50356014 11 14 2 0 0 2 13 36 14 72 
1712934935 150430 50430000 10 16 0 0 0 2 43 65 44 35 
1712934935 150430 50430007 10 16 1 0 0 2 7 69 8 25 
1712934935 150522 50522007 12 12 1 0 0 2 51 93 52 4 
1712934935 150747 50747014 12 15 2 0 0 1 0 141 
1712934935 150773 50773014 13 17 2 0 0 1 24 111 
1712934935 150806 50806000 11 14 0 0 0 2 37 7 38 153 
1712934935 150806 50806007 11 14 1 0 0 1 47 108 
1712934935 150826 50826014 11 16 2 0 0 2 32 61 33 78 
1712934935 150912 50912000 12 12 0 0 0 2 39 84 56 24 
1712934935 150912 50912007 12 12 1 0 0 1 20 86 
1712934935 150912 50912014 12 12 2 0 0 1 32 91 
1712934935 150913 50913000 13 13 0 0 0 1 29 112 
1712934935 150913 50913007 13 13 1 0 0 1 27 135 
1712934935 150952 50952014 12 16 2 0 0 1 57 131 
1712934935 151079 51079007 14 17 1 0 0 1 2 134 
1712934935 151315 51315000 10 13 0 0 0 2 57 95 58 7 
1712934935 151363 51363007 13 13 1 0 0 2 12 59 13 64 
1712934935 151363 51363014 13 13 2 0 0 2 37 75 38 33 
1712934935 151386 51386007 11 12 1 0 0 1 22 99 
1712934935 151386 51386014 11 12 2 0 0 1 26 115 
1712934935 151442 51442007 12 14 1 0 0 2 60 67 61 41 
1712934935 151560 51560000 10 12 0 0 0 2 39 76 43 111 
1712934935 151560 51560007 10 12 1 0 0 1 13 120 
1712934935 151560 51560014 10 12 2 0 0 1 42 91 
1712934935 151794 51794014 14 12 2 0 0 1 36 71 
1712934935 151830 51830007 10 12 1 0 0 1 63 154 
1712934935 151830 51830014 10 12 2 0 0 1 27 122 
1712934935 151831 51831000 11 13 0 0 0 1 3 73 
1712934935 151831 51831007 11 13 1 0 0 2 26 75 27 15 
1712934935 151831 51831014 11 13 2 0 0 2 8 73 9 14 
1712934935 151868 51868000 13 14 0 0 0 1 27 85 
1712934935 151868 51868007 13 14 1 0 0 1 23 98 
1712934935 151868 51868014 13 14 2 0 0 1 28 179 
1712934935 151943 51943007 13 17 1 0 0 2 41 5 42 125 
1712934935 151943 51943014 13 17 2 0 0 1 54 119 
1712934935 152098 52098000 13 16 0 0 0 1 49 99 
1712934935 152098 52098007 13 16 1 0 0 2 14 38 15 60 
1712934935 152143 52143000 13 13 0 0 0 1 26 103 
1712934935 152143 52143007 13 13 1 0 0 2 19 128 20 2 
1712934935 152154 52154007 14 12 1 0 0 1 8 57 
1712934935 152276 52276007 11 14 1 0 0 2 59 17 63 108 
1712934935 152276 52276014 11 14 2 0 0 1 25 92 
1712934935 152278 52278007 13 16 1 0 0 3 40 129 57 78 58 24 
1712934935 152278 52278014 13 16 2 0 0 1 50 113 
1712934935 152355 52355000 10 15 0 0 0 1 3 101 
1712934935 152355 52355007 10 15 1 0 0 2 4 1 5 96 
1712934935 152365 52365000 10 13 0 0 0 2 54 33 55 46 
1712934935 152471 52471000 11 17 0 0 0 1 37 83 
1712934935 152471 52471007 11 17 1 0 0 1 28 77 
1712934935 152471 52471014 11 17 2 0 0 1 35 87 
1712934935 152489 52489000 14 17 0 0 0 2 42 69 43 41 
1712934935 152489 52489007 14 17 1 0 0 2 32 30 33 80 
1712934935 152572 52572000 12 16 0 0 0 1 62 92 
1712934935 152585 52585007 10 17 1 0 0 1 0 13 
1712934935 152694 52694014 14 12 2 0 0 1 54 109 
1712934935 152822 52822007 12 14 1 0 0 1 20 104 
1712934935 152822 52822014 12 14 2 0 0 1 46 100 
1712934935 152855 52855014 10 17 2 0 0 2 17 121 18 16 
1712934935 152921 52921014 11 17 2 0 0 1 21 118 
1712934935 153077 53077007 12 17 1 0 0 2 57 100 58 12 
1712934935 153083 53083000 13 17 0 0 0 1 46 117 
1712934935 153083 53083007 13 17 1 0 0 2 55 5 56 99 
1712934935 153102 53102000 12 12 0 0 0 1 39 103 
1712934935 153102 53102007 12 12 1 0 0 1 38 82 
1712934935 153102 53102014 12 12 2 0 0 1 37 73 
1712934935 153183 53183000 13 15 0 0 0 1 27 100 
1712934935 153183 53183007 13 15 1 0 0 1 29 80 
1712934935 153183 53183014 13 15 2 0 0 1 42 114 
1712934935 153184 53184007 14 16 1 0 0 2 48 120 49 5 
1712934935 153184 53184014 14 16 2 0 0 2 47 78 48 66 
1712934935 153373 53373014 13 13 2 0 0 2 20 107 21 6 
1712934935 153386 53386000 11 14 0 0 0 2 25 72 26 48 
1712934935 153386 53386007 11 14 1 0 0 2 19 73 20 17 
1712934935 153386 53386014 11 14 2 0 0 1 63 29 
1712934935 153393 53393000 13 15 0 0 0 1 12 95 
1712934935 153393 53393007 13 15 1 0 0 1 34 88 
1712934935 153393 53393014 13 15 2 0 0 1 16 84 
1712934935 153421 53421000 11 13 0 0 0 1 47 131 
1712934935 153421 53421007 11 13 1 0 0 2 50 47 51 64 
1712934935 153439 53439000 14 13 0 0 0 2 0 54 1 40 
1712934935 153572 53572000 12 14 0 0 0 1 1 90 
1712934935 153572 53572007 12 14 1 0 0 2 27 50 28 38 
1712934935 153572 53572014 12 14 2 0 0 1 2 169 
1712934935 153633 53633000 13 15 0 0 0 2 50 98 51 3 
1712934935 153641 53641000 11 17 0 0 0 1 32 108 
1712934935 153641 53641007 11 17 1 0 0 1 52 75 
1712934935 153641 53641014 11 17 2 0 0 1 34 93 
1712934935 153689 53689000 14 17 0 0 0 2 18 16 19 121 
1712934935 153689 53689007 14 17 1 0 0 1 57 95 
1712934935 153756 53756007 11 12 1 0 0 1 2 115 
1712934935 153756 53756014 11 12 2 0 0 2 17 166 18 44 
1712934935 153813 53813014 13 15 2 0 0 2 40 132 41 13 
1712934935 153832 53832007 12 16 1 0 0 1 58 91 
1712934935 153832 53832014 12 16 2 0 0 1 57 87 
1712934935 153864 53864000 14 12 0 0 0 1 58 131 
1712934935 153864 53864007 14 12 1 0 0 2 17 28 18 84 
1712934935 153950 53950000 10 14 0 0 0 1 51 84 
1712934935 153950 53950007 10 14 1 0 0 1 44 115 
1712934935 153950 53950014 10 14 2 0 0 2 48 87 49 54 
1712934935 154033 54033000 13 13 0 0 0 1 7 230 
1712934935 154033 54033007 13 13 1 0 0 1 6 100 
1712934935 154251 54251014 11 15 2 0 0 1 25 82 
1712934935 154288 54288007 13 16 1 0 0 1 7 36 
1712934935 154288 54288014 13 16 2 0 0 2 36 73 37 66 
1712934935 154313 54313014 13 17 2 0 0 1 18 195 
1712934935 154351 54351014 11 13 2 0 0 1 0 78 
1712934935 154479 54479000 14 15 0 0 0 1 54 82 
1712934935 154479 54479007 14 15 1 0 0 1 22 83 
1712934935 154479 54479014 14 15 2 0 0 1 53 107 
1712934935 154499 54499014 14 17 2 0 0 2 52 29 53 75 
1712934935 154628 54628007 13 14 1 0 0 1 63 118 
1712934935 154628 54628014 13 14 2 0 0 1 10 93 
1712934935 154675 54675000 10 13 0 0 0 1 13 103 
1712934935 154675 54675007 10 13 1 0 0 1 30 99 
1712934935 154675 54675014 10 13 2 0 0 1 34 94 
1712934935 154703 54703000 13 17 0 0 0 1 47 98 
1712934935 154792 54792007 12 16 1 0 0 2 57 54 58 37 
1712934935 154792 54792014 12 16 2 0 0 1 3 91 
1712934935 154867 54867014 12 13 2 0 0 1 8 117 
1712934935 154898 54898000 13 14 0 0 0 1 36 77 
1712934935 154898 54898007 13 14 1 0 0 1 46 119 
1712934935 154898 54898014 13 14 2 0 0 1 41 107 
1712934935 154936 54936000 11 16 0 0 0 1 8 93 
1712934935 155099 55099000 14 17 0 0 0 1 62 112 
1712934935 155141 55141000 11 17 0 0 0 2 35 85 36 87 
1712934935 155141 55141007 11 17 1 0 0 2 42 23 43 88 
1712934935 155141 55141014 11 17 2 0 0 2 1 45 2 111 
1712934935 155146 55146000 11 16 0 0 0 2 0 61 1 46 
1712934935 155266 55266000 11 16 0 0 0 1 11 113 
1712934935 155266 55266007 11 16 1 0 0 2 29 16 30 84 
1712934935 155347 55347014 12 13 2 0 0 2 15 111 16 36 
1712934935 155350 55350014 10 16 2 0 0 2 0 72 1 48 
1712934935 155471 55471014 11 17 2 0 0 1 62 103 
1712934935 155488 55488007 13 16 1 0 0 1 28 72 
1712934935 155488 55488014 13 16 2 0 0 1 58 117 
1712934935 155515 55515014 10 13 2 0 0 2 6 77 7 16 
1712934935 155651 55651000 11 17 0 0 0 2 3 52 4 30 
1712934935 155651 55651007 11 17 1 0 0 1 58 88 
1712934935 155651 55651014 11 17 2 0 0 1 22 87 
1712934935 155704 55704000 14 16 0 0 0 2 3 6 4 123 
1712934935 155704 55704007 14 16 1 0 0 2 31 24 32 91 
1712934935 155704 55704014 14 16 2 0 0 2 56 7 57 203 
1712934935 155711 55711000 11 17 0 0 0 1 33 138 
1712934935 155711 55711007 11 17 1 0 0 2 46 86 63 26 
1712934935 155711 55711014 11 17 2 0 0 2 20 101 21 16 
1712934935 155887 55887014 12 13 2 0 0 1 48 101 
1712934935 155902 55902007 12 16 1 0 0 1 18 107 
1712934935 155902 55902014 12 16 2 0 0 1 62 82 
1712934935 156003 56003000 13 15 0 0 0 1 1 82 
1712934935 156003 56003007 13 15 1 0 0 1 14 85 
1712934935 156003 56003014 13 15 2 0 0 1 8 88 
1712934935 156103 56103000 13 13 0 0 0 1 19 81 
1712934935 156103 56103007 13 13 1 0 0 1 49 87 
1712934935 156103 56103014 13 13 2 0 0 1 21 104 
1712934935 156171 56171014 11 15 2 0 0 1 16 113 
1712934935 156190 56190000 10 16 0 0 0 1 61 101 
1712934935 156190 56190007 10 16 1 0 0 1 0 83 
1712934935 156277 56277000 12 13 0 0 0 1 59 95 
1712934935 156374 56374014 14 14 2 0 0 1 4 94 
1712934935 156436 56436007 11 16 1 0 0 2 10 29 11 67 
1712934935 156436 56436014 11 16 2 0 0 2 41 17 42 71 
1712934935 156625 56625000 10 13 0 0 0 2 16 34 17 65 
1712934935 156625 56625007 10 13 1 0 0 2 52 140 53 19 
1712934935 156639 56639000 14 15 0 0 0 2 19 87 20 2 
1712934935 156639 56639007 14 15 1 0 0 1 42 111 
1712934935 156639 56639014 14 15 2 0 0 4 27 117 28 63 55 14 56 91 
1712934935 156687 56687000 12 15 0 0 0 1 24 103 
1712934935 156687 56687007 12 15 1 0 0 1 63 86 
1712934935 156815 56815014 10 17 2 0 0 1 51 118 
1712934935 156879 56879014 14 15 2 0 0 2 27 37 28 46 
1712934935 156903 56903000 13 15 0 0 0 2 61 73 62 15 
1712934935 156903 56903007 13 15 1 0 0 1 50 91 
1712934935 156903 56903014 13 15 2 0 0 1 54 114 
1712934935 156918 56918014 13 12 2 0 0 1 58 104 
1712934935 156936 56936000 11 12 0 0 0 1 22 87 
1712934935 156936 56936007 11 12 1 0 0 1 15 80 
1712934935 156936 56936014 11 12 2 0 0 1 21 99 
1712934935 157088 57088000 13 14 0 0 0 1 15 99 
1712934935 157088 57088007 13 14 1 0 0 1 63 114 
1712934935 157170 57170000 10 12 0 0 0 1 34 101 
1712934935 157170 57170007 10 12 1 0 0 2 24 30 25 104 
1712934935 157284 57284000 14 12 0 0 0 2 45 22 46 239 
1712934935 157284 57284007 14 12 1 0 0 1 2 129 
1712934935 157287 57287000 12 15 0 0 0 1 51 82 
1712934935 157287 57287007 12 15 1 0 0 2 47 7 48 81 
1712934935 157287 57287014 12 15 2 0 0 1 53 92 
1712934935 157374 57374007 14 12 1 0 0 2 3 11 4 147 
1712934935 157374 57374014 14 12 2 0 0 2 27 96 28 41 
1712934935 157498 57498007 13 16 1 0 0 2 5 93 6 67 
1712934935 157498 57498014 13 16 2 0 0 1 23 197 
1712934935 157509 57509007 14 15 1 0 0 1 59 83 
1712934935 157509 57509014 14 15 2 0 0 1 34 92 
1712934935 157581 57581000 11 15 0 0 0 2 30 6 31 88 
1712934935 157581 57581007 11 15 1 0 0 1 47 91 
1712934935 157581 57581014 11 15 2 0 0 2 9 71 10 42 
1712934935 157694 57694014 14 14 2 0 0 1 37 111 
1712934935 157711 57711000 11 13 0 0 0 2 41 17 42 89 
1712934935 157711 57711007 11 13 1 0 0 1 8 116 
1712934935 157727 57727007 12 17 1 0 0 2 15 111 16 17 
1712934935 157727 57727014 12 17 2 0 0 1 42 97 
1712934935 157780 57780000 10 16 0 0 0 1 3 100 
1712934935 157780 57780007 10 16 1 0 0 1 50 80 
1712934935 157780 57780014 10 16 2 0 0 1 8 85 
1712934935 157806 57806000 11 12 0 0 0 3 18 72 19 56 49 108 
1712934935 157806 57806007 11 12 1 0 0 1 49 111 
1712934935 157806 57806014 11 12 2 0 0 2 26 45 27 35 
1712934935 157830 57830014 10 12 2 0 0 2 18 48 19 39 
1712934935 157880 57880014 10 14 2 0 0 1 15 101 
1712934935 158047 58047000 12 13 0 0 0 1 44 79 
1712934935 158047 58047007 12 13 1 0 0 2 41 64 42 28 
1712934935 158047 58047014 12 13 2 0 0 1 44 85 
1712934935 158142 58142000 12 12 0 0 0 1 33 146 
1712934935 158142 58142007 12 12 1 0 0 2 15 73 16 25 
1712934935 158341 58341014 11 13 2 0 0 1 2 1 
1712934935 158378 58378014 13 14 2 0 0 2 51 28 52 75 
1712934935 158414 58414000 14 14 0 0 0 2 20 69 21 22 
1712934935 158414 58414007 14 14 1 0 0 1 55 93 
1712934935 158414 58414014 14 14 2 0 0 1 5 91 
1712934935 158482 58482000 12 16 0 0 0 2 25 46 26 41 
1712934935 158482 58482007 12 16 1 0 0 1 4 81 
1712934935 158482 58482014 12 16 2 0 0 1 35 97 
1712934935 158574 58574000 14 12 0 0 0 1 14 116 
1712934935 158613 58613000 13 15 0 0 0 1 33 75 
1712934935 158613 58613007 13 15 1 0 0 1 54 78 
1712934935 158613 58613014 13 15 2 0 0 1 23 77 
1712934935 158726 58726007 11 14 1 0 0 1 16 103 
1712934935 158726 58726014 11 14 2 0 0 1 52 82 
1712934935 158885 58885014 10 17 2 0 0 1 51 116 
1712934935 159530 59530000 10 14 0 0 0 1 59 96 
1712934935 159530 59530007 10 14 1 0 0 1 43 94 
1712934935 159530 59530014 10 14 2 0 0 2 33 44 34 65 
1712934935 159574 59574007 14 16 1 0 0 2 2 61 3 38 
1712934935 159574 59574014 14 16 2 0 0 1 60 101 
1712934935 159585 59585000 10 15 0 0 0 1 50 114 
1712934935 159585 59585007 10 15 1 0 0 1 24 244 
1712934935 159585 59585014 10 15 2 0 0 1 55 113 
1712934935 159589 59589000 14 13 0 0 0 1 5 110 
1712934935 159589 59589007 14 13 1 0 0 2 16 39 17 59 
1712934935 159589 59589014 14 13 2 0 0 1 49 138 
1712934935 159606 59606014 11 12 2 0 0 2 24 46 25 62 
1712934935 159612 59612007 12 12 1 0 0 2 5 87 6 39 
1712934935 159631 59631000 11 13 0 0 0 1 61 71 
1712934935 159631 59631007 11 13 1 0 0 1 27 89 
1712934935 159633 59633007 13 15 1 0 0 2 29 70 30 55 
1712934935 159633 59633014 13 15 2 0 0 1 37 119 
1712934935 159677 59677000 12 17 0 0 0 2 52 47 53 67 
1712934935 159787 59787014 12 13 2 0 0 2 22 4 23 85 
1712934935 159848 59848000 13 14 0 0 0 1 0 102 
1712934935 159865 59865000 10 13 0 0 0 2 62 49 63 34 
1712934935 159910 59910000 10 16 0 0 0 1 63 63 
1712934935 159910 59910007 10 16 1 0 0 1 47 91 
1712934935 159910 59910014 10 16 2 0 0 1 27 105 
1712934935 159912 59912000 12 12 0 0 0 1 4 102 
1712934935 159912 59912007 12 12 1 0 0 1 6 108 
1712934935 159912 59912014 12 12 2 0 0 2 26 89 27 15 
1712934935 159920 59920007 10 14 1 0 0 2 54 24 55 75 
1712934935 159920 59920014 10 14 2 0 0 1 57 88 
1712934935 159954 59954000 14 12 0 0 0 1 10 110 
1712934935 159954 59954007 14 12 1 0 0 2 33 51 34 43 
1712934935 159954 59954014 14 12 2 0 0 2 34 23 35 63 
1712934935 160124 60124007 14 14 1 0 0 2 6 33 7 132 
1712934935 160187 60187000 12 17 0 0 0 1 9 103 
1712934935 160187 60187007 12 17 1 0 0 2 6 112 7 1 
1712934935 160345 60345007 10 13 1 0 0 2 50 110 51 16 
1712934935 160345 60345014 10 13 2 0 0 1 38 223 
1712934935 160379 60379014 14 17 2 0 0 1 54 143 
1712934935 160397 60397014 12 17 2 0 0 1 40 143 
1712934935 160589 60589000 14 17 0 0 0 1 5 101 
1712934935 160619 60619000 14 17 0 0 0 2 42 102 63 51 
1712934935 160619 60619007 14 17 1 0 0 3 34 4 37 37 38 79 
1712934935 160619 60619014 14 17 2 0 0 1 34 112 
1712934935 160700 60700000 10 14 0 0 0 1 49 87 
1712934935 160700 60700007 10 14 1 0 0 4 15 70 16 12 51 11 52 24 
1712934935 160700 60700014 10 14 2 0 0 1 58 91 
1712934935 160752 60752007 12 12 1 0 0 1 18 74 
1712934935 160844 60844014 14 14 2 0 0 1 16 130 
1712934935 161127 61127000 12 15 0 0 0 1 43 121 
1712934935 161127 61127007 12 15 1 0 0 1 32 99 
1712934935 161127 61127014 12 15 2 0 0 2 2 14 3 82 
1712934935 161332 61332007 12 16 1 0 0 2 53 33 54 92 
1712934935 161463 61463000 13 15 0 0 0 1 32 85 
1712934935 161463 61463007 13 15 1 0 0 1 34 143 
1712934935 161463 61463014 13 15 2 0 0 2 26 7 27 82 
1712934935 161634 61634007 14 12 1 0 0 1 33 106 
1712934935 161634 61634014 14 12 2 0 0 1 51 104 
1712934935 161669 61669014 14 17 2 0 0 1 25 118 
1712934935 161687 61687014 12 17 2 0 0 1 24 101 
1712934935 161778 61778014 13 12 2 0 0 1 62 129 
1712934935 161901 61901000 11 15 0 0 0 1 3 80 
1712934935 161941 61941000 11 13 0 0 0 2 56 49 57 41 
1712934935 161941 61941007 11 13 1 0 0 1 4 84 
1712934935 161961 61961014 11 15 2 0 0 1 19 113 
1712934935 161990 61990007 10 14 1 0 0 2 1 124 19 42 
1712934935 161990 61990014 10 14 2 0 0 1 22 132 
1712934935 162093 62093000 13 15 0 0 0 2 46 86 47 29 
1712934935 162098 62098000 13 14 0 0 0 2 24 99 25 13 
1712934935 162098 62098007 13 14 1 0 0 1 3 195 
1712934935 162114 62114007 14 12 1 0 0 1 58 140 
1712934935 162119 62119000 14 17 0 0 0 1 59 87 
1712934935 162146 62146000 11 14 0 0 0 1 12 95 
1712934935 162146 62146007 11 14 1 0 0 1 6 94 
1712934935 162146 62146014 11 14 2 0 0 2 36 26 37 57 
1712934935 162209 62209014 14 17 2 0 0 1 8 119 
1712934935 162238 62238000 13 16 0 0 0 1 37 105 
1712934935 162238 62238007 13 16 1 0 0 1 48 111 
1712934935 162315 62315014 10 15 2 0 0 1 13 110 
1712934935 162316 62316007 11 16 1 0 0 2 48 10 49 93 
1712934935 162316 62316014 11 16 2 0 0 1 32 120 
1712934935 162319 62319000 14 13 0 0 0 2 10 73 11 73 
1712934935 162439 62439000 14 13 0 0 0 2 2 23 3 57 
1712934935 162439 62439007 14 13 1 0 0 2 16 4 37 90 
1712934935 162439 62439014 14 13 2 0 0 1 22 82 
1712934935 162450 62450000 10 12 0 0 0 2 8 114 9 37 
1712934935 162450 62450007 10 12 1 0 0 1 43 112 
1712934935 162450 62450014 10 12 2 0 0 1 6 110 
1712934935 162463 62463000 13 13 0 0 0 1 53 103 
1712934935 162653 62653000 13 17 0 0 0 1 16 100 
1712934935 162653 62653007 13 17 1 0 0 2 37 82 38 29 
1712934935 162653 62653014 13 17 2 0 0 2 38 19 39 93 
1712934935 162656 62656000 11 14 0 0 0 1 55 81 
1712934935 162656 62656007 11 14 1 0 0 1 53 126 
1712934935 162694 62694000 14 16 0 0 0 1 50 171 
1712934935 162694 62694007 14 16 1 0 0 1 21 114 
1712934935 162707 62707014 12 17 2 0 0 2 2 105 23 20 
1712934935 162733 62733000 13 13 0 0 0 1 10 83 
1712934935 162733 62733007 13 13 1 0 0 1 20 89 
1712934935 162733 62733014 13 13 2 0 0 1 3 86 
1712934935 162977 62977000 12 17 0 0 0 1 27 80 
1712934935 162977 62977007 12 17 1 0 0 1 8 90 
1712934935 162977 62977014 12 17 2 0 0 1 35 86 
1712934935 162999 62999000 14 15 0 0 0 2 24 58 25 62 
1712934935 162999 62999007 14 15 1 0 0 2 46 317 47 30 
1712934935 163060 63060014 10 16 2 0 0 1 0 119 
1712934935 163080 63080000 10 12 0 0 0 2 20 32 21 67 
1712934935 163080 63080007 10 12 1 0 0 1 10 121 
1712934935 163100 63100014 10 14 2 0 0 2 51 2 52 106 
1712934935 163453 63453007 13 13 1 0 0 2 62 93 63 9 
1712934935 163453 63453014 13 13 2 0 0 1 60 98 
1712934935 163468 63468000 13 16 0 0 0 1 43 112 
1712934935 163468 63468007 13 16 1 0 0 2 41 104 42 1 
1712934935 163468 63468014 13 16 2 0 0 2 21 78 22 21 
1712934935 163531 63531000 11 13 0 0 0 2 31 78 42 121 
1712934935 163531 63531007 11 13 1 0 0 1 51 75 
1712934935 163531 63531014 11 13 2 0 0 1 52 108 
1712934935 163588 63588007 13 16 1 0 0 1 16 123 
1712934935 163588 63588014 13 16 2 0 0 2 20 109 21 22 
1712934935 163606 63606000 11 16 0 0 0 1 52 83 
1712934935 163606 63606007 11 16 1 0 0 1 3 77 
1712934935 163677 63677000 12 15 0 0 0 1 35 94 
1712934935 163677 63677007 12 15 1 0 0 1 31 118 
1712934935 163677 63677014 12 15 2 0 0 1 33 90 
1712934935 163721 63721000 11 17 0 0 0 2 16 55 17 69 
1712934935 163744 63744000 14 16 0 0 0 1 3 85 
1712934935 163745 63745000 10 17 0 0 0 1 54 126 
1712934935 163971 63971007 11 15 1 0 0 2 45 95 46 15 
1712934935 163971 63971014 11 15 2 0 0 2 37 15 38 92 
1712934935 163983 63983014 13 15 2 0 0 1 0 84 
1712934935 164163 64163000 13 15 0 0 0 2 57 4 58 128 
1712934935 164270 64270000 10 14 0 0 0 1 17 96 
1712934935 164270 64270007 10 14 1 0 0 1 62 98 
1712934935 164462 64462007 12 14 1 0 0 2 47 19 48 69 
1712934935 164462 64462014 12 14 2 0 0 1 55 88 
1712934935 164477 64477000 12 17 0 0 0 1 18 80 
1712934935 164477 64477007 12 17 1 0 0 1 60 95 
1712934935 164477 64477014 12 17 2 0 0 1 12 85 
1712934935 164490 64490000 10 12 0 0 0 1 38 97 
1712934935 164577 64577000 12 15 0 0 0 2 9 84 10 26 
1712934935 164641 64641000 11 13 0 0 0 2 53 105 56 98 
1712934935 164641 64641007 11 13 1 0 0 2 14 48 15 37 
1712934935 164641 64641014 11 13 2 0 0 2 46 52 47 73 
1712934935 164835 64835014 10 15 2 0 0 2 62 76 63 87 
1712934935 164904 64904007 14 12 1 0 0 2 42 46 43 54 
1712934935 164904 64904014 14 12 2 0 0 2 38 116 39 2 
1712934935 165011 65011007 11 17 1 0 0 1 11 110 
1712934935 165011 65011014 11 17 2 0 0 2 16 24 17 62 
1712934935 165022 65022000 12 16 0 0 0 2 6 60 7 55 
1712934935 165151 65151000 11 13 0 0 0 1 40 88 
1712934935 165151 65151007 11 13 1 0 0 1 50 84 
1712934935 165151 65151014 11 13 2 0 0 1 49 86 
1712934935 165210 65210007 10 12 1 0 0 2 6 4 7 95 
1712934935 165210 65210014 10 12 2 0 0 1 10 176 
1712934935 165491 65491000 11 17 0 0 0 2 11 7 12 78 
1712934935 165491 65491007 11 17 1 0 0 1 47 94 
1712934935 165567 65567000 12 15 0 0 0 1 48 85 
1712934935 165567 65567007 12 15 1 0 0 2 24 22 25 61 
1712934935 165589 65589000 14 13 0 0 0 2 60 73 61 39 
1712934935 165589 65589007 14 13 1 0 0 1 23 116 
1712934935 165589 65589014 14 13 2 0 0 2 17 39 18 64 
1712934935 165793 65793014 13 13 2 0 0 1 7 221 
1712934935 165804 65804014 14 12 2 0 0 1 1 92 
1712934935 165827 65827000 12 17 0 0 0 1 19 88 
1712934935 165827 65827007 12 17 1 0 0 1 53 91 
1712934935 165874 65874000 14 16 0 0 0 1 21 107 
1712934935 165874 65874007 14 16 1 0 0 1 59 98 
1712934935 165940 65940000 10 16 0 0 0 1 2 82 
1712934935 165940 65940007 10 16 1 0 0 3 0 5 4 119 5 1 
1712934935 166054 66054007 14 16 1 0 0 1 59 79 
1712934935 166054 66054014 14 16 2 0 0 2 55 83 56 3 
1712934935 166370 66370000 10 14 0 0 0 2 6 1 7 91 
1712934935 166526 66526000 11 14 0 0 0 1 58 89 
1712934935 166526 66526007 11 14 1 0 0 1 51 76 
1712934935 166526 66526014 11 14 2 0 0 2 37 20 38 74 
1712934935 166605 66605000 10 15 0 0 0 1 59 95 
1712934935 166605 66605007 10 15 1 0 0 1 6 79 
1712934935 166605 66605014 10 15 2 0 0 1 59 89 
1712934935 166709 66709007 14 17 1 0 0 2 52 142 53 6 
1712934935 166830 66830014 10 12 2 0 0 1 22 27 
1712934935 166868 66868000 13 14 0 0 0 2 32 21 33 93 
1712934935 166868 66868007 13 14 1 0 0 2 30 77 31 30 
1712934935 166868 66868014 13 14 2 0 0 1 12 121 
1712934935 166897 66897000 12 13 0 0 0 2 53 98 54 162 
1712934935 166897 66897007 12 13 1 0 0 2 33 47 34 58 
1712934935 166897 66897014 12 13 2 0 0 2 44 90 45 13 
1712934935 167024 67024000 14 14 0 0 0 2 31 13 32 71 
1712934935 167024 67024007 14 14 1 0 0 2 4 19 35 89 
1712934935 167024 67024014 14 14 2 0 0 1 56 117 
1712934935 167053 67053000 13 13 0 0 0 2 42 64 43 31 
1712934935 167053 67053007 13 13 1 0 0 1 9 97 
1712934935 167053 67053014 13 13 2 0 0 2 61 73 62 4 
1712934935 167058 67058007 13 12 1 0 0 2 47 84 48 46 
1712934935 167058 67058014 13 12 2 0 0 2 28 34 29 111 
1712934935 167100 67100007 10 12 1 0 0 1 48 116 
1712934935 167100 67100014 10 12 2 0 0 2 35 17 36 120 
1712934935 167155 67155014 10 13 2 0 0 1 61 83 
1712934935 167250 67250000 10 12 0 0 0 1 2 96 
1712934935 167323 67323000 13 13 0 0 0 1 45 113 
1712934935 167323 67323007 13 13 1 0 0 1 28 91 
1712934935 167323 67323014 13 13 2 0 0 1 34 77 
1712934935 167428 67428014 13 16 2 0 0 1 51 100 
1712934935 167485 67485000 10 13 0 0 0 1 12 95 
1712934935 167485 67485007 10 13 1 0 0 2 4 67 5 35 
1712934935 167485 67485014 10 13 2 0 0 1 17 96 
1712934935 167503 67503000 13 13 0 0 0 1 63 84 
1712934935 167503 67503007 13 13 1 0 0 2 28 108 33 106 
1712934935 167503 67503014 13 13 2 0 0 1 35 109 
1712934935 167539 67539014 14 13 2 0 0 2 12 93 13 9 
1712934935 167574 67574000 14 12 0 0 0 1 55 91 
1712934935 167574 67574007 14 12 1 0 0 1 39 92 
1712934935 167574 67574014 14 12 2 0 0 1 28 92 
1712934935 167642 67642000 12 14 0 0 0 1 57 166 
1712934935 167642 67642007 12 14 1 0 0 1 17 103 
1712934935 167642 67642014 12 14 2 0 0 1 41 108 
1712934935 167651 67651007 11 17 1 0 0 1 17 81 
1712934935 167651 67651014 11 17 2 0 0 1 54 87 
1712934935 167726 67726007 11 14 1 0 0 1 41 96 
1712934935 167726 67726014 11 14 2 0 0 2 22 39 23 96 
1712934935 167873 67873014 13 17 2 0 0 2 59 48 60 66 
1712934935 167953 67953007 13 13 1 0 0 2 2 55 3 36 
1712934935 167967 67967000 12 15 0 0 0 1 38 115 
1712934935 168058 68058000 13 16 0 0 0 1 14 96 
1712934935 168058 68058007 13 16 1 0 0 1 20 101 
1712934935 168200 68200007 10 14 1 0 0 1 59 55 
1712934935 168200 68200014 10 14 2 0 0 1 55 88 
1712934935 168225 68225000 10 15 0 0 0 1 40 125 
1712934935 168252 68252007 12 12 1 0 0 2 59 83 60 34 
1712934935 168362 68362000 12 14 0 0 0 2 14 37 15 48 
1712934935 168441 68441007 11 15 1 0 0 1 3 83 
1712934935 168441 68441014 11 15 2 0 0 2 8 82 9 21 
1712934935 168490 68490000 10 16 0 0 0 1 22 92 
1712934935 168490 68490007 10 16 1 0 0 1 19 77 
1712934935 168490 68490014 10 16 2 0 0 1 23 88 
1712934935 168543 68543000 13 15 0 0 0 1 42 87 
1712934935 168543 68543007 13 15 1 0 0 3 0 60 9 91 10 12 
1712934935 168543 68543014 13 15 2 0 0 1 34 85 
1712934935 168574 68574014 14 16 2 0 0 2 35 62 36 65 
1712934935 168619 68619014 14 13 2 0 0 1 55 96 
1712934935 168694 68694000 14 16 0 0 0 1 30 104 
1712934935 168862 68862000 12 16 0 0 0 1 57 91 
1712934935 168862 68862007 12 16 1 0 0 1 16 81 
1712934935 168862 68862014 12 16 2 0 0 2 36 86 37 10 
1712934935 169067 69067000 12 17 0 0 0 1 61 84 
1712934935 169067 69067007 12 17 1 0 0 1 40 97 
1712934935 169067 69067014 12 17 2 0 0 1 31 85 
1712934935 169130 69130014 10 14 2 0 0 1 63 77 
1712934935 169240 69240007 10 16 1 0 0 2 2 25 3 83 
1712934935 169240 69240014 10 16 2 0 0 1 49 97 
1712934935 169300 69300007 10 16 1 0 0 1 1 82 
1712934935 169300 69300014 10 16 2 0 0 2 8 55 9 34 
1712934935 169398 69398000 13 12 0 0 0 1 56 79 
1712934935 169398 69398007 13 12 1 0 0 1 57 112 
1712934935 169398 69398014 13 12 2 0 0 1 52 92 
1712934935 169562 69562000 12 14 0 0 0 1 51 131 
1712934935 169562 69562007 12 14 1 0 0 1 50 103 
1712934935 169608 69608000 13 12 0 0 0 1 60 79 
1712934935 169608 69608007 13 12 1 0 0 1 24 79 
1712934935 169608 69608014 13 12 2 0 0 1 61 87 
1712934935 169955 69955000 10 17 0 0 0 2 30 214 31 56 
1712934935 169955 69955007 10 17 1 0 0 1 25 75 
1712934935 169955 69955014 10 17 2 0 0 1 39 97 
1712934935 170020 70020007 10 16 1 0 0 1 30 82 
1712934935 170020 70020014 10 16 2 0 0 2 12 87 13 55 
1712934935 170220 70220014 10 12 2 0 0 1 4 98 
1712934935 170240 70240007 10 14 1 0 0 2 25 55 26 34 
1712934935 170240 70240014 10 14 2 0 0 1 14 98 
1712934935 170251 70251014 11 13 2 0 0 1 60 126 
1712934935 170254 70254000 14 16 0 0 0 1 3 98 
1712934935 170335 70335000 10 13 0 0 0 2 10 28 11 56 
1712934935 170335 70335007 10 13 1 0 0 1 43 107 
1712934935 170401 70401007 11 13 1 0 0 1 62 86 
1712934935 170401 70401014 11 13 2 0 0 2 62 55 63 63 
1712934935 170466 70466014 11 12 2 0 0 2 2 57 3 57 
1712934935 170493 70493007 13 15 1 0 0 2 5 97 14 4 
1712934935 170493 70493014 13 15 2 0 0 1 41 141 
1712934935 170519 70519000 14 17 0 0 0 1 57 106 
1712934935 170519 70519007 14 17 1 0 0 2 2 106 3 12 
1712934935 170544 70544014 14 12 2 0 0 1 63 84 
1712934935 170547 70547000 12 15 0 0 0 1 55 93 
1712934935 170547 70547007 12 15 1 0 0 1 27 119 
1712934935 170547 70547014 12 15 2 0 0 1 39 86 
1712934935 170623 70623000 13 13 0 0 0 1 43 88 
1712934935 170623 70623007 13 13 1 0 0 2 52 29 53 49 
1712934935 170623 70623014 13 13 2 0 0 1 52 78 
1712934935 170682 70682000 12 12 0 0 0 2 58 104 59 16 
1712934935 170697 70697000 12 15 0 0 0 2 39 38 40 92 
1712934935 170697 70697007 12 15 1 0 0 1 17 137 
1712934935 170780 70780000 10 14 0 0 0 1 28 89 
1712934935 170780 70780007 10 14 1 0 0 1 53 86 
1712934935 170780 70780014 10 14 2 0 0 1 11 88 
1712934935 170932 70932000 12 16 0 0 0 1 24 92 
1712934935 170932 70932007 12 16 1 0 0 2 18 78 19 26 
1712934935 170932 70932014 12 16 2 0 0 1 35 178 
1712934935 171024 71024007 14 12 1 0 0 2 45 5 46 112 
1712934935 171106 71106007 11 16 1 0 0 3 15 62 16 27 17 157 
1712934935 171106 71106014 11 16 2 0 0 1 5 96 
1712934935 171155 71155014 10 17 2 0 0 2 56 28 57 97 
1712934935 171287 71287007 12 17 1 0 0 1 18 114 
1712934935 171287 71287014 12 17 2 0 0 2 22 37 23 67 
1712934935 171355 71355007 10 13 1 0 0 1 19 102 
1712934935 171355 71355014 10 13 2 0 0 1 13 124 
1712934935 171382 71382014 12 16 2 0 0 1 42 108 
1712934935 171392 71392000 12 14 0 0 0 1 38 98 
1712934935 171392 71392007 12 14 1 0 0 1 35 160 
1712934935 171392 71392014 12 14 2 0 0 2 55 4 56 96 
1712934935 171419 71419007 14 17 1 0 0 2 15 87 24 43 
1712934935 171419 71419014 14 17 2 0 0 2 6 149 7 3 
1712934935 171519 71519014 14 15 2 0 0 2 26 41 27 49 
1712934935 171530 71530000 10 14 0 0 0 2 43 122 44 37 
1712934935 171530 71530007 10 14 1 0 0 1 46 94 
1712934935 171530 71530014 10 14 2 0 0 1 17 156 
1712934935 171532 71532014 12 16 2 0 0 1 29 96 
1712934935 171563 71563007 13 17 1 0 0 2 11 105 12 2 
1712934935 171563 71563014 13 17 2 0 0 2 35 64 36 76 
1712934935 171574 71574007 14 16 1 0 0 2 6 99 7 48 
1712934935 171624 71624000 14 12 0 0 0 1 50 88 
1712934935 171624 71624007 14 12 1 0 0 1 41 106 
1712934935 171624 71624014 14 12 2 0 0 1 59 150 
1712934935 171635 71635014 10 17 2 0 0 1 52 122 
1712934935 171658 71658000 13 16 0 0 0 2 9 20 10 100 
1712934935 171658 71658007 13 16 1 0 0 1 38 163 
1712934935 171658 71658014 13 16 2 0 0 1 40 93 
1712934935 171708 71708000 13 12 0 0 0 1 5 96 
1712934935 171708 71708007 13 12 1 0 0 1 8 135 
1712934935 171785 71785014 10 17 2 0 0 2 2 78 3 22 
1712934935 171848 71848007 13 14 1 0 0 1 3 89 
1712934935 171868 71868014 13 16 2 0 0 1 59 212 
1712934935 172012 72012007 12 16 1 0 0 2 29 21 30 86 
1712934935 172012 72012014 12 16 2 0 0 2 22 113 23 8 
1712934935 172156 72156014 11 16 2 0 0 1 29 107 
1712934935 172212 72212000 12 12 0 0 0 1 4 99 
1712934935 172212 72212007 12 12 1 0 0 1 3 81 
1712934935 172265 72265000 10 17 0 0 0 2 47 86 48 5 
1712934935 172479 72479000 14 15 0 0 0 1 10 152 
1712934935 172479 72479007 14 15 1 0 0 2 24 85 25 23 
1712934935 172479 72479014 14 15 2 0 0 1 23 106 
1712934935 172517 72517000 12 17 0 0 0 1 31 77 
1712934935 172517 72517007 12 17 1 0 0 1 11 93 
1712934935 172517 72517014 12 17 2 0 0 2 14 49 15 31 
1712934935 172539 72539000 14 15 0 0 0 1 63 157 
1712934935 172539 72539007 14 15 1 0 0 1 47 106 
1712934935 172539 72539014 14 15 2 0 0 2 17 109 18 43 
1712934935 172728 72728000 13 12 0 0 0 1 2 95 
1712934935 172728 72728007 13 12 1 0 0 1 42 119 
1712934935 172728 72728014 13 12 2 0 0 1 33 93 
1712934935 172795 72795014 10 13 2 0 0 2 51 14 52 120 
1712934935 172810 72810014 10 16 2 0 0 5 11 94 12 17 16 40 17 108 18 21 
1712934935 172856 72856000 11 14 0 0 0 2 58 14 59 70 
1712934935 173004 73004000 14 12 0 0 0 2 36 16 37 94 
1712934935 173023 73023000 13 13 0 0 0 1 57 142 
1712934935 173065 73065014 10 13 2 0 0 2 33 109 34 40 
1712934935 173116 73116000 11 16 0 0 0 1 31 84 
1712934935 173116 73116007 11 16 1 0 0 1 28 91 
1712934935 173116 73116014 11 16 2 0 0 1 24 106 
1712934935 173204 73204014 14 14 2 0 0 1 3 110 
1712934935 173258 73258000 13 14 0 0 0 1 63 112 
1712934935 173258 73258007 13 14 1 0 0 1 3 92 
1712934935 173278 73278000 13 16 0 0 0 2 10 62 11 38 
1712934935 173295 73295000 10 15 0 0 0 1 32 88 
1712934935 173295 73295007 10 15 1 0 0 1 4 75 
1712934935 173295 73295014 10 15 2 0 0 1 22 180 
1712934935 173441 73441000 11 17 0 0 0 1 1 119 
1712934935 173442 73442014 12 12 2 0 0 1 25 112 
1712934935 173586 73586000 11 12 0 0 0 2 30 4 49 2 
1712934935 173594 73594007 14 14 1 0 0 1 35 111 
1712934935 173594 73594014 14 14 2 0 0 1 10 104 
1712934935 173617 73617000 12 13 0 0 0 1 34 81 
1712934935 173617 73617007 12 13 1 0 0 2 32 16 33 100 
1712934935 173617 73617014 12 13 2 0 0 1 34 120 
1712934935 173686 73686007 11 16 1 0 0 1 54 162 
1712934935 173686 73686014 11 16 2 0 0 1 26 121 
1712934935 173859 73859014 14 15 2 0 0 1 1 154 
1712934935 173880 73880000 10 12 0 0 0 1 63 94 
1712934935 173880 73880007 10 12 1 0 0 2 28 64 29 58 
1712934935 173880 73880014 10 12 2 0 0 2 49 65 50 33 
1712934935 174015 74015000 10 15 0 0 0 1 45 100 
1712934935 174015 74015007 10 15 1 0 0 1 35 110 
1712934935 174015 74015014 10 15 2 0 0 1 22 98 
1712934935 174068 74068000 13 14 0 0 0 1 1 81 
1712934935 174121 74121000 11 13 0 0 0 2 2 109 3 49 
1712934935 174142 74142000 12 16 0 0 0 1 16 96 
1712934935 174142 74142007 12 16 1 0 0 2 22 96 26 101 
1712934935 174142 74142014 12 16 2 0 0 1 0 82 
1712934935 174154 74154007 14 16 1 0 0 1 59 102 
1712934935 174154 74154014 14 16 2 0 0 1 61 92 
1712934935 174181 74181014 11 13 2 0 0 2 10 133 11 24 
1712934935 174450 74450000 10 12 0 0 0 1 27 89 
1712934935 174450 74450007 10 12 1 0 0 1 3 83 
1712934935 174450 74450014 10 12 2 0 0 1 0 20 
1712934935 174486 74486000 11 12 0 0 0 1 41 79 
1712934935 174486 74486007 11 12 1 0 0 1 11 90 
1712934935 174486 74486014 11 12 2 0 0 1 30 82 
1712934935 174552 74552014 12 12 2 0 0 2 13 69 14 37 
1712934935 174583 74583000 13 13 0 0 0 2 22 27 23 59 
1712934935 174583 74583007 13 13 1 0 0 1 37 177 
1712934935 174583 74583014 13 13 2 0 0 1 48 103 
1712934935 174648 74648007 13 12 1 0 0 2 37 130 46 21 
1712934935 174648 74648014 13 12 2 0 0 2 18 155 19 25 
1712934935 174675 74675000 10 15 0 0 0 1 50 116 
1712934935 174675 74675007 10 15 1 0 0 2 48 15 49 91 
1712934935 174675 74675014 10 15 2 0 0 1 22 95 
1712934935 174706 74706000 11 16 0 0 0 2 36 13 37 112 
1712934935 174706 74706007 11 16 1 0 0 2 4 94 5 25 
1712934935 174709 74709000 14 13 0 0 0 2 39 51 40 30 
1712934935 174709 74709007 14 13 1 0 0 1 6 98 
1712934935 174709 74709014 14 13 2 0 0 1 44 78 
1712934935 174735 74735000 10 15 0 0 0 2 47 67 48 22 
1712934935 174735 74735007 10 15 1 0 0 1 44 120 
1712934935 174780 74780000 10 12 0 0 0 1 61 90 
1712934935 174780 74780007 10 12 1 0 0 1 39 136 
1712934935 174780 74780014 10 12 2 0 0 1 46 98 
1712934935 174817 74817014 12 13 2 0 0 2 26 14 27 88 
1712934935 174870 74870007 10 12 1 0 0 2 3 95 4 11 
1712934935 174870 74870014 10 12 2 0 0 1 2 84 
1712934935 174983 74983007 13 17 1 0 0 1 62 79 
1712934935 174983 74983014 13 17 2 0 0 2 45 36 46 49 
1712934935 175238 75238000 13 14 0 0 0 1 31 138 
1712934935 175238 75238007 13 14 1 0 0 2 36 57 37 27 
1712934935 175238 75238014 13 14 2 0 0 2 20 83 21 12 
1712934935 175267 75267000 12 13 0 0 0 2 24 15 25 105 
1712934935 175267 75267007 12 13 1 0 0 1 43 103 
1712934935 175282 75282014 12 16 2 0 0 2 17 8 18 139 
1712934935 175323 75323000 13 15 0 0 0 1 26 121 
1712934935 175323 75323007 13 15 1 0 0 2 29 93 35 6 
1712934935 175323 75323014 13 15 2 0 0 2 37 62 38 71 
1712934935 175354 75354000 14 16 0 0 0 3 26 54 36 113 42 7 
1712934935 175354 75354007 14 16 1 0 0 2 45 18 46 97 
1712934935 175354 75354014 14 16 2 0 0 2 27 71 28 9 
1712934935 175416 75416014 11 12 2 0 0 1 60 111 
1712934935 175434 75434007 14 12 1 0 0 1 60 109 
1712934935 175450 75450000 10 16 0 0 0 1 7 100 
1712934935 175450 75450007 10 16 1 0 0 1 15 85 
1712934935 175450 75450014 10 16 2 0 0 1 19 87 
1712934935 175494 75494000 14 12 0 0 0 1 39 92 
1712934935 175494 75494007 14 12 1 0 0 1 41 188 
1712934935 175494 75494014 14 12 2 0 0 1 38 91 
1712934935 175498 75498000 13 16 0 0 0 1 26 117 
1712934935 175514 75514014 14 14 2 0 0 2 9 27 10 77 
1712934935 175602 75602000 12 12 0 0 0 1 34 94 
1712934935 175602 75602007 12 12 1 0 0 1 54 7 
1712934935 175614 75614000 14 12 0 0 0 1 48 170 
1712934935 175614 75614007 14 12 1 0 0 2 26 94 27 18 
1712934935 175614 75614014 14 12 2 0 0 1 42 206 
1712934935 175679 75679007 14 17 1 0 0 2 25 60 26 48 
1712934935 175679 75679014 14 17 2 0 0 1 33 118 
1712934935 175887 75887000 12 15 0 0 0 1 7 171 
1712934935 175887 75887007 12 15 1 0 0 1 23 102 
1712934935 175887 75887014 12 15 2 0 0 1 53 123 
1712934935 175904 75904007 14 14 1 0 0 2 22 37 23 73 
1712934935 175904 75904014 14 14 2 0 0 2 35 73 36 50 
1712934935 176069 76069007 14 17 1 0 0 2 30 109 31 29 
1712934935 176069 76069014 14 17 2 0 0 1 38 130 
1712934935 176216 76216000 11 14 0 0 0 1 59 89 
1712934935 176216 76216007 11 14 1 0 0 1 21 91 
1712934935 176216 76216014 11 14 2 0 0 2 49 79 50 169 
1712934935 176245 76245000 10 13 0 0 0 2 31 51 32 64 
1712934935 176245 76245007 10 13 1 0 0 1 52 207 
1712934935 176299 76299000 14 13 0 0 0 1 3 137 
1712934935 176304 76304000 14 12 0 0 0 3 56 58 62 37 63 187 
1712934935 176304 76304007 14 12 1 0 0 1 26 122 
1712934935 176304 76304014 14 12 2 0 0 1 11 113 
1712934935 176306 76306000 11 14 0 0 0 1 40 110 
1712934935 176369 76369000 14 17 0 0 0 1 16 92 
1712934935 176369 76369007 14 17 1 0 0 1 62 112 
1712934935 176426 76426000 11 14 0 0 0 2 19 72 20 43 
1712934935 176429 76429000 14 17 0 0 0 2 9 5 10 105 
1712934935 176508 76508007 13 12 1 0 0 1 1 116 
1712934935 176508 76508014 13 12 2 0 0 2 39 16 40 95 
1712934935 176560 76560000 10 16 0 0 0 1 17 84 
1712934935 176560 76560007 10 16 1 0 0 2 24 53 25 66 
1712934935 176621 76621000 11 17 0 0 0 2 19 60 37 120 
1712934935 176654 76654014 14 14 2 0 0 2 40 29 41 111 
1712934935 176819 76819000 14 17 0 0 0 1 41 83 
1712934935 176819 76819007 14 17 1 0 0 2 11 86 12 26 
1712934935 176853 76853007 13 15 1 0 0 1 63 39 
1712934935 176853 76853014 13 15 2 0 0 1 30 129 
1712934935 176875 76875000 10 13 0 0 0 1 24 152 
1712934935 177105 77105007 10 15 1 0 0 1 2 91 
1712934935 177105 77105014 10 15 2 0 0 1 50 98 
1712934935 177138 77138007 13 12 1 0 0 2 20 15 21 146 
1712934935 177233 77233007 13 17 1 0 0 1 59 105 
1712934935 177233 77233014 13 17 2 0 0 1 60 101 
1712934935 177244 77244000 14 16 0 0 0 1 58 89 
1712934935 177244 77244007 14 16 1 0 0 1 28 74 
1712934935 177244 77244014 14 16 2 0 0 1 57 80 
1712934935 177315 77315000 10 15 0 0 0 1 40 86 
1712934935 177315 77315007 10 15 1 0 0 1 60 88 
1712934935 177329 77329000 14 17 0 0 0 1 53 95 
1712934935 177368 77368000 13 14 0 0 0 1 20 95 
1712934935 177368 77368007 13 14 1 0 0 1 34 63 
1712934935 177415 77415000 10 13 0 0 0 1 2 114 
1712934935 177415 77415007 10 13 1 0 0 1 61 87 
1712934935 177420 77420000 10 12 0 0 0 2 48 96 49 2 
1712934935 177420 77420007 10 12 1 0 0 1 51 166 
1712934935 177420 77420014 10 12 2 0 0 1 52 117 
1712934935 177476 77476000 11 14 0 0 0 1 1 106 
1712934935 177476 77476007 11 14 1 0 0 1 39 100 
1712934935 177476 77476014 11 14 2 0 0 1 27 95 
1712934935 177549 77549007 14 15 1 0 0 1 10 29 
1712934935 177569 77569014 14 17 2 0 0 1 10 81 
1712934935 177781 77781000 11 13 0 0 0 3 15 95 27 80 28 73 
1712934935 177781 77781007 11 13 1 0 0 1 42 190 
1712934935 177781 77781014 11 13 2 0 0 1 6 71 
1712934935 177783 77783000 13 15 0 0 0 1 35 102 
1712934935 177783 77783007 13 15 1 0 0 2 15 85 16 36 
1712934935 177884 77884000 14 14 0 0 0 1 47 75 
1712934935 177884 77884007 14 14 1 0 0 1 40 94 
1712934935 177884 77884014 14 14 2 0 0 1 46 84 
1712934935 177922 77922000 12 16 0 0 0 1 61 79 
1712934935 177943 77943000 13 13 0 0 0 1 2 109 
1712934935 177943 77943007 13 13 1 0 0 2 53 111 54 70 
1712934935 178165 78165000 10 13 0 0 0 1 60 90 
1712934935 178165 78165007 10 13 1 0 0 1 39 81 
1712934935 178165 78165014 10 13 2 0 0 1 45 134 
1712934935 178168 78168000 13 16 0 0 0 1 17 99 
1712934935 178168 78168007 13 16 1 0 0 1 43 106 
1712934935 178168 78168014 13 16 2 0 0 2 42 57 43 48 
1712934935 178187 78187000 12 17 0 0 0 1 56 91 
1712934935 178187 78187007 12 17 1 0 0 2 49 45 50 63 
1712934935 178269 78269007 14 15 1 0 0 2 7 54 8 43 
1712934935 178269 78269014 14 15 2 0 0 1 61 83 
1712934935 178270 78270000 10 16 0 0 0 1 48 135 
1712934935 178270 78270007 10 16 1 0 0 1 23 114 
1712934935 178270 78270014 10 16 2 0 0 2 8 1 9 117 
1712934935 178282 78282007 12 16 1 0 0 1 58 102 
1712934935 178282 78282014 12 16 2 0 0 1 21 109 
1712934935 178289 78289014 14 17 2 0 0 2 0 51 1 79 
1712934935 178340 78340007 10 14 1 0 0 2 3 96 4 28 
1712934935 178346 78346000 11 14 0 0 0 1 63 101 
1712934935 178346 78346007 11 14 1 0 0 2 48 17 49 178 
1712934935 178346 78346014 11 14 2 0 0 1 35 119 
1712934935 178387 78387014 12 13 2 0 0 1 38 132 
1712934935 178400 78400014 10 14 2 0 0 2 5 53 6 67 
1712934935 178406 78406014 11 14 2 0 0 2 19 30 20 174 
1712934935 178429 78429000 14 13 0 0 0 2 35 181 36 56 
1712934935 178429 78429007 14 13 1 0 0 1 26 88 
1712934935 178440 78440014 10 12 2 0 0 1 62 86 
1712934935 178531 78531000 11 13 0 0 0 1 13 103 
1712934935 178531 78531007 11 13 1 0 0 2 14 107 15 56 
1712934935 178531 78531014 11 13 2 0 0 2 43 36 44 68 
1712934935 178653 78653014 13 15 2 0 0 2 56 35 57 90 
1712934935 178837 78837000 12 13 0 0 0 1 7 127 
1712934935 178837 78837007 12 13 1 0 0 2 33 76 34 39 
1712934935 178837 78837014 12 13 2 0 0 2 54 82 55 47 
1712934935 178869 78869007 14 15 1 0 0 1 61 95 
1712934935 178869 78869014 14 15 2 0 0 1 33 128 
1712934935 178893 78893000 13 15 0 0 0 1 15 161 
1712934935 178893 78893007 13 15 1 0 0 1 27 123 
1712934935 178893 78893014 13 15 2 0 0 1 30 88 
1712934935 179000 79000000 10 14 0 0 0 1 17 87 
1712934935 179000 79000007 10 14 1 0 0 1 52 113 
1712934935 179000 79000014 10 14 2 0 0 1 20 87 
1712934935 179037 79037000 12 15 0 0 0 1 29 83 
1712934935 179037 79037007 12 15 1 0 0 2 45 9 46 107 
1712934935 179037 79037014 12 15 2 0 0 1 28 90 
1712934935 179044 79044000 14 16 0 0 0 2 26 158 27 15 
1712934935 179044 79044007 14 16 1 0 0 1 50 105 
1712934935 179044 79044014 14 16 2 0 0 1 63 96 
1712934935 179045 79045014 10 17 2 0 0 2 6 18 7 145 
1712934935 179091 79091000 11 15 0 0 0 2 36 30 37 75 
1712934935 179091 79091007 11 15 1 0 0 1 21 116 
1712934935 179137 79137007 12 13 1 0 0 2 45 10 46 6 
1712934935 179307 79307014 12 15 2 0 0 1 38 121 
1712934935 179323 79323000 13 13 0 0 0 2 61 30 62 65 
1712934935 179323 79323007 13 13 1 0 0 1 35 75 
1712934935 179323 79323014 13 13 2 0 0 2 53 73 54 16 
1712934935 179329 79329000 14 13 0 0 0 1 3 142 
1712934935 179329 79329007 14 13 1 0 0 1 6 112 
1712934935 179380 79380000 10 16 0 0 0 1 60 79 
1712934935 179380 79380007 10 16 1 0 0 1 40 206 
1712934935 179380 79380014 10 16 2 0 0 1 55 88 
1712934935 179492 79492000 12 14 0 0 0 1 22 90 
1712934935 179492 79492007 12 14 1 0 0 1 30 129 
1712934935 179492 79492014 12 14 2 0 0 2 7 72 8 13 
1712934935 179633 79633000 13 17 0 0 0 1 5 77 
1712934935 179633 79633007 13 17 1 0 0 1 39 100 
1712934935 179633 79633014 13 17 2 0 0 1 19 87 
1712934935 179714 79714000 14 14 0 0 0 1 0 61 
1712934935 179714 79714007 14 14 1 0 0 2 12 96 13 29 
1712934935 179714 79714014 14 14 2 0 0 2 51 59 52 55 
1712934935 179837 79837007 12 17 1 0 0 1 20 139 
1712934935 179837 79837014 12 17 2 0 0 2 28 71 29 39 
1712934935 180118 80118000 13 16 0 0 0 1 45 88 
1712934935 180118 80118007 13 16 1 0 0 1 56 96 
1712934935 180118 80118014 13 16 2 0 0 1 50 102 
1712934935 180127 80127000 12 13 0 0 0 1 2 83 
1712934935 180127 80127007 12 13 1 0 0 1 25 89 
1712934935 180127 80127014 12 13 2 0 0 1 0 80 
1712934935 180156 80156000 11 12 0 0 0 1 46 82 
1712934935 180156 80156007 11 12 1 0 0 1 32 88 
1712934935 180156 80156014 11 12 2 0 0 1 25 116 
1712934935 180168 80168007 13 12 1 0 0 2 1 88 2 2 
1712934935 180168 80168014 13 12 2 0 0 1 35 140 
1712934935 180181 80181000 11 13 0 0 0 1 41 81 
1712934935 180181 80181007 11 13 1 0 0 1 11 83 
1712934935 180181 80181014 11 13 2 0 0 2 29 55 30 29 
1712934935 180241 80241000 11 13 0 0 0 1 42 116 
1712934935 180241 80241007 11 13 1 0 0 1 21 87 
1712934935 180241 80241014 11 13 2 0 0 2 19 79 20 6 
1712934935 180343 80343000 13 13 0 0 0 1 16 276 
1712934935 180387 80387000 12 15 0 0 0 1 35 97 
1712934935 180387 80387007 12 15 1 0 0 1 19 113 
1712934935 180387 80387014 12 15 2 0 0 1 61 118 
1712934935 180426 80426014 11 12 2 0 0 1 42 118 
1712934935 180452 80452000 12 14 0 0 0 2 58 87 59 5 
1712934935 180452 80452007 12 14 1 0 0 1 13 88 
1712934935 180452 80452014 12 14 2 0 0 2 23 92 24 24 
1712934935 180670 80670014 10 16 2 0 0 1 58 114 
1712934935 180734 80734007 14 14 1 0 0 2 21 62 22 24 
1712934935 180734 80734014 14 14 2 0 0 2 5 20 6 83 
1712934935 180838 80838014 13 16 2 0 0 1 20 102 
1712934935 181086 81086000 11 12 0 0 0 1 49 85 
1712934935 181086 81086007 11 12 1 0 0 1 59 205 
1712934935 181086 81086014 11 12 2 0 0 1 53 127 
1712934935 181227 81227000 12 15 0 0 0 1 33 98 
1712934935 181227 81227007 12 15 1 0 0 2 43 72 44 16 
1712934935 181227 81227014 12 15 2 0 0 1 46 88 
1712934935 181277 81277000 12 17 0 0 0 3 60 29 61 95 62 12 
1712934935 181489 81489000 14 13 0 0 0 1 34 109 
1712934935 181581 81581014 11 15 2 0 0 1 53 83 
1712934935 181589 81589007 14 17 1 0 0 1 47 118 
1712934935 181589 81589014 14 17 2 0 0 2 48 58 49 101 
1712934935 181658 81658000 13 14 0 0 0 2 32 51 33 70 
1712934935 181658 81658007 13 14 1 0 0 1 61 10 
1712934935 181682 81682014 12 14 2 0 0 2 26 78 27 60 
1712934935 181695 81695014 10 15 2 0 0 1 34 108 
1712934935 181773 81773000 13 15 0 0 0 1 31 86 
1712934935 181773 81773007 13 15 1 0 0 1 36 84 
1712934935 181773 81773014 13 15 2 0 0 1 28 76 
1712934935 181863 81863014 13 15 2 0 0 1 55 91 
1712934935 181899 81899000 14 15 0 0 0 2 61 4 62 100 
1712934935 181925 81925000 10 17 0 0 0 1 23 100 
1712934935 181925 81925007 10 17 1 0 0 1 59 97 
1712934935 182059 82059000 14 13 0 0 0 1 63 99 
1712934935 182081 82081000 11 17 0 0 0 2 45 98 46 66 
1712934935 182176 82176014 11 16 2 0 0 2 53 27 54 68 
1712934935 182186 82186000 11 14 0 0 0 1 36 92 
1712934935 182186 82186007 11 14 1 0 0 2 40 44 41 42 
1712934935 182186 82186014 11 14 2 0 0 1 29 95 
1712934935 182268 82268007 13 12 1 0 0 2 35 50 36 77 
1712934935 182268 82268014 13 12 2 0 0 2 13 142 14 74 
1712934935 182347 82347007 12 13 1 0 0 2 45 23 46 80 
1712934935 182347 82347014 12 13 2 0 0 1 23 88 
1712934935 182647 82647007 12 13 1 0 0 2 2 126 3 5 
1712934935 182754 82754000 14 12 0 0 0 2 9 74 10 25 
1712934935 182754 82754007 14 12 1 0 0 1 38 98 
1712934935 182846 82846007 11 14 1 0 0 2 46 106 47 5 
1712934935 182846 82846014 11 14 2 0 0 1 41 151 
1712934935 182865 82865000 10 15 0 0 0 1 11 84 
1712934935 182865 82865007 10 15 1 0 0 1 38 88 
1712934935 182865 82865014 10 15 2 0 0 1 3 108 
1712934935 182899 82899000 14 13 0 0 0 1 6 30 
1712934935 182915 82915000 10 17 0 0 0 1 15 95 
1712934935 182915 82915007 10 17 1 0 0 2 2 50 3 50 
1712934935 182992 82992000 12 16 0 0 0 2 5 99 6 34 
1712934935 182994 82994007 14 12 1 0 0 2 7 10 8 101 
1712934935 182994 82994014 14 12 2 0 0 2 3 72 4 51 
1712934935 183031 83031000 11 13 0 0 0 1 40 100 
1712934935 183031 83031007 11 13 1 0 0 2 25 33 26 61 
1712934935 183031 83031014 11 13 2 0 0 2 18 76 19 23 
1712934935 183158 83158007 13 14 1 0 0 1 29 107 
1712934935 183158 83158014 13 14 2 0 0 2 21 153 22 74 
1712934935 183166 83166000 11 16 0 0 0 1 61 105 
1712934935 183166 83166007 11 16 1 0 0 2 50 20 51 87 
1712934935 183211 83211000 11 13 0 0 0 1 27 96 
1712934935 183211 83211007 11 13 1 0 0 1 22 106 
1712934935 183211 83211014 11 13 2 0 0 2 0 42 1 58 
1712934935 183226 83226000 11 16 0 0 0 1 60 96 
1712934935 183226 83226007 11 16 1 0 0 2 26 3 27 92 
1712934935 183231 83231000 11 15 0 0 0 2 34 55 35 64 
1712934935 183231 83231007 11 15 1 0 0 1 62 92 
1712934935 183281 83281014 11 17 2 0 0 1 45 119 
1712934935 183367 83367000 12 13 0 0 0 1 21 98 
1712934935 183367 83367007 12 13 1 0 0 2 53 64 54 34 
1712934935 183367 83367014 12 13 2 0 0 1 42 76 
1712934935 183507 83507000 12 15 0 0 0 1 28 95 
1712934935 183507 83507007 12 15 1 0 0 2 20 81 21 171 
1712934935 183507 83507014 12 15 2 0 0 1 60 91 
1712934935 183610 83610000 10 16 0 0 0 1 52 93 
1712934935 183685 83685000 10 13 0 0 0 2 26 46 27 55 
1712934935 183685 83685007 10 13 1 0 0 1 31 132 
1712934935 183737 83737014 12 17 2 0 0 1 32 19 
1712934935 183760 83760014 10 16 2 0 0 1 35 100 
1712934935 183808 83808000 13 16 0 0 0 1 5 93 
1712934935 183895 83895014 10 13 2 0 0 1 61 37 
1712934935 183903 83903000 13 15 0 0 0 1 26 121 
1712934935 183903 83903007 13 15 1 0 0 1 38 94 
1712934935 184081 84081000 11 13 0 0 0 1 54 91 
1712934935 184081 84081007 11 13 1 0 0 1 51 98 
1712934935 184084 84084000 14 16 0 0 0 2 40 9 41 112 
1712934935 184084 84084007 14 16 1 0 0 1 24 93 
1712934935 184084 84084014 14 16 2 0 0 1 33 99 
1712934935 184105 84105007 10 13 1 0 0 1 11 108 
1712934935 184105 84105014 10 13 2 0 0 1 16 109 
1712934935 184176 84176007 11 12 1 0 0 1 51 105 
1712934935 184176 84176014 11 12 2 0 0 4 31 26 32 110 49 59 50 231 
1712934935 184309 84309000 14 13 0 0 0 2 6 15 7 161 
1712934935 184405 84405000 10 13 0 0 0 3 5 94 6 16 10 13 
1712934935 184410 84410000 10 12 0 0 0 1 0 26 
1712934935 184440 84440000 10 12 0 0 0 2 39 40 40 90 
1712934935 184440 84440007 10 12 1 0 0 2 52 91 53 11 
1712934935 184596 84596000 11 12 0 0 0 1 58 102 
1712934935 184596 84596007 11 12 1 0 0 1 52 84 
1712934935 184596 84596014 11 12 2 0 0 1 48 80 
1712934935 184711 84711007 11 13 1 0 0 1 15 97 
1712934935 184711 84711014 11 13 2 0 0 2 25 80 26 12 
1712934935 184744 84744000 14 16 0 0 0 1 15 81 
1712934935 184744 84744007 14 16 1 0 0 1 37 152 
1712934935 184744 84744014 14 16 2 0 0 1 17 98 
1712934935 184820 84820007 10 14 1 0 0 1 55 155 
1712934935 184820 84820014 10 14 2 0 0 2 58 114 59 5 
1712934935 184888 84888000 13 16 0 0 0 2 10 121 11 4 
1712934935 184922 84922007 12 14 1 0 0 3 21 133 22 8 26 2 
1712934935 184922 84922014 12 14 2 0 0 2 10 87 11 153 
1712934935 184972 84972007 12 16 1 0 0 2 45 114 46 9 
1712934935 184972 84972014 12 16 2 0 0 1 33 128 
1712934935 185003 85003014 13 17 2 0 0 2 45 28 46 124 
1712934935 185121 85121014 11 15 2 0 0 2 51 85 52 65 
1712934935 185141 85141007 11 17 1 0 0 1 37 118 
1712934935 185141 85141014 11 17 2 0 0 1 27 123 
1712934935 185175 85175014 10 15 2 0 0 1 11 120 
1712934935 185304 85304007 14 12 1 0 0 1 63 75 
1712934935 185458 85458000 13 16 0 0 0 2 27 74 28 70 
1712934935 185458 85458007 13 16 1 0 0 2 50 30 51 82 
1712934935 185517 85517000 12 15 0 0 0 1 42 146 
1712934935 185517 85517007 12 15 1 0 0 1 27 96 
1712934935 185517 85517014 12 15 2 0 0 2 30 63 31 38 
1712934935 185543 85543000 13 17 0 0 0 1 6 143 
1712934935 185543 85543007 13 17 1 0 0 1 14 130 
1712934935 185584 85584007 14 16 1 0 0 1 40 114 
1712934935 185584 85584014 14 16 2 0 0 2 50 57 51 67 
1712934935 185698 85698000 13 16 0 0 0 1 49 5 
1712934935 185698 85698007 13 16 1 0 0 1 30 54 
1712934935 185698 85698014 13 16 2 0 0 2 44 94 45 45 
1712934935 185785 85785000 10 13 0 0 0 3 53 41 54 55 63 85 
1712934935 185785 85785007 10 13 1 0 0 2 3 25 21 110 
1712934935 185785 85785014 10 13 2 0 0 2 9 108 10 48 
1712934935 185806 85806000 11 16 0 0 0 1 41 78 
1712934935 185806 85806007 11 16 1 0 0 1 29 91 
1712934935 185806 85806014 11 16 2 0 0 1 38 123 
1712934935 185928 85928000 13 12 0 0 0 1 0 87 
1712934935 185959 85959000 14 13 0 0 0 2 19 73 20 32 
1712934935 185959 85959007 14 13 1 0 0 1 17 94 
1712934935 185959 85959014 14 13 2 0 0 2 57 88 58 26 
1712934935 186016 86016007 11 16 1 0 0 1 54 130 
1712934935 186016 86016014 11 16 2 0 0 1 33 98 
1712934935 186106 86106007 11 16 1 0 0 2 13 60 14 74 
1712934935 186128 86128000 13 14 0 0 0 1 23 92 
1712934935 186128 86128007 13 14 1 0 0 1 36 85 
1712934935 186128 86128014 13 14 2 0 0 2 41 48 42 136 
1712934935 186179 86179000 14 17 0 0 0 2 38 63 39 19 
1712934935 186179 86179007 14 17 1 0 0 1 55 84 
1712934935 186179 86179014 14 17 2 0 0 1 36 78 
1712934935 186279 86279007 14 15 1 0 0 2 32 31 38 116 
1712934935 186279 86279014 14 15 2 0 0 2 23 1 24 152 
1712934935 186363 86363014 13 15 2 0 0 1 2 86 
1712934935 186427 86427014 12 13 2 0 0 1 59 108 
1712934935 186440 86440000 10 14 0 0 0 1 30 93 
1712934935 186440 86440007 10 14 1 0 0 2 14 25 29 117 
1712934935 186440 86440014 10 14 2 0 0 1 29 80 
1712934935 186503 86503007 13 17 1 0 0 2 62 6 63 140 
1712934935 186540 86540014 10 12 2 0 0 1 15 17 
1712934935 186547 86547007 12 13 1 0 0 1 8 85 
1712934935 186547 86547014 12 13 2 0 0 1 24 151 
1712934935 186584 86584007 14 14 1 0 0 1 6 138 
1712934935 186660 86660000 10 12 0 0 0 2 38 1 39 110 
1712934935 186660 86660007 10 12 1 0 0 1 18 103 
1712934935 186660 86660014 10 12 2 0 0 1 44 137 
1712934935 186744 86744000 14 12 0 0 0 2 30 66 31 49 
1712934935 186744 86744007 14 12 1 0 0 1 37 175 
1712934935 186744 86744014 14 12 2 0 0 1 63 18 
1712934935 186766 86766000 11 16 0 0 0 2 20 118 21 44 
1712934935 186766 86766007 11 16 1 0 0 2 62 69 63 26 
1712934935 186786 86786000 11 12 0 0 0 2 18 66 19 38 
1712934935 186786 86786007 11 12 1 0 0 1 32 93 
1712934935 186786 86786014 11 12 2 0 0 2 9 70 10 29 
1712934935 187398 87398007 13 12 1 0 0 2 59 73 60 30 
1712934935 187424 87424007 14 14 1 0 0 1 60 122 
1712934935 187424 87424014 14 14 2 0 0 1 43 101 
1712934935 187471 87471000 11 13 0 0 0 2 0 26 1 45 
1712934935 187474 87474014 14 16 2 0 0 1 10 120 
1712934935 187503 87503007 13 15 1 0 0 2 62 97 63 41 
1712934935 187503 87503014 13 15 2 0 0 1 42 103 
1712934935 187611 87611000 11 15 0 0 0 2 36 2 37 89 
1712934935 187611 87611007 11 15 1 0 0 1 48 83 
1712934935 187615 87615000 10 13 0 0 0 1 49 105 
1712934935 187615 87615007 10 13 1 0 0 1 19 91 
1712934935 187615 87615014 10 13 2 0 0 1 51 91 
1712934935 187633 87633014 13 13 2 0 0 2 39 41 40 105 
1712934935 187635 87635014 10 15 2 0 0 1 57 99 
1712934935 187858 87858000 13 16 0 0 0 1 1 99 
1712934935 187858 87858007 13 16 1 0 0 1 49 84 
1712934935 187858 87858014 13 16 2 0 0 1 7 83 
1712934935 187890 87890007 10 12 1 0 0 1 10 87 
1712934935 187890 87890014 10 12 2 0 0 2 33 88 34 40 
1712934935 188021 88021000 11 17 0 0 0 1 36 78 
1712934935 188021 88021007 11 17 1 0 0 2 58 6 59 83 
1712934935 188021 88021014 11 17 2 0 0 1 44 104 
1712934935 188070 88070014 10 12 2 0 0 1 8 133 
1712934935 188233 88233007 13 13 1 0 0 3 1 71 2 82 7 11 
1712934935 188233 88233014 13 13 2 0 0 1 13 79 
1712934935 188416 88416000 11 16 0 0 0 1 13 103 
1712934935 188416 88416007 11 16 1 0 0 1 38 103 
1712934935 188439 88439000 14 15 0 0 0 1 62 23 
1712934935 188482 88482000 12 16 0 0 0 1 13 87 
1712934935 188482 88482007 12 16 1 0 0 2 40 15 41 70 
1712934935 188482 88482014 12 16 2 0 0 1 17 115 
1712934935 188489 88489000 14 17 0 0 0 1 54 107 
1712934935 188537 88537007 12 17 1 0 0 2 23 6 24 105 
1712934935 188537 88537014 12 17 2 0 0 1 54 111 
1712934935 188695 88695000 10 13 0 0 0 2 0 42 1 60 
1712934935 188781 88781000 11 15 0 0 0 1 29 131 
1712934935 188781 88781007 11 15 1 0 0 1 41 109 
1712934935 188792 88792000 12 14 0 0 0 2 56 76 57 30 
1712934935 188792 88792007 12 14 1 0 0 1 28 94 
1712934935 188792 88792014 12 14 2 0 0 2 32 40 33 65 
1712934935 188905 88905014 10 13 2 0 0 1 48 85 
1712934935 188965 88965014 10 13 2 0 0 1 0 93 
1712934935 189003 89003000 13 15 0 0 0 1 3 92 
1712934935 189003 89003007 13 15 1 0 0 1 33 121 
1712934935 189003 89003014 13 15 2 0 0 1 36 114 
1712934935 189036 89036000 11 12 0 0 0 1 50 205 
1712934935 189036 89036007 11 12 1 0 0 1 11 84 
1712934935 189036 89036014 11 12 2 0 0 2 62 6 63 79 
1712934935 189137 89137000 12 17 0 0 0 1 53 113 
1712934935 189137 89137007 12 17 1 0 0 1 53 75 
1712934935 189137 89137014 12 17 2 0 0 2 35 40 36 64 
1712934935 189242 89242014 12 14 2 0 0 1 19 103 
1712934935 189296 89296000 11 14 0 0 0 2 61 94 63 66 
1712934935 189296 89296007 11 14 1 0 0 4 13 61 14 31 21 82 22 26 
1712934935 189296 89296014 11 14 2 0 0 1 51 147 
1712934935 189311 89311000 11 17 0 0 0 1 19 103 
1712934935 189311 89311007 11 17 1 0 0 1 24 93 
1712934935 189311 89311014 11 17 2 0 0 1 40 90 
1712934935 189334 89334014 14 16 2 0 0 2 3 67 4 21 
1712934935 189402 89402000 12 12 0 0 0 1 58 110 
1712934935 189402 89402007 12 12 1 0 0 2 34 57 35 67 
1712934935 189402 89402014 12 12 2 0 0 2 21 83 22 17 
1712934935 189463 89463000 13 13 0 0 0 2 13 105 27 82 
1712934935 189463 89463007 13 13 1 0 0 1 48 105 
1712934935 189463 89463014 13 13 2 0 0 1 15 138 
1712934935 189468 89468014 13 12 2 0 0 1 10 119 
1712934935 189501 89501000 11 15 0 0 0 2 3 27 4 75 
1712934935 189501 89501007 11 15 1 0 0 1 50 97 
1712934935 189501 89501014 11 15 2 0 0 1 26 86 
1712934935 189510 89510007 10 12 1 0 0 1 32 94 
1712934935 189510 89510014 10 12 2 0 0 1 20 114 
1712934935 189607 89607000 12 13 0 0 0 1 4 122 
1712934935 189607 89607007 12 13 1 0 0 1 45 107 
1712934935 189629 89629000 14 17 0 0 0 1 6 92 
1712934935 189629 89629007 14 17 1 0 0 1 34 109 
1712934935 189629 89629014 14 17 2 0 0 1 13 92 
1712934935 189646 89646000 11 16 0 0 0 1 23 109 
1712934935 189646 89646007 11 16 1 0 0 1 38 79 
1712934935 189646 89646014 11 16 2 0 0 1 13 81 
1712934935 189721 89721000 11 13 0 0 0 1 17 86 
1712934935 189721 89721007 11 13 1 0 0 2 0 79 1 98 
1712934935 189784 89784014 14 16 2 0 0 1 55 108 
1712934935 189801 89801000 11 15 0 0 0 1 62 105 
1712934935 189807 89807000 12 15 0 0 0 1 0 21 
1712934935 189807 89807007 12 15 1 0 0 2 14 22 15 68 
1712934935 189807 89807014 12 15 2 0 0 1 5 93 
1712934935 189824 89824000 14 14 0 0 0 1 9 102 
1712934935 189891 89891000 11 15 0 0 0 1 2 91 
1712934935 189908 89908000 13 14 0 0 0 1 4 7 
1712934935 189908 89908014 13 14 2 0 0 1 62 103 
1712934935 189941 89941000 11 17 0 0 0 1 29 97 
1712934935 189941 89941007 11 17 1 0 0 2 35 4 36 90 
1712934935 189941 89941014 11 17 2 0 0 2 22 81 23 13 
1712934935 190020 90020007 10 12 1 0 0 1 51 103 
1712934935 190020 90020014 10 12 2 0 0 1 24 113 
1712934935 190023 90023000 13 15 0 0 0 1 62 105 
1712934935 190023 90023007 13 15 1 0 0 1 57 104 
1712934935 190023 90023014 13 15 2 0 0 2 26 72 27 21 
1712934935 190048 90048000 13 16 0 0 0 2 60 127 61 5 
1712934935 190081 90081000 11 13 0 0 0 1 2 94 
1712934935 190155 90155000 10 15 0 0 0 1 15 98 
1712934935 190213 90213014 13 13 2 0 0 1 0 104 
1712934935 190327 90327000 12 13 0 0 0 1 30 95 
1712934935 190327 90327007 12 13 1 0 0 1 29 105 
1712934935 190343 90343000 13 17 0 0 0 1 18 90 
1712934935 190343 90343007 13 17 1 0 0 2 47 89 48 36 
1712934935 190343 90343014 13 17 2 0 0 1 38 111 
1712934935 190374 90374000 14 12 0 0 0 1 43 76 
1712934935 190374 90374007 14 12 1 0 0 1 7 81 
1712934935 190374 90374014 14 12 2 0 0 1 33 203 
1712934935 190376 90376007 11 14 1 0 0 2 6 56 7 50 
1712934935 190424 90424000 14 14 0 0 0 1 63 79 
1712934935 190424 90424007 14 14 1 0 0 1 39 89 
1712934935 190424 90424014 14 14 2 0 0 1 61 90 
1712934935 190574 90574000 14 14 0 0 0 1 37 87 
1712934935 190574 90574007 14 14 1 0 0 2 7 28 8 75 
1712934935 190610 90610007 10 14 1 0 0 2 55 83 56 24 
1712934935 190610 90610014 10 14 2 0 0 1 32 88 
1712934935 190661 90661000 11 17 0 0 0 1 51 87 
1712934935 190661 90661007 11 17 1 0 0 1 49 82 
1712934935 190661 90661014 11 17 2 0 0 1 51 91 
1712934935 190678 90678000 13 16 0 0 0 1 40 102 
1712934935 190678 90678007 13 16 1 0 0 1 46 87 
1712934935 190678 90678014 13 16 2 0 0 1 52 97 
1712934935 190693 90693000 13 13 0 0 0 2 28 47 29 50 
1712934935 190693 90693007 13 13 1 0 0 1 43 103 
1712934935 190693 90693014 13 13 2 0 0 2 48 16 49 70 
1712934935 190744 90744000 14 16 0 0 0 1 46 101 
1712934935 190744 90744007 14 16 1 0 0 1 31 100 
1712934935 190744 90744014 14 16 2 0 0 1 10 94 
1712934935 190761 90761000 11 15 0 0 0 2 17 47 18 34 
1712934935 190761 90761007 11 15 1 0 0 1 32 88 
1712934935 190761 90761014 11 15 2 0 0 2 33 23 34 64 
1712934935 190775 90775000 10 17 0 0 0 1 54 103 
1712934935 190824 90824007 14 12 1 0 0 2 45 26 56 127 
1712934935 191084 91084000 14 14 0 0 0 1 52 93 
1712934935 191084 91084007 14 14 1 0 0 2 36 31 44 113 
1712934935 191084 91084014 14 14 2 0 0 1 31 97 
1712934935 191161 91161000 11 13 0 0 0 1 48 88 
1712934935 191161 91161007 11 13 1 0 0 1 4 96 
1712934935 191161 91161014 11 13 2 0 0 1 62 87 
1712934935 191313 91313014 13 15 2 0 0 2 21 63 22 85 
1712934935 191407 91407000 12 13 0 0 0 1 17 76 
1712934935 191407 91407007 12 13 1 0 0 1 55 86 
1712934935 191407 91407014 12 13 2 0 0 1 16 155 
1712934935 191416 91416000 11 16 0 0 0 2 60 63 61 16 
1712934935 191416 91416007 11 16 1 0 0 1 35 121 
1712934935 191416 91416014 11 16 2 0 0 2 19 17 20 92 
1712934935 191423 91423000 13 17 0 0 0 1 62 175 
1712934935 191423 91423007 13 17 1 0 0 2 18 33 19 128 
1712934935 191423 91423014 13 17 2 0 0 2 20 125 21 76 
1712934935 191549 91549007 14 17 1 0 0 2 30 108 31 9 
1712934935 191549 91549014 14 17 2 0 0 2 42 5 43 110 
1712934935 191755 91755000 10 13 0 0 0 1 35 83 
1712934935 191755 91755007 10 13 1 0 0 2 22 109 23 1 
1712934935 191755 91755014 10 13 2 0 0 1 33 101 
1712934935 191898 91898000 13 12 0 0 0 1 24 91 
1712934935 191898 91898007 13 12 1 0 0 1 35 146 
1712934935 191947 91947000 12 13 0 0 0 1 22 87 
1712934935 191947 91947007 12 13 1 0 0 2 28 74 29 22 
1712934935 191947 91947014 12 13 2 0 0 1 33 83 
1712934935 192078 92078000 13 12 0 0 0 1 22 166 
1712934935 192078 92078007 13 12 1 0 0 2 28 12 29 81 
1712934935 192078 92078014 13 12 2 0 0 1 40 100 
1712934935 192079 92079014 14 13 2 0 0 1 8 94 
1712934935 192222 92222007 12 12 1 0 0 1 53 88 
1712934935 192222 92222014 12 12 2 0 0 1 13 113 
1712934935 192319 92319000 14 13 0 0 0 1 41 86 
1712934935 192319 92319007 14 13 1 0 0 1 24 120 
1712934935 192319 92319014 14 13 2 0 0 1 31 76 
1712934935 192324 92324000 14 12 0 0 0 3 14 83 21 21 22 126 
1712934935 192324 92324007 14 12 1 0 0 2 41 74 42 67 
1712934935 192406 92406000 11 16 0 0 0 1 53 95 
1712934935 192406 92406007 11 16 1 0 0 2 8 8 9 78 
1712934935 192406 92406014 11 16 2 0 0 1 54 81 
1712934935 192423 92423000 13 15 0 0 0 2 47 14 48 106 
1712934935 192434 92434000 14 14 0 0 0 1 45 97 
1712934935 192434 92434007 14 14 1 0 0 1 22 78 
1712934935 192434 92434014 14 14 2 0 0 1 40 81 
1712934935 192715 92715000 10 13 0 0 0 1 45 81 
1712934935 192715 92715007 10 13 1 0 0 1 29 95 
1712934935 192715 92715014 10 13 2 0 0 1 62 78 
1712934935 192729 92729000 14 15 0 0 0 2 61 89 62 4 
1712934935 192930 92930000 10 12 0 0 0 2 12 81 13 28 
1712934935 192930 92930007 10 12 1 0 0 1 10 122 
1712934935 192946 92946000 11 16 0 0 0 1 2 97 
1712934935 192946 92946007 11 16 1 0 0 2 48 103 49 18 
1712934935 193025 93025000 10 17 0 0 0 1 35 92 
1712934935 193136 93136014 11 14 2 0 0 1 39 15 
1712934935 193145 93145000 10 17 0 0 0 2 26 10 27 107 
1712934935 193145 93145007 10 17 1 0 0 1 41 125 
1712934935 193200 93200007 10 12 1 0 0 2 28 132 29 20 
1712934935 193200 93200014 10 12 2 0 0 1 56 88 
1712934935 193344 93344007 14 12 1 0 0 2 48 120 49 9 
1712934935 193369 93369007 14 13 1 0 0 2 7 59 8 49 
1712934935 193369 93369014 14 13 2 0 0 1 46 103 
1712934935 193421 93421000 11 17 0 0 0 1 2 148 
1712934935 193421 93421007 11 17 1 0 0 2 30 82 31 22 
1712934935 193421 93421014 11 17 2 0 0 1 28 93 
1712934935 193458 93458014 13 12 2 0 0 1 39 87 
1712934935 193727 93727000 12 17 0 0 0 2 30 28 31 59 
1712934935 193727 93727007 12 17 1 0 0 1 61 90 
1712934935 193727 93727014 12 17 2 0 0 1 56 209 
1712934935 193780 93780000 10 16 0 0 0 1 46 123 
1712934935 193868 93868000 13 14 0 0 0 2 39 50 40 81 
1712934935 193883 93883000 13 17 0 0 0 2 34 16 35 83 
1712934935 193883 93883007 13 17 1 0 0 1 26 97 
1712934935 193915 93915014 10 13 2 0 0 1 3 100 
1712934935 194021 94021007 11 17 1 0 0 1 63 130 
1712934935 194021 94021014 11 17 2 0 0 1 46 109 
1712934935 194028 94028007 13 12 1 0 0 1 23 3 
1712934935 194198 94198000 13 14 0 0 0 1 51 91 
1712934935 194198 94198007 13 14 1 0 0 2 35 103 36 12 
1712934935 194198 94198014 13 14 2 0 0 1 28 106 
1712934935 194216 94216007 11 14 1 0 0 1 0 32 
1712934935 194216 94216014 11 14 2 0 0 2 24 77 25 46 
1712934935 194328 94328000 13 12 0 0 0 1 34 95 
1712934935 194328 94328007 13 12 1 0 0 1 10 86 
1712934935 194328 94328014 13 12 2 0 0 1 28 95 
1712934935 194445 94445000 10 15 0 0 0 1 13 89 
1712934935 194445 94445007 10 15 1 0 0 1 5 106 
1712934935 194445 94445014 10 15 2 0 0 1 22 90 
1712934935 194446 94446000 11 16 0 0 0 1 43 80 
1712934935 194446 94446007 11 16 1 0 0 1 41 168 
1712934935 194446 94446014 11 16 2 0 0 1 37 87 
1712934935 194466 94466007 11 12 1 0 0 2 62 6 63 112 
1712934935 194466 94466014 11 12 2 0 0 2 53 24 54 85 
1712934935 194470 94470014 10 16 2 0 0 1 33 114 
1712934935 194512 94512014 12 16 2 0 0 1 1 107 
1712934935 194588 94588014 13 14 2 0 0 2 49 43 50 56 
1712934935 195077 95077014 12 17 2 0 0 1 26 105 
1712934935 195122 95122000 12 14 0 0 0 2 41 27 42 77 
1712934935 195122 95122007 12 14 1 0 0 1 48 73 
1712934935 195122 95122014 12 14 2 0 0 1 41 85 
1712934935 195139 95139000 14 13 0 0 0 1 23 104 
1712934935 195156 95156000 11 12 0 0 0 1 38 99 
1712934935 195156 95156007 11 12 1 0 0 2 61 42 62 36 
1712934935 195165 95165014 10 15 2 0 0 2 15 113 16 40 
1712934935 195256 95256000 11 16 0 0 0 1 5 100 
1712934935 195306 95306000 11 12 0 0 0 1 47 110 
1712934935 195306 95306007 11 12 1 0 0 2 6 63 7 10 
1712934935 195318 95318000 13 12 0 0 0 2 32 30 33 74 
1712934935 195318 95318007 13 12 1 0 0 1 9 97 
1712934935 195318 95318014 13 12 2 0 0 1 60 116 
1712934935 195352 95352014 12 16 2 0 0 1 19 90 
1712934935 195455 95455014 10 17 2 0 0 1 5 86 
1712934935 195529 95529014 14 13 2 0 0 1 8 105 
1712934935 195653 95653000 13 17 0 0 0 2 33 13 34 76 
1712934935 195653 95653007 13 17 1 0 0 1 13 110 
1712934935 195653 95653014 13 17 2 0 0 2 12 60 13 57 
1712934935 195769 95769000 14 13 0 0 0 1 22 140 
1712934935 195848 95848007 13 14 1 0 0 2 13 36 14 2 
1712934935 195925 95925000 10 13 0 0 0 1 15 84 
1712934935 196080 96080000 10 12 0 0 0 1 41 92 
1712934935 196080 96080007 10 12 1 0 0 2 25 62 26 31 
1712934935 196080 96080014 10 12 2 0 0 1 42 124 
1712934935 196352 96352007 12 14 1 0 0 2 40 107 41 25 
1712934935 196352 96352014 12 14 2 0 0 2 23 27 24 133 
1712934935 196413 96413000 13 15 0 0 0 1 4 83 
1712934935 196456 96456000 11 16 0 0 0 1 23 88 
1712934935 196456 96456007 11 16 1 0 0 2 42 35 43 50 
1712934935 196456 96456014 11 16 2 0 0 1 23 102 
1712934935 196457 96457000 12 17 0 0 0 1 57 102 
1712934935 196457 96457007 12 17 1 0 0 2 51 43 52 53 
1712934935 196484 96484007 14 14 1 0 0 2 8 93 9 1 
1712934935 196497 96497007 12 15 1 0 0 1 5 101 
1712934935 196497 96497014 12 15 2 0 0 1 21 90 
1712934935 196560 96560000 10 12 0 0 0 1 11 84 
1712934935 196560 96560007 10 12 1 0 0 1 49 105 
1712934935 196560 96560014 10 12 2 0 0 1 6 78 
1712934935 196715 96715000 10 17 0 0 0 3 16 64 17 50 18 38 
1712934935 196715 96715007 10 17 1 0 0 1 37 84 
1712934935 196820 96820000 10 14 0 0 0 2 15 51 40 99 
1712934935 196820 96820007 10 14 1 0 0 1 58 96 
1712934935 196820 96820014 10 14 2 0 0 1 4 103 
1712934935 196932 96932000 12 12 0 0 0 1 19 109 
1712934935 196932 96932007 12 12 1 0 0 2 23 109 24 11 
1712934935 196941 96941000 11 15 0 0 0 1 52 129 
1712934935 196941 96941007 11 15 1 0 0 1 42 115 
1712934935 196941 96941014 11 15 2 0 0 1 48 104 
1712934935 196954 96954000 14 16 0 0 0 2 29 90 30 10 
1712934935 196954 96954007 14 16 1 0 0 1 63 39 
1712934935 196981 96981007 11 13 1 0 0 1 63 108 
1712934935 196981 96981014 11 13 2 0 0 3 42 42 43 220 44 31 
1712934935 197000 97000000 10 14 0 0 0 1 19 3 
1712934935 197000 97000014 10 14 2 0 0 1 2 103 
1712934935 197015 97015014 10 17 2 0 0 1 0 103 
1712934935 197124 97124000 14 12 0 0 0 2 34 28 35 100 
1712934935 197124 97124007 14 12 1 0 0 2 26 68 27 43 
1712934935 197126 97126000 11 14 0 0 0 1 40 101 
1712934935 197126 97126007 11 14 1 0 0 1 33 92 
1712934935 197126 97126014 11 14 2 0 0 1 25 86 
1712934935 197139 97139000 14 15 0 0 0 1 8 208 
1712934935 197139 97139007 14 15 1 0 0 1 24 107 
1712934935 197139 97139014 14 15 2 0 0 1 19 78 
1712934935 197156 97156000 11 14 0 0 0 1 52 111 
1712934935 197311 97311007 11 13 1 0 0 2 45 82 46 44 
1712934935 197311 97311014 11 13 2 0 0 1 30 101 
1712934935 197712 97712007 12 12 1 0 0 2 31 84 32 207 
1712934935 197712 97712014 12 12 2 0 0 2 26 94 27 38 
1712934935 197792 97792014 12 14 2 0 0 2 6 94 7 5 
1712934935 197793 97793000 13 15 0 0 0 1 8 131 
1712934935 197793 97793007 13 15 1 0 0 1 14 86 
1712934935 197793 97793014 13 15 2 0 0 1 2 94 
1712934935 198021 98021014 11 15 2 0 0 2 58 64 59 13 
1712934935 198036 98036014 11 12 2 0 0 1 5 132 
1712934935 198155 98155014 10 17 2 0 0 2 3 46 4 36 
1712934935 198324 98324000 14 12 0 0 0 2 40 37 41 100 
1712934935 198326 98326014 11 14 2 0 0 2 16 13 17 88 
1712934935 198376 98376000 11 16 0 0 0 2 34 77 35 63 
1712934935 198376 98376007 11 16 1 0 0 1 6 154 
1712934935 198381 98381000 11 15 0 0 0 1 14 90 
1712934935 198381 98381007 11 15 1 0 0 1 46 78 
1712934935 198381 98381014 11 15 2 0 0 2 32 59 33 39 
1712934935 198517 98517007 12 13 1 0 0 2 14 66 15 61 
1712934935 198517 98517014 12 13 2 0 0 2 44 34 45 85 
1712934935 198552 98552000 12 12 0 0 0 1 4 93 
1712934935 198552 98552007 12 12 1 0 0 3 1 115 18 48 19 42 
1712934935 198552 98552014 12 12 2 0 0 2 22 15 23 89 
1712934935 198556 98556000 11 16 0 0 0 1 5 86 
1712934935 198556 98556007 11 16 1 0 0 1 26 96 
1712934935 198556 98556014 11 16 2 0 0 1 10 136 
1712934935 198571 98571007 11 13 1 0 0 1 55 89 
1712934935 198571 98571014 11 13 2 0 0 1 54 95 
1712934935 198767 98767000 12 17 0 0 0 1 55 111 
1712934935 198767 98767007 12 17 1 0 0 1 39 88 
1712934935 198767 98767014 12 17 2 0 0 1 59 80 
1712934935 198774 98774000 14 12 0 0 0 1 37 108 
1712934935 198994 98994000 14 16 0 0 0 1 57 164 
1712934935 198994 98994007 14 16 1 0 0 3 27 87 43 46 44 136 
1712934935 198994 98994014 14 16 2 0 0 2 55 19 56 177 
1712934935 199016 99016000 11 14 0 0 0 1 61 129 
1712934935 199016 99016007 11 14 1 0 0 1 43 84 
1712934935 199016 99016014 11 14 2 0 0 1 50 87 
1712934935 199022 99022007 12 14 1 0 0 2 1 82 2 106 
1712934935 199025 99025000 10 17 0 0 0 1 52 157 
1712934935 199025 99025007 10 17 1 0 0 1 57 89 
1712934935 199046 99046000 11 14 0 0 0 2 50 74 51 34 
1712934935 199100 99100000 10 14 0 0 0 1 12 84 
1712934935 199100 99100007 10 14 1 0 0 1 27 107 
1712934935 199100 99100014 10 14 2 0 0 1 3 108 
1712934935 199289 99289000 14 17 0 0 0 2 29 74 30 51 
1712934935 199289 99289007 14 17 1 0 0 2 10 134 11 62 
1712934935 199375 99375000 10 13 0 0 0 1 58 96 
1712934935 199435 99435007 10 13 1 0 0 1 55 87 
1712934935 199435 99435014 10 13 2 0 0 1 16 123 
1712934935 199528 99528000 13 16 0 0 0 1 14 85 
1712934935 199528 99528007 13 16 1 0 0 2 17 60 18 27 
1712934935 199528 99528014 13 16 2 0 0 1 13 90 
1712934935 199562 99562000 12 14 0 0 0 1 6 117 
1712934935 199562 99562007 12 14 1 0 0 2 48 38 49 163 
1712934935 199594 99594007 14 16 1 0 0 1 1 99 
1712934935 199594 99594014 14 16 2 0 0 1 37 106 
1712934935 199600 99600000 10 16 0 0 0 1 53 91 
1712934935 199600 99600007 10 16 1 0 0 1 42 107 
1712934935 199846 99846007 11 16 1 0 0 1 2 83 
1712934935 199846 99846014 11 16 2 0 0 1 34 95 
1712934935 199902 99902014 12 12 2 0 0 1 59 77 
1712934935 199931 99931000 11 17 0 0 0 2 44 5 45 110 
1712934935 199959 99959007 14 15 1 0 0 1 17 113 
1712934935 199959 99959014 14 15 2 0 0 1 59 77 
1712934936 200025 25014 10 15 2 0 0 1 52 107 
1712934936 200058 58014 13 12 2 0 0 1 42 97 
1712934936 200162 162000 12 14 0 0 0 2 39 124 40 36 
1712934936 200162 162007 12 14 1 0 0 2 40 35 41 71 
1712934936 200246 246000 11 14 0 0 0 1 36 90 
1712934936 200374 374000 14 16 0 0 0 1 46 115 
1712934936 200374 374007 14 16 1 0 0 1 5 114 
1712934936 200497 497000 12 13 0 0 0 1 42 86 
1712934936 200497 497007 12 13 1 0 0 1 48 77 
1712934936 200497 497014 12 13 2 0 0 1 33 82 
1712934936 200530 530000 10 16 0 0 0 2 61 6 62 82 
1712934936 200530 530007 10 16 1 0 0 1 40 240 
1712934936 200530 530014 10 16 2 0 0 1 43 109 
1712934936 200590 590000 10 16 0 0 0 2 3 3 4 102 
1712934936 200590 590007 10 16 1 0 0 1 15 90 
1712934936 200590 590014 10 16 2 0 0 2 21 21 22 67 
1712934936 200646 646014 11 12 2 0 0 1 14 127 
1712934936 200654 654000 14 14 0 0 0 1 30 131 
1712934936 201152 1152014 12 14 2 0 0 2 21 84 22 25 
1712934936 201270 1270014 10 12 2 0 0 2 3 102 4 5 
1712934936 201316 1316000 11 16 0 0 0 1 43 98 
1712934936 201316 1316007 11 16 1 0 0 1 14 78 
1712934936 201316 1316014 11 16 2 0 0 1 40 86 
1712934936 201434 1434000 14 14 0 0 0 1 32 111 
1712934936 201520 1520000 10 16 0 0 0 1 33 89 
1712934936 201520 1520007 10 16 1 0 0 1 63 185 
1712934936 201723 1723014 13 15 2 0 0 1 20 95 
1712934936 201768 1768000 13 12 0 0 0 2 53 104 54 60 
1712934936 201768 1768007 13 12 1 0 0 1 8 95 
1712934936 201768 1768014 13 12 2 0 0 1 11 111 
1712934936 201929 1929000 14 17 0 0 0 1 29 110 
1712934936 201929 1929007 14 17 1 0 0 2 30 88 31 55 
1712934936 201929 1929014 14 17 2 0 0 1 61 116 
1712934936 201992 1992007 12 14 1 0 0 1 0 87 
1712934936 201992 1992014 12 14 2 0 0 2 26 30 27 171 
1712934936 202312 2312014 12 16 2 0 0 2 30 27 31 168 
1712934936 202337 2337014 12 17 2 0 0 2 10 84 11 22 
1712934936 202458 2458014 13 12 2 0 0 1 17 47 
1712934936 202613 2613000 13 17 0 0 0 2 16 8 17 90 
1712934936 202613 2613007 13 17 1 0 0 1 10 231 
1712934936 202613 2613014 13 17 2 0 0 1 32 85 
1712934936 202693 2693007 13 13 1 0 0 1 35 150 
1712934936 202693 2693014 13 13 2 0 0 1 5 106 
1712934936 202699 2699014 14 13 2 0 0 1 37 131 
1712934936 202706 2706000 11 14 0 0 0 1 59 89 
1712934936 202706 2706007 11 14 1 0 0 2 10 55 11 58 
1712934936 202706 2706014 11 14 2 0 0 1 56 77 
1712934936 202783 2783000 13 13 0 0 0 2 19 2 31 87 
1712934936 202783 2783007 13 13 1 0 0 1 54 87 
1712934936 202797 2797000 12 15 0 0 0 2 4 225 5 9 
1712934936 202797 2797007 12 15 1 0 0 2 42 52 43 54 
1712934936 202797 2797014 12 15 2 0 0 2 50 131 51 6 
1712934936 202804 2804014 14 16 2 0 0 1 48 77 
1712934936 202859 2859000 14 17 0 0 0 1 38 112 
1712934936 202859 2859007 14 17 1 0 0 1 10 124 
1712934936 202859 2859014 14 17 2 0 0 2 36 8 37 88 
1712934936 202870 2870014 10 16 2 0 0 1 13 46 
1712934936 202936 2936007 11 16 1 0 0 1 63 129 
1712934936 203015 3015000 10 17 0 0 0 1 28 83 
1712934936 203015 3015007 10 17 1 0 0 1 25 82 
1712934936 203015 3015014 10 17 2 0 0 1 22 96 
1712934936 203074 3074000 14 16 0 0 0 2 17 8 18 91 
1712934936 203074 3074007 14 16 1 0 0 1 29 128 
1712934936 203074 3074014 14 16 2 0 0 1 47 105 
1712934936 203120 3120014 10 14 2 0 0 1 1 87 
1712934936 203193 3193000 13 15 0 0 0 1 15 75 
1712934936 203193 3193007 13 15 1 0 0 1 31 86 
1712934936 203193 3193014 13 15 2 0 0 1 15 75 
1712934936 203201 3201014 11 17 2 0 0 1 6 147 
1712934936 203370 3370014 10 12 2 0 0 1 63 101 
1712934936 203476 3476000 11 16 0 0 0 2 46 69 47 21 
1712934936 203485 3485000 10 13 0 0 0 2 34 27 35 76 
1712934936 203485 3485007 10 13 1 0 0 1 25 102 
1712934936 203485 3485014 10 13 2 0 0 1 14 94 
1712934936 203545 3545000 10 13 0 0 0 1 31 104 
1712934936 203563 3563000 13 13 0 0 0 2 61 73 62 38 
1712934936 203650 3650007 10 16 1 0 0 2 61 126 62 16 
1712934936 203650 3650014 10 16 2 0 0 2 18 30 19 84 
1712934936 203678 3678014 13 14 2 0 0 1 0 29 
1712934936 203703 3703000 13 15 0 0 0 2 12 92 13 22 
1712934936 203703 3703007 13 15 1 0 0 1 22 104 
1712934936 203703 3703014 13 15 2 0 0 2 24 125 29 114 
1712934936 203740 3740014 10 16 2 0 0 2 22 120 49 25 
1712934936 203768 3768000 13 14 0 0 0 1 30 99 
1712934936 203768 3768007 13 14 1 0 0 1 39 108 
1712934936 203838 3838000 13 12 0 0 0 1 29 91 
1712934936 203838 3838007 13 12 1 0 0 2 2 33 3 59 
1712934936 203861 3861000 11 17 0 0 0 1 43 74 
1712934936 203861 3861007 11 17 1 0 0 1 62 91 
1712934936 203861 3861014 11 17 2 0 0 1 36 85 
1712934936 203898 3898014 13 12 2 0 0 1 11 123 
1712934936 203919 3919007 14 15 1 0 0 2 57 80 58 28 
1712934936 203919 3919014 14 15 2 0 0 2 3 41 4 58 
1712934936 203935 3935000 10 13 0 0 0 1 45 83 
1712934936 203935 3935007 10 13 1 0 0 1 38 103 
1712934936 203935 3935014 10 13 2 0 0 1 62 101 
1712934936 203999 3999000 14 17 0 0 0 2 5 13 6 72 
1712934936 204076 4076000 11 16 0 0 0 1 61 85 
1712934936 204102 4102000 12 12 0 0 0 1 37 100 
1712934936 204102 4102007 12 12 1 0 0 1 26 80 
1712934936 204102 4102014 12 12 2 0 0 2 56 58 57 37 
1712934936 204110 4110000 10 14 0 0 0 2 62 35 63 162 
1712934936 204110 4110007 10 14 1 0 0 1 19 99 
1712934936 204110 4110014 10 14 2 0 0 1 13 139 
1712934936 204160 4160000 10 16 0 0 0 1 12 81 
1712934936 204160 4160007 10 16 1 0 0 1 41 105 
1712934936 204160 4160014 10 16 2 0 0 1 5 92 
1712934936 204167 4167000 12 17 0 0 0 1 39 148 
1712934936 204167 4167007 12 17 1 0 0 2 41 71 42 46 
1712934936 204167 4167014 12 17 2 0 0 1 24 126 
1712934936 204389 4389000 14 17 0 0 0 1 3 113 
1712934936 204389 4389007 14 17 1 0 0 1 34 91 
1712934936 204389 4389014 14 17 2 0 0 1 12 74 
1712934936 204439 4439000 14 13 0 0 0 2 11 41 12 42 
1712934936 204439 4439007 14 13 1 0 0 1 55 91 
1712934936 204439 4439014 14 13 2 0 0 2 30 82 31 121 
1712934936 204473 4473000 13 17 0 0 0 1 40 76 
1712934936 204473 4473007 13 17 1 0 0 1 3 70 
1712934936 204473 4473014 13 17 2 0 0 1 35 102 
1712934936 204491 4491014 11 17 2 0 0 1 63 96 
1712934936 204625 4625000 10 13 0 0 0 1 34 123 
1712934936 204625 4625007 10 13 1 0 0 2 61 73 62 36 
1712934936 204910 4910014 10 16 2 0 0 1 0 82 
1712934936 205041 5041000 11 15 0 0 0 1 14 99 
1712934936 205041 5041007 11 15 1 0 0 1 39 115 
1712934936 205041 5041014 11 15 2 0 0 1 34 96 
1712934936 205283 5283000 13 17 0 0 0 1 15 139 
1712934936 205283 5283007 13 17 1 0 0 1 25 85 
1712934936 205283 5283014 13 17 2 0 0 1 21 77 
1712934936 205373 5373007 13 17 1 0 0 2 8 47 9 43 
1712934936 205429 5429000 14 13 0 0 0 1 57 108 
1712934936 205429 5429007 14 13 1 0 0 2 32 31 33 161 
1712934936 205429 5429014 14 13 2 0 0 2 26 37 27 79 
1712934936 205591 5591014 11 13 2 0 0 2 50 36 51 111 
1712934936 205610 5610007 10 14 1 0 0 1 14 140 
1712934936 205826 5826000 11 14 0 0 0 1 26 106 
1712934936 205900 5900000 10 16 0 0 0 1 50 79 
1712934936 205900 5900007 10 16 1 0 0 1 11 105 
1712934936 205900 5900014 10 16 2 0 0 1 44 92 
1712934936 205913 5913000 13 17 0 0 0 1 48 85 
1712934936 205913 5913007 13 17 1 0 0 1 36 86 
1712934936 205913 5913014 13 17 2 0 0 2 48 85 50 6 
1712934936 205994 5994014 14 14 2 0 0 1 21 13 
1712934936 206123 6123000 13 17 0 0 0 2 23 7 24 108 
1712934936 206123 6123007 13 17 1 0 0 2 30 4 31 89 
1712934936 206123 6123014 13 17 2 0 0 1 26 95 
1712934936 206391 6391000 11 15 0 0 0 2 24 43 25 54 
1712934936 206434 6434014 14 16 2 0 0 2 14 42 15 68 
1712934936 206672 6672000 12 14 0 0 0 1 24 104 
1712934936 206672 6672007 12 14 1 0 0 1 24 80 
1712934936 206672 6672014 12 14 2 0 0 1 14 84 
1712934936 206761 6761000 11 13 0 0 0 1 58 84 
1712934936 206761 6761007 11 13 1 0 0 1 7 80 
1712934936 206761 6761014 11 13 2 0 0 2 57 64 58 139 
1712934936 206781 6781000 11 15 0 0 0 1 63 66 
1712934936 206785 6785000 10 13 0 0 0 1 10 89 
1712934936 206785 6785007 10 13 1 0 0 1 3 113 
1712934936 206824 6824007 14 16 1 0 0 1 1 84 
1712934936 206824 6824014 14 16 2 0 0 2 24 107 25 5 
1712934936 206831 6831000 11 17 0 0 0 2 8 74 9 24 
1712934936 206831 6831007 11 17 1 0 0 1 8 102 
1712934936 206985 6985000 10 15 0 0 0 1 38 104 
1712934936 206985 6985007 10 15 1 0 0 1 12 120 
1712934936 207024 7024014 14 12 2 0 0 2 7 97 8 24 
1712934936 207079 7079000 14 13 0 0 0 1 29 89 
1712934936 207079 7079007 14 13 1 0 0 1 15 84 
1712934936 207079 7079014 14 13 2 0 0 1 46 80 
1712934936 207145 7145014 10 13 2 0 0 1 63 6 
1712934936 207176 7176000 11 14 0 0 0 2 7 93 8 9 
1712934936 207225 7225000 10 15 0 0 0 1 28 92 
1712934936 207225 7225007 10 15 1 0 0 2 26 35 27 71 
1712934936 207225 7225014 10 15 2 0 0 1 44 135 
1712934936 207252 7252000 12 12 0 0 0 2 14 9 15 202 
1712934936 207252 7252007 12 12 1 0 0 2 40 48 41 57 
1712934936 207266 7266014 11 14 2 0 0 2 3 75 4 5 
1712934936 207284 7284000 14 14 0 0 0 2 55 55 56 37 
1712934936 207284 7284007 14 14 1 0 0 1 59 88 
1712934936 207284 7284014 14 14 2 0 0 1 27 81 
1712934936 207287 7287007 12 17 1 0 0 1 2 120 
1712934936 207287 7287014 12 17 2 0 0 2 36 133 37 5 
1712934936 207478 7478007 13 16 1 0 0 1 45 101 
1712934936 207478 7478014 13 16 2 0 0 2 38 43 39 86 
1712934936 207502 7502007 12 16 1 0 0 1 57 111 
1712934936 207502 7502014 12 16 2 0 0 2 19 21 20 74 
1712934936 207573 7573000 13 15 0 0 0 1 23 86 
1712934936 207573 7573007 13 15 1 0 0 2 17 80 18 2 
1712934936 207573 7573014 13 15 2 0 0 1 26 88 
1712934936 207614 7614014 14 14 2 0 0 1 32 94 
1712934936 207708 7708007 13 12 1 0 0 1 21 4 
1712934936 207708 7708014 13 12 2 0 0 2 27 135 28 96 
1712934936 207842 7842000 12 14 0 0 0 2 35 48 36 44 
1712934936 207842 7842007 12 14 1 0 0 1 61 121 
1712934936 207900 7900014 10 12 2 0 0 2 3 122 4 6 
1712934936 207934 7934000 14 16 0 0 0 1 33 112 
1712934936 207934 7934007 14 16 1 0 0 1 8 112 
1712934936 207934 7934014 14 16 2 0 0 1 26 79 
1712934936 207950 7950000 10 14 0 0 0 1 27 85 
1712934936 207950 7950007 10 14 1 0 0 1 30 91 
1712934936 207950 7950014 10 14 2 0 0 1 27 79 
1712934936 207993 7993000 13 15 0 0 0 1 45 122 
1712934936 208175 8175007 10 17 1 0 0 1 39 101 
1712934936 208175 8175014 10 17 2 0 0 2 42 73 43 7 
1712934936 208182 8182000 12 12 0 0 0 2 8 57 18 123 
1712934936 208182 8182007 12 12 1 0 0 1 18 134 
1712934936 208182 8182014 12 12 2 0 0 1 23 88 
1712934936 208231 8231014 11 13 2 0 0 1 25 128 
1712934936 208278 8278014 13 12 2 0 0 1 13 91 
1712934936 208344 8344000 14 12 0 0 0 1 50 88 
1712934936 208344 8344007 14 12 1 0 0 1 21 77 
1712934936 208344 8344014 14 12 2 0 0 1 51 167 
1712934936 208464 8464000 14 12 0 0 0 1 43 96 
1712934936 208464 8464007 14 12 1 0 0 1 11 80 
1712934936 208464 8464014 14 12 2 0 0 1 53 84 
1712934936 208513 8513014 13 13 2 0 0 2 0 64 1 43 
1712934936 208873 8873007 13 13 1 0 0 4 11 66 12 90 20 39 21 92 
1712934936 208873 8873014 13 13 2 0 0 2 46 114 47 11 
1712934936 208882 8882014 12 16 2 0 0 1 2 142 
1712934936 208959 8959000 14 15 0 0 0 1 15 82 
1712934936 208959 8959007 14 15 1 0 0 1 16 85 
1712934936 208959 8959014 14 15 2 0 0 1 30 90 
1712934936 209004 9004007 14 12 1 0 0 1 47 113 
1712934936 209004 9004014 14 12 2 0 0 2 31 15 32 112 
1712934936 209014 9014000 14 16 0 0 0 1 55 76 
1712934936 209014 9014007 14 16 1 0 0 1 29 78 
1712934936 209014 9014014 14 16 2 0 0 1 55 84 
1712934936 209084 9084000 14 14 0 0 0 1 22 137 
1712934936 209084 9084007 14 14 1 0 0 2 44 42 45 89 
1712934936 209168 9168000 13 14 0 0 0 2 6 83 7 12 
1712934936 209400 9400014 10 12 2 0 0 2 35 191 36 10 
1712934936 209422 9422000 12 16 0 0 0 1 44 91 
1712934936 209422 9422007 12 16 1 0 0 1 16 98 
1712934936 209422 9422014 12 16 2 0 0 1 34 112 
1712934936 209492 9492007 12 14 1 0 0 2 32 37 33 89 
1712934936 209492 9492014 12 14 2 0 0 1 28 122 
1712934936 209519 9519007 14 17 1 0 0 1 48 120 
1712934936 209519 9519014 14 17 2 0 0 2 38 28 39 147 
1712934936 209651 9651000 11 17 0 0 0 1 10 85 
1712934936 209651 9651007 11 17 1 0 0 1 14 92 
1712934936 209651 9651014 11 17 2 0 0 1 10 87 
1712934936 209661 9661000 11 15 0 0 0 1 10 103 
1712934936 209674 9674007 14 16 1 0 0 2 61 18 62 90 
1712934936 209674 9674014 14 16 2 0 0 1 16 87 
1712934936 209743 9743000 13 13 0 0 0 1 34 95 
1712934936 209743 9743007 13 13 1 0 0 1 15 89 
1712934936 209743 9743014 13 13 2 0 0 1 28 84 
1712934936 209750 9750007 10 14 1 0 0 2 56 112 57 5 
1712934936 209750 9750014 10 14 2 0 0 2 57 52 58 59 
1712934936 209763 9763014 13 15 2 0 0 1 55 104 
1712934936 209813 9813000 13 17 0 0 0 1 22 186 
1712934936 209813 9813007 13 17 1 0 0 2 45 33 46 47 
1712934936 209813 9813014 13 17 2 0 0 1 20 94 
1712934936 209936 9936000 11 14 0 0 0 1 47 105 
1712934936 209936 9936007 11 14 1 0 0 1 2 91 
1712934936 209978 9978014 13 14 2 0 0 1 56 102 
1712934936 209982 9982000 12 12 0 0 0 2 2 22 3 61 
1712934936 210030 10030007 10 12 1 0 0 2 3 89 9 112 
1712934936 210030 10030014 10 12 2 0 0 1 19 99 
1712934936 210047 10047000 12 17 0 0 0 1 25 77 
1712934936 210047 10047007 12 17 1 0 0 2 12 96 13 21 
1712934936 210047 10047014 12 17 2 0 0 1 19 93 
1712934936 210150 10150000 10 12 0 0 0 1 46 90 
1712934936 210150 10150007 10 12 1 0 0 1 54 98 
1712934936 210329 10329007 14 17 1 0 0 1 10 80 
1712934936 210329 10329014 14 17 2 0 0 1 51 85 
1712934936 210526 10526014 11 16 2 0 0 2 54 83 55 12 
1712934936 210580 10580000 10 16 0 0 0 1 55 125 
1712934936 210580 10580007 10 16 1 0 0 2 14 104 31 83 
1712934936 210580 10580014 10 16 2 0 0 1 46 100 
1712934936 210746 10746000 11 14 0 0 0 2 49 69 50 46 
1712934936 210776 10776000 11 14 0 0 0 1 30 81 
1712934936 210815 10815000 10 17 0 0 0 1 44 106 
1712934936 210815 10815007 10 17 1 0 0 1 24 124 
1712934936 210815 10815014 10 17 2 0 0 2 0 58 1 68 
1712934936 210829 10829007 14 13 1 0 0 2 25 1 26 85 
1712934936 210829 10829014 14 13 2 0 0 1 3 81 
1712934936 210884 10884000 14 14 0 0 0 1 14 101 
1712934936 210884 10884007 14 14 1 0 0 2 50 10 51 100 
1712934936 210950 10950014 10 14 2 0 0 2 6 119 7 8 
1712934936 210951 10951000 11 15 0 0 0 2 5 107 6 9 
1712934936 210981 10981014 11 15 2 0 0 2 60 108 61 22 
1712934936 211005 11005007 10 15 1 0 0 1 62 91 
1712934936 211005 11005014 10 15 2 0 0 1 59 101 
1712934936 211014 11014000 14 12 0 0 0 1 31 94 
1712934936 211014 11014007 14 12 1 0 0 2 55 30 56 46 
1712934936 211078 11078000 13 16 0 0 0 1 37 93 
1712934936 211232 11232007 12 14 1 0 0 2 8 104 9 46 
1712934936 211232 11232014 12 14 2 0 0 2 32 84 33 27 
1712934936 211307 11307000 12 17 0 0 0 1 62 81 
1712934936 211337 11337000 12 17 0 0 0 1 37 77 
1712934936 211369 11369007 14 13 1 0 0 2 40 51 41 50 
1712934936 211369 11369014 14 13 2 0 0 2 27 11 28 88 
1712934936 211398 11398000 13 12 0 0 0 1 17 85 
1712934936 211398 11398007 13 12 1 0 0 1 40 87 
1712934936 211398 11398014 13 12 2 0 0 1 17 107 
1712934936 211408 11408007 13 16 1 0 0 1 61 87 
1712934936 211408 11408014 13 16 2 0 0 1 48 106 
1712934936 211585 11585000 10 13 0 0 0 1 36 134 
1712934936 211585 11585007 10 13 1 0 0 2 32 121 33 18 
1712934936 211587 11587000 12 15 0 0 0 1 63 30 
1712934936 211587 11587007 12 15 1 0 0 1 22 105 
1712934936 211587 11587014 12 15 2 0 0 2 21 39 22 65 
1712934936 211593 11593014 13 15 2 0 0 1 7 1 
1712934936 211623 11623000 13 15 0 0 0 1 24 17 
1712934936 211672 11672007 12 16 1 0 0 1 41 129 
1712934936 211672 11672014 12 16 2 0 0 1 35 128 
1712934936 211747 11747000 12 13 0 0 0 1 8 93 
1712934936 211747 11747007 12 13 1 0 0 1 38 113 
1712934936 211973 11973000 13 17 0 0 0 2 41 66 42 25 
1712934936 211973 11973007 13 17 1 0 0 1 4 108 
1712934936 212048 12048014 13 14 2 0 0 1 17 116 
1712934936 212123 12123000 13 17 0 0 0 1 28 89 
1712934936 212123 12123007 13 17 1 0 0 1 57 83 
1712934936 212123 12123014 13 17 2 0 0 2 49 80 50 4 
1712934936 212166 12166000 11 12 0 0 0 1 19 96 
1712934936 212266 12266000 11 16 0 0 0 1 47 93 
1712934936 212266 12266007 11 16 1 0 0 1 17 105 
1712934936 212266 12266014 11 16 2 0 0 1 41 209 
1712934936 212344 12344000 14 16 0 0 0 2 58 82 59 30 
1712934936 212344 12344007 14 16 1 0 0 1 8 119 
1712934936 212525 12525007 10 17 1 0 0 1 37 127 
1712934936 212525 12525014 10 17 2 0 0 1 29 144 
1712934936 212576 12576000 11 14 0 0 0 2 56 118 57 9 
1712934936 212576 12576007 11 14 1 0 0 2 32 126 33 27 
1712934936 212576 12576014 11 14 2 0 0 2 1 17 2 99 
1712934936 212640 12640000 10 12 0 0 0 1 3 85 
1712934936 212640 12640007 10 12 1 0 0 1 1 99 
1712934936 212739 12739000 14 15 0 0 0 2 51 5 52 87 
1712934936 212784 12784000 14 12 0 0 0 1 50 94 
1712934936 212784 12784007 14 12 1 0 0 1 23 90 
1712934936 212784 12784014 14 12 2 0 0 2 61 55 62 22 
1712934936 212905 12905000 10 13 0 0 0 1 26 90 
1712934936 212949 12949000 14 15 0 0 0 1 61 106 
1712934936 212949 12949007 14 15 1 0 0 2 20 146 21 10 
1712934936 212949 12949014 14 15 2 0 0 1 16 113 
1712934936 213016 13016000 11 16 0 0 0 2 23 57 24 60 
1712934936 213016 13016007 11 16 1 0 0 1 54 115 
1712934936 213144 13144007 14 12 1 0 0 1 53 98 
1712934936 213144 13144014 14 12 2 0 0 1 27 93 
1712934936 213169 13169000 14 13 0 0 0 2 17 60 18 43 
1712934936 213169 13169007 14 13 1 0 0 2 53 143 55 1 
1712934936 213169 13169014 14 13 2 0 0 1 63 106 
1712934936 213179 13179000 14 17 0 0 0 1 17 102 
1712934936 213179 13179007 14 17 1 0 0 2 18 65 19 20 
1712934936 213179 13179014 14 17 2 0 0 1 21 166 
1712934936 213384 13384000 14 12 0 0 0 1 57 79 
1712934936 213486 13486000 11 12 0 0 0 1 15 99 
1712934936 213486 13486007 11 12 1 0 0 1 38 94 
1712934936 213486 13486014 11 12 2 0 0 2 23 14 24 77 
1712934936 213506 13506014 11 14 2 0 0 2 49 109 50 1 
1712934936 213512 13512000 12 14 0 0 0 1 34 86 
1712934936 213512 13512007 12 14 1 0 0 1 9 81 
1712934936 213512 13512014 12 14 2 0 0 2 20 87 21 27 
1712934936 213544 13544014 14 16 2 0 0 2 37 113 38 42 
1712934936 213566 13566014 11 14 2 0 0 2 58 77 59 65 
1712934936 213617 13617014 12 17 2 0 0 1 8 148 
1712934936 213648 13648000 13 12 0 0 0 1 14 82 
1712934936 213648 13648007 13 12 1 0 0 1 28 91 
1712934936 213648 13648014 13 12 2 0 0 1 8 84 
1712934936 213707 13707000 12 17 0 0 0 1 19 161 
1712934936 213707 13707007 12 17 1 0 0 1 35 93 
1712934936 213707 13707014 12 17 2 0 0 1 10 102 
1712934936 213709 13709007 14 13 1 0 0 1 37 149 
1712934936 213709 13709014 14 13 2 0 0 2 37 56 38 31 
1712934936 213716 13716007 11 14 1 0 0 2 1 24 2 140 
1712934936 213716 13716014 11 14 2 0 0 1 44 107 
1712934936 213722 13722000 12 14 0 0 0 2 19 32 20 94 
1712934936 213722 13722007 12 14 1 0 0 2 14 95 15 17 
1712934936 213775 13775000 10 13 0 0 0 1 25 87 
1712934936 213775 13775007 10 13 1 0 0 1 20 74 
1712934936 213775 13775014 10 13 2 0 0 1 23 124 
1712934936 213915 13915014 10 15 2 0 0 1 34 127 
1712934936 213926 13926014 11 14 2 0 0 1 5 104 
1712934936 213953 13953000 13 17 0 0 0 1 55 88 
1712934936 213953 13953007 13 17 1 0 0 1 1 119 
1712934936 213953 13953014 13 17 2 0 0 2 40 75 41 15 
1712934936 214015 14015000 10 13 0 0 0 2 47 2 48 114 
1712934936 214063 14063014 13 13 2 0 0 1 53 138 
1712934936 214081 14081014 11 13 2 0 0 2 62 90 63 52 
1712934936 214116 14116014 11 12 2 0 0 1 20 133 
1712934936 214216 14216007 11 16 1 0 0 2 6 96 7 17 
1712934936 214216 14216014 11 16 2 0 0 1 59 173 
1712934936 214409 14409014 14 17 2 0 0 1 18 96 
1712934936 214595 14595000 10 17 0 0 0 1 37 81 
1712934936 214595 14595007 10 17 1 0 0 1 41 83 
1712934936 214595 14595014 10 17 2 0 0 1 18 91 
1712934936 214603 14603000 13 13 0 0 0 1 10 90 
1712934936 214603 14603007 13 13 1 0 0 1 45 92 
1712934936 214630 14630000 10 16 0 0 0 2 56 10 57 145 
1712934936 214630 14630007 10 16 1 0 0 2 9 142 10 57 
1712934936 214657 14657007 12 13 1 0 0 2 59 91 60 19 
1712934936 214657 14657014 12 13 2 0 0 2 47 131 48 5 
1712934936 214696 14696000 11 16 0 0 0 2 16 99 17 19 
1712934936 214738 14738000 13 16 0 0 0 1 54 97 
1712934936 214738 14738007 13 16 1 0 0 1 11 97 
1712934936 214804 14804000 14 16 0 0 0 1 11 118 
1712934936 214804 14804007 14 16 1 0 0 1 32 102 
1712934936 214804 14804014 14 16 2 0 0 1 21 114 
1712934936 214985 14985000 10 17 0 0 0 1 60 7 
1712934936 214985 14985014 10 17 2 0 0 1 50 192 
1712934936 214989 14989014 14 15 2 0 0 1 17 37 
1712934936 215069 15069000 14 17 0 0 0 1 50 108 
1712934936 215123 15123014 13 17 2 0 0 1 1 103 
1712934936 215131 15131007 11 13 1 0 0 2 49 15 50 83 
1712934936 215131 15131014 11 13 2 0 0 1 30 94 
1712934936 215204 15204000 14 14 0 0 0 1 55 111 
1712934936 215204 15204007 14 14 1 0 0 1 54 97 
1712934936 215204 15204014 14 14 2 0 0 1 43 87 
1712934936 215255 15255000 10 17 0 0 0 1 18 92 
1712934936 215255 15255007 10 17 1 0 0 2 12 93 13 52 
1712934936 215266 15266014 11 16 2 0 0 1 13 96 
1712934936 215308 15308014 13 16 2 0 0 1 14 4 
1712934936 215311 15311014 11 13 2 0 0 1 57 122 
1712934936 215458 15458000 13 16 0 0 0 1 29 136 
1712934936 215458 15458007 13 16 1 0 0 2 6 55 7 56 
1712934936 215596 15596000 11 16 0 0 0 1 7 82 
1712934936 215639 15639007 14 17 1 0 0 1 23 150 
1712934936 215639 15639014 14 17 2 0 0 2 36 50 37 59 
1712934936 215730 15730007 10 12 1 0 0 1 31 75 
1712934936 215730 15730014 10 12 2 0 0 1 58 82 
1712934936 215760 15760007 10 12 1 0 0 2 0 31 1 63 
1712934936 215943 15943000 13 15 0 0 0 2 26 95 35 189 
1712934936 215943 15943007 13 15 1 0 0 2 7 88 8 11 
1712934936 215988 15988000 13 12 0 0 0 1 45 84 
1712934936 215988 15988007 13 12 1 0 0 1 51 114 
1712934936 215988 15988014 13 12 2 0 0 1 51 74 
1712934936 216005 16005007 10 17 1 0 0 2 4 4 5 94 
1712934936 216005 16005014 10 17 2 0 0 1 45 149 
1712934936 216017 16017000 12 17 0 0 0 3 6 57 12 57 13 24 
1712934936 216017 16017007 12 17 1 0 0 1 0 156 
1712934936 216017 16017014 12 17 2 0 0 2 23 61 24 21 
1712934936 216047 16047000 12 17 0 0 0 2 7 72 10 101 
1712934936 216047 16047007 12 17 1 0 0 2 20 25 21 81 
1712934936 216047 16047014 12 17 2 0 0 1 15 83 
1712934936 216220 16220000 10 16 0 0 0 1 57 78 
1712934936 216220 16220007 10 16 1 0 0 1 59 99 
1712934936 216220 16220014 10 16 2 0 0 1 60 120 
1712934936 216250 16250014 10 16 2 0 0 1 22 105 
1712934936 216298 16298000 13 16 0 0 0 1 3 90 
1712934936 216298 16298007 13 16 1 0 0 1 43 78 
1712934936 216298 16298014 13 16 2 0 0 1 2 84 
1712934936 216456 16456000 11 12 0 0 0 1 58 9 
1712934936 216484 16484000 14 16 0 0 0 2 4 102 5 185 
1712934936 216484 16484007 14 16 1 0 0 1 44 117 
1712934936 216484 16484014 14 16 2 0 0 2 55 111 56 10 
1712934936 216519 16519007 14 15 1 0 0 2 53 63 54 50 
1712934936 216519 16519014 14 15 2 0 0 1 0 106 
1712934936 216585 16585000 10 15 0 0 0 1 56 87 
1712934936 216585 16585007 10 15 1 0 0 2 42 33 43 47 
1712934936 216585 16585014 10 15 2 0 0 1 52 81 
1712934936 216656 16656000 11 14 0 0 0 2 6 68 7 51 
1712934936 216717 16717000 12 15 0 0 0 1 34 129 
1712934936 216807 16807000 12 15 0 0 0 2 40 23 41 97 
1712934936 216807 16807007 12 15 1 0 0 1 4 81 
1712934936 216820 16820000 10 16 0 0 0 1 42 115 
1712934936 216820 16820007 10 16 1 0 0 1 4 89 
1712934936 216820 16820014 10 16 2 0 0 1 55 84 
1712934936 216962 16962000 12 14 0 0 0 1 18 97 
1712934936 216962 16962007 12 14 1 0 0 1 44 82 
1712934936 216962 16962014 12 14 2 0 0 2 13 10 14 78 
1712934936 217105 17105007 10 13 1 0 0 1 56 96 
1712934936 217149 17149000 14 15 0 0 0 1 61 124 
1712934936 217244 17244014 14 14 2 0 0 2 1 129 2 17 
1712934936 217284 17284000 14 12 0 0 0 1 57 98 
1712934936 217284 17284007 14 12 1 0 0 2 62 40 63 40 
1712934936 217372 17372014 12 16 2 0 0 2 57 48 58 51 
1712934936 217390 17390014 10 16 2 0 0 2 0 103 1 15 
1712934936 217423 17423000 13 13 0 0 0 1 28 199 
1712934936 217423 17423007 13 13 1 0 0 1 30 91 
1712934936 217423 17423014 13 13 2 0 0 1 32 91 
1712934936 217542 17542007 12 12 1 0 0 1 47 77 
1712934936 217542 17542014 12 12 2 0 0 1 47 100 
1712934936 217633 17633000 13 13 0 0 0 2 14 42 15 75 
1712934936 217633 17633007 13 13 1 0 0 1 23 94 
1712934936 217683 17683000 13 15 0 0 0 1 21 91 
1712934936 217905 17905014 10 15 2 0 0 2 61 79 62 122 
1712934936 217913 17913014 13 17 2 0 0 1 19 116 
1712934936 217964 17964000 14 14 0 0 0 1 32 104 
1712934936 217964 17964007 14 14 1 0 0 1 29 95 
1712934936 217964 17964014 14 14 2 0 0 1 32 95 
1712934936 218043 18043000 13 15 0 0 0 2 36 54 37 36 
1712934936 218043 18043007 13 15 1 0 0 2 22 33 23 186 
1712934936 218043 18043014 13 15 2 0 0 1 16 86 
1712934936 218149 18149000 14 13 0 0 0 1 28 98 
1712934936 218149 18149007 14 13 1 0 0 1 24 87 
1712934936 218149 18149014 14 13 2 0 0 2 41 70 42 8 
1712934936 218237 18237000 12 17 0 0 0 2 41 3 42 80 
1712934936 218237 18237007 12 17 1 0 0 1 35 102 
1712934936 218237 18237014 12 17 2 0 0 1 19 84 
1712934936 218246 18246000 11 14 0 0 0 2 43 78 44 11 
1712934936 218258 18258000 13 14 0 0 0 1 39 84 
1712934936 218258 18258007 13 14 1 0 0 1 2 83 
1712934936 218271 18271000 11 15 0 0 0 1 50 77 
1712934936 218271 18271007 11 15 1 0 0 1 42 82 
1712934936 218271 18271014 11 15 2 0 0 1 39 95 
1712934936 218274 18274000 14 12 0 0 0 1 28 118 
1712934936 218274 18274007 14 12 1 0 0 1 35 103 
1712934936 218274 18274014 14 12 2 0 0 1 51 93 
1712934936 218328 18328007 13 12 1 0 0 2 43 73 44 24 
1712934936 218328 18328014 13 12 2 0 0 1 61 99 
1712934936 218402 18402000 12 14 0 0 0 2 37 41 38 41 
1712934936 218402 18402007 12 14 1 0 0 1 53 93 
1712934936 218402 18402014 12 14 2 0 0 1 53 92 
1712934936 218454 18454000 14 12 0 0 0 2 20 59 21 38 
1712934936 218468 18468014 13 14 2 0 0 1 12 7 
1712934936 218475 18475000 10 15 0 0 0 1 53 84 
1712934936 218475 18475007 10 15 1 0 0 1 21 84 
1712934936 218475 18475014 10 15 2 0 0 1 52 80 
1712934936 218567 18567007 12 17 1 0 0 2 57 44 58 60 
1712934936 218567 18567014 12 17 2 0 0 2 21 36 22 59 
1712934936 218623 18623007 13 13 1 0 0 1 44 28 
1712934936 218665 18665000 10 13 0 0 0 1 51 83 
1712934936 218665 18665007 10 13 1 0 0 1 35 136 
1712934936 218665 18665014 10 13 2 0 0 2 52 148 53 4 
1712934936 218666 18666000 11 14 0 0 0 1 63 105 
1712934936 218688 18688000 13 12 0 0 0 1 51 100 
1712934936 218688 18688007 13 12 1 0 0 1 40 91 
1712934936 218688 18688014 13 12 2 0 0 1 54 78 
1712934936 218802 18802014 12 12 2 0 0 1 8 103 
1712934936 218813 18813014 13 17 2 0 0 1 0 83 
1712934936 218856 18856014 11 12 2 0 0 1 45 124 
1712934936 219069 19069000 14 15 0 0 0 1 32 140 
1712934936 219077 19077014 12 17 2 0 0 1 5 143 
1712934936 219097 19097014 12 13 2 0 0 1 55 87 
1712934936 219232 19232014 12 16 2 0 0 1 62 116 
1712934936 219237 19237007 12 15 1 0 0 2 10 24 11 84 
1712934936 219237 19237014 12 15 2 0 0 2 19 44 20 65 
1712934936 219258 19258014 13 12 2 0 0 2 6 40 7 59 
1712934936 219358 19358014 13 16 2 0 0 1 25 119 
1712934936 219536 19536007 11 14 1 0 0 1 15 24 
1712934936 219556 19556000 11 16 0 0 0 2 51 9 52 83 
1712934936 219556 19556007 11 16 1 0 0 2 51 75 52 21 
1712934936 219582 19582000 12 12 0 0 0 1 45 100 
1712934936 219582 19582007 12 12 1 0 0 1 12 108 
1712934936 219582 19582014 12 12 2 0 0 1 50 129 
1712934936 219667 19667014 12 13 2 0 0 2 26 61 27 162 
1712934936 219676 19676007 11 16 1 0 0 1 48 84 
1712934936 219676 19676014 11 16 2 0 0 1 52 118 
1712934936 219743 19743000 13 17 0 0 0 1 30 87 
1712934936 219759 19759014 14 15 2 0 0 2 41 42 42 38 
1712934936 219881 19881014 11 17 2 0 0 1 5 78 
1712934936 219976 19976007 11 16 1 0 0 1 20 135 
1712934936 219976 19976014 11 16 2 0 0 2 19 75 20 39 
1712934936 220085 20085000 10 17 0 0 0 1 53 97 
1712934936 220085 20085007 10 17 1 0 0 1 57 83 
1712934936 220085 20085014 10 17 2 0 0 1 56 85 
1712934936 220099 20099007 14 13 1 0 0 1 57 99 
1712934936 220099 20099014 14 13 2 0 0 1 57 79 
1712934936 220109 20109000 14 17 0 0 0 1 5 126 
1712934936 220109 20109007 14 17 1 0 0 2 51 9 52 77 
1712934936 220109 20109014 14 17 2 0 0 1 1 125 
1712934936 220163 20163014 13 17 2 0 0 2 45 33 46 171 
1712934936 220364 20364014 14 14 2 0 0 1 8 112 
1712934936 220387 20387000 12 13 0 0 0 1 43 88 
1712934936 220387 20387007 12 13 1 0 0 1 13 121 
1712934936 220387 20387014 12 13 2 0 0 1 42 89 
1712934936 220459 20459000 14 13 0 0 0 1 52 78 
1712934936 220459 20459007 14 13 1 0 0 1 0 86 
1712934936 220522 20522000 12 16 0 0 0 1 8 117 
1712934936 220522 20522007 12 16 1 0 0 1 3 88 
1712934936 220551 20551014 11 15 2 0 0 1 54 100 
1712934936 220580 20580014 10 14 2 0 0 1 9 103 
1712934936 220597 20597014 12 13 2 0 0 1 10 101 
1712934936 220601 20601007 11 17 1 0 0 2 62 36 63 44 
1712934936 220601 20601014 11 17 2 0 0 1 12 89 
1712934936 220654 20654014 14 16 2 0 0 2 6 113 7 37 
1712934936 220681 20681000 11 13 0 0 0 1 24 97 
1712934936 220681 20681007 11 13 1 0 0 2 2 72 3 52 
1712934936 220693 20693000 13 13 0 0 0 2 15 24 16 69 
1712934936 220693 20693007 13 13 1 0 0 1 23 86 
1712934936 220889 20889000 14 17 0 0 0 1 53 125 
1712934936 220889 20889007 14 17 1 0 0 1 10 111 
1712934936 220889 20889014 14 17 2 0 0 1 28 84 
1712934936 220940 20940007 10 14 1 0 0 2 20 97 21 5 
1712934936 220969 20969000 14 13 0 0 0 1 1 129 
1712934936 220976 20976000 11 14 0 0 0 1 42 103 
1712934936 220976 20976007 11 14 1 0 0 1 59 122 
1712934936 221017 21017007 12 13 1 0 0 1 61 117 
1712934936 221017 21017014 12 13 2 0 0 1 27 106 
1712934936 221186 21186000 11 14 0 0 0 1 14 100 
1712934936 221186 21186007 11 14 1 0 0 1 3 87 
1712934936 221261 21261000 11 17 0 0 0 1 51 50 
1712934936 221318 21318000 13 14 0 0 0 1 42 151 
1712934936 221457 21457000 12 15 0 0 0 1 43 80 
1712934936 221457 21457007 12 15 1 0 0 1 60 106 
1712934936 221587 21587014 12 13 2 0 0 1 63 17 
1712934936 221591 21591014 11 17 2 0 0 2 33 70 34 44 
1712934936 221660 21660014 10 14 2 0 0 1 37 101 
1712934936 221670 21670000 10 12 0 0 0 1 33 101 
1712934936 221670 21670007 10 12 1 0 0 1 56 90 
1712934936 221670 21670014 10 12 2 0 0 1 38 81 
1712934936 221749 21749007 14 13 1 0 0 1 22 111 
1712934936 221749 21749014 14 13 2 0 0 1 30 127 
1712934936 221761 21761000 11 13 0 0 0 1 63 46 
1712934936 221774 21774007 14 14 1 0 0 1 5 91 
1712934936 221774 21774014 14 14 2 0 0 1 14 83 
1712934936 221785 21785007 10 13 1 0 0 2 16 21 57 110 
1712934936 221785 21785014 10 13 2 0 0 1 8 140 
1712934936 221921 21921007 11 17 1 0 0 2 24 61 25 50 
1712934936 221921 21921014 11 17 2 0 0 1 0 130 
1712934936 222031 22031000 11 13 0 0 0 1 11 93 
1712934936 222031 22031007 11 13 1 0 0 1 18 96 
1712934936 222031 22031014 11 13 2 0 0 2 25 86 57 5 
1712934936 222115 22115007 10 13 1 0 0 1 0 15 
1712934936 222115 22115014 10 13 2 0 0 1 47 97 
1712934936 222158 22158000 13 14 0 0 0 2 49 47 50 54 
1712934936 222285 22285000 10 15 0 0 0 1 48 85 
1712934936 222285 22285007 10 15 1 0 0 2 21 16 22 73 
1712934936 222285 22285014 10 15 2 0 0 1 52 87 
1712934936 222346 22346007 11 16 1 0 0 1 28 90 
1712934936 222346 22346014 11 16 2 0 0 2 24 74 25 25 
1712934936 222367 22367014 12 13 2 0 0 1 5 97 
1712934936 222391 22391014 11 13 2 0 0 2 44 62 45 59 
1712934936 222445 22445000 10 13 0 0 0 1 20 99 
1712934936 222445 22445007 10 13 1 0 0 1 42 89 
1712934936 222445 22445014 10 13 2 0 0 1 25 91 
1712934936 222466 22466014 11 16 2 0 0 2 43 46 44 83 
1712934936 222469 22469007 14 13 1 0 0 2 50 19 51 90 
1712934936 222469 22469014 14 13 2 0 0 1 8 119 
1712934936 222561 22561000 11 15 0 0 0 1 30 81 
1712934936 222561 22561007 11 15 1 0 0 1 32 92 
1712934936 222561 22561014 11 15 2 0 0 1 26 121 
1712934936 222606 22606000 11 12 0 0 0 1 58 104 
1712934936 222727 22727000 12 13 0 0 0 1 4 109 
1712934936 222727 22727007 12 13 1 0 0 1 54 92 
1712934936 222785 22785014 10 17 2 0 0 2 48 105 49 17 
1712934936 222807 22807014 12 15 2 0 0 1 0 15 
1712934936 222908 22908007 13 14 1 0 0 1 21 105 
1712934936 222908 22908014 13 14 2 0 0 2 29 54 30 90 
1712934936 222926 22926014 11 14 2 0 0 1 10 98 
1712934936 223067 23067000 12 17 0 0 0 2 26 70 27 29 
1712934936 223145 23145007 10 17 1 0 0 2 53 22 54 204 
1712934936 223147 23147000 12 13 0 0 0 1 34 90 
1712934936 223147 23147007 12 13 1 0 0 2 30 56 31 34 
1712934936 223147 23147014 12 13 2 0 0 1 30 113 
1712934936 223312 23312000 12 16 0 0 0 2 51 24 52 90 
1712934936 223485 23485000 10 15 0 0 0 2 44 80 45 23 
1712934936 223485 23485007 10 15 1 0 0 2 49 47 50 61 
1712934936 223485 23485014 10 15 2 0 0 2 8 60 9 34 
1712934936 223496 23496007 11 14 1 0 0 3 44 199 45 186 46 86 
1712934936 223496 23496014 11 14 2 0 0 1 26 96 
1712934936 223502 23502000 12 14 0 0 0 2 15 41 16 71 
1712934936 223502 23502007 12 14 1 0 0 1 46 97 
1712934936 223568 23568000 13 14 0 0 0 1 21 94 
1712934936 223568 23568007 13 14 1 0 0 1 12 80 
1712934936 223568 23568014 13 14 2 0 0 2 40 32 41 64 
1712934936 223670 23670000 10 14 0 0 0 1 4 104 
1712934936 223670 23670007 10 14 1 0 0 1 3 101 
1712934936 223670 23670014 10 14 2 0 0 1 2 121 
1712934936 223721 23721000 11 17 0 0 0 1 20 79 
1712934936 223721 23721007 11 17 1 0 0 1 37 93 
1712934936 223721 23721014 11 17 2 0 0 1 28 73 
1712934936 223735 23735007 10 13 1 0 0 2 59 37 60 112 
1712934936 223735 23735014 10 13 2 0 0 1 41 112 
1712934936 223908 23908000 13 12 0 0 0 1 6 90 
1712934936 223929 23929000 14 15 0 0 0 2 14 17 15 118 
1712934936 223944 23944000 14 12 0 0 0 2 54 69 55 12 
1712934936 223944 23944007 14 12 1 0 0 1 24 103 
1712934936 223944 23944014 14 12 2 0 0 1 60 72 
1712934936 224009 24009000 14 17 0 0 0 1 8 83 
1712934936 224095 24095000 10 13 0 0 0 1 40 106 
1712934936 224095 24095007 10 13 1 0 0 1 6 103 
1712934936 224099 24099014 14 17 2 0 0 1 22 96 
1712934936 224121 24121000 11 15 0 0 0 1 60 187 
1712934936 224121 24121007 11 15 1 0 0 1 53 76 
1712934936 224121 24121014 11 15 2 0 0 1 53 91 
1712934936 224220 24220000 10 12 0 0 0 1 5 82 
1712934936 224220 24220007 10 12 1 0 0 1 34 88 
1712934936 224220 24220014 10 12 2 0 0 1 6 84 
1712934936 224236 24236000 11 16 0 0 0 2 7 36 8 60 
1712934936 224319 24319000 14 15 0 0 0 1 25 85 
1712934936 224319 24319007 14 15 1 0 0 1 52 99 
1712934936 224319 24319014 14 15 2 0 0 1 56 124 
1712934936 224373 24373014 13 15 2 0 0 2 53 52 54 37 
1712934936 224484 24484007 14 12 1 0 0 1 58 105 
1712934936 224488 24488000 13 16 0 0 0 2 10 34 11 51 
1712934936 224488 24488007 13 16 1 0 0 2 55 45 56 37 
1712934936 224488 24488014 13 16 2 0 0 1 3 92 
1712934936 224512 24512000 12 16 0 0 0 2 31 169 32 17 
1712934936 224567 24567007 12 17 1 0 0 2 50 34 51 92 
1712934936 224567 24567014 12 17 2 0 0 2 10 79 11 30 
1712934936 224568 24568014 13 12 2 0 0 1 0 86 
1712934936 224602 24602000 12 16 0 0 0 2 38 4 39 84 
1712934936 224602 24602007 12 16 1 0 0 1 13 94 
1712934936 224602 24602014 12 16 2 0 0 1 56 116 
1712934936 224661 24661007 11 15 1 0 0 1 63 72 
1712934936 224661 24661014 11 15 2 0 0 1 58 84 
1712934936 224686 24686000 11 16 0 0 0 1 55 107 
1712934936 224686 24686007 11 16 1 0 0 2 19 9 20 187 
1712934936 224686 24686014 11 16 2 0 0 1 38 92 
1712934936 224878 24878000 13 16 0 0 0 2 62 230 63 4 
1712934936 224878 24878007 13 16 1 0 0 1 60 116 
1712934936 224887 24887000 12 13 0 0 0 1 55 104 
1712934936 224945 24945000 10 17 0 0 0 1 55 117 
1712934936 224945 24945007 10 17 1 0 0 1 22 80 
1712934936 224945 24945014 10 17 2 0 0 1 55 93 
1712934936 225198 25198007 13 12 1 0 0 2 51 46 52 79 
1712934936 225198 25198014 13 12 2 0 0 2 53 41 54 70 
1712934936 225388 25388014 13 16 2 0 0 2 0 95 1 17 
1712934936 225395 25395000 10 17 0 0 0 1 49 101 
1712934936 225395 25395007 10 17 1 0 0 1 63 105 
1712934936 225554 25554014 14 14 2 0 0 1 11 123 
1712934936 225651 25651000 11 15 0 0 0 1 16 80 
1712934936 225651 25651007 11 15 1 0 0 1 28 101 
1712934936 225651 25651014 11 15 2 0 0 2 20 39 21 46 
1712934936 225754 25754000 14 16 0 0 0 2 31 86 32 4 
1712934936 225754 25754007 14 16 1 0 0 1 3 88 
1712934936 225754 25754014 14 16 2 0 0 1 23 88 
1712934936 225784 25784000 14 16 0 0 0 2 20 29 21 63 
1712934936 225784 25784007 14 16 1 0 0 2 29 60 30 41 
1712934936 225784 25784014 14 16 2 0 0 1 8 100 
1712934936 225950 25950007 10 14 1 0 0 1 52 122 
1712934936 225950 25950014 10 14 2 0 0 1 43 115 
1712934936 225975 25975007 10 15 1 0 0 1 60 122 
1712934936 225975 25975014 10 15 2 0 0 2 52 50 53 48 
1712934936 226035 26035000 10 15 0 0 0 1 60 88 
1712934936 226100 26100000 10 14 0 0 0 2 21 18 22 84 
1712934936 226100 26100007 10 14 1 0 0 2 35 66 36 44 
1712934936 226100 26100014 10 14 2 0 0 1 37 97 
1712934936 226112 26112000 12 14 0 0 0 1 61 98 
1712934936 226112 26112007 12 14 1 0 0 1 45 109 
1712934936 226112 26112014 12 14 2 0 0 2 24 61 25 29 
1712934936 226234 26234014 14 16 2 0 0 2 44 25 45 88 
1712934936 226238 26238000 13 14 0 0 0 1 39 77 
1712934936 226238 26238007 13 14 1 0 0 1 59 107 
1712934936 226268 26268000 13 14 0 0 0 1 1 107 
1712934936 226520 26520014 10 14 2 0 0 2 14 27 15 101 
1712934936 226548 26548000 13 12 0 0 0 1 47 77 
1712934936 226548 26548007 13 12 1 0 0 2 21 82 32 81 
1712934936 226548 26548014 13 12 2 0 0 1 35 79 
1712934936 226622 26622000 12 14 0 0 0 1 4 94 
1712934936 226622 26622007 12 14 1 0 0 1 13 115 
1712934936 226633 26633000 13 13 0 0 0 1 63 3 
1712934936 226633 26633007 13 13 1 0 0 1 43 171 
1712934936 226633 26633014 13 13 2 0 0 2 10 2 11 125 
1712934936 226719 26719000 14 15 0 0 0 1 11 83 
1712934936 226719 26719007 14 15 1 0 0 2 50 56 51 25 
1712934936 226719 26719014 14 15 2 0 0 1 13 124 
1712934936 226766 26766007 11 14 1 0 0 2 61 35 62 101 
1712934936 226779 26779000 14 15 0 0 0 1 15 135 
1712934936 226779 26779007 14 15 1 0 0 1 55 78 
1712934936 226779 26779014 14 15 2 0 0 1 0 5 
1712934936 226785 26785000 10 15 0 0 0 2 15 89 18 4 
1712934936 226785 26785007 10 15 1 0 0 1 20 76 
1712934936 226785 26785014 10 15 2 0 0 1 5 111 
1712934936 226797 26797007 12 15 1 0 0 1 0 33 
1712934936 226797 26797014 12 15 2 0 0 1 20 137 
1712934936 227039 27039000 14 17 0 0 0 1 22 94 
1712934936 227039 27039007 14 17 1 0 0 2 34 52 35 45 
1712934936 227039 27039014 14 17 2 0 0 1 32 99 
1712934936 227083 27083000 13 13 0 0 0 1 14 110 
1712934936 227139 27139014 14 15 2 0 0 2 41 20 42 139 
1712934936 227165 27165000 10 17 0 0 0 1 23 100 
1712934936 227165 27165007 10 17 1 0 0 1 26 102 
1712934936 227165 27165014 10 17 2 0 0 1 51 110 
1712934936 227421 27421000 11 15 0 0 0 1 17 124 
1712934936 227421 27421007 11 15 1 0 0 1 8 86 
1712934936 227421 27421014 11 15 2 0 0 1 12 123 
1712934936 227521 27521007 11 13 1 0 0 1 1 92 
1712934936 227521 27521014 11 13 2 0 0 1 36 82 
1712934936 227525 27525000 10 17 0 0 0 1 30 102 
1712934936 227525 27525007 10 17 1 0 0 1 20 83 
1712934936 227525 27525014 10 17 2 0 0 1 25 84 
1712934936 227552 27552000 12 14 0 0 0 1 28 93 
1712934936 227579 27579000 14 17 0 0 0 1 9 108 
1712934936 227579 27579007 14 17 1 0 0 1 2 103 
1712934936 227623 27623000 13 13 0 0 0 2 48 41 49 58 
1712934936 227623 27623007 13 13 1 0 0 1 7 101 
1712934936 227623 27623014 13 13 2 0 0 1 29 103 
1712934936 227640 27640000 10 12 0 0 0 1 37 88 
1712934936 227640 27640007 10 12 1 0 0 2 5 19 6 61 
1712934936 227640 27640014 10 12 2 0 0 1 38 146 
1712934936 227664 27664007 14 12 1 0 0 1 1 128 
1712934936 227664 27664014 14 12 2 0 0 1 22 108 
1712934936 227688 27688014 13 12 2 0 0 2 49 30 50 48 
1712934936 227807 27807014 12 17 2 0 0 1 60 91 
1712934936 227904 27904000 14 12 0 0 0 1 56 105 
1712934936 227904 27904007 14 12 1 0 0 1 34 106 
1712934936 227904 27904014 14 12 2 0 0 1 40 91 
1712934936 228110 28110007 10 14 1 0 0 1 5 97 
1712934936 228110 28110014 10 14 2 0 0 2 24 83 25 15 
1712934936 228272 28272000 12 14 0 0 0 1 20 91 
1712934936 228278 28278000 13 14 0 0 0 1 52 108 
1712934936 228278 28278007 13 14 1 0 0 3 15 3 16 57 47 109 
1712934936 228278 28278014 13 14 2 0 0 1 21 109 
1712934936 228412 28412007 12 16 1 0 0 1 15 1 
1712934936 228596 28596007 11 14 1 0 0 2 0 53 1 27 
1712934936 228596 28596014 11 14 2 0 0 1 48 92 
1712934936 228633 28633000 13 15 0 0 0 2 48 27 49 64 
1712934936 228633 28633007 13 15 1 0 0 1 19 97 
1712934936 228633 28633014 13 15 2 0 0 2 16 157 17 8 
1712934936 228690 28690000 10 12 0 0 0 1 55 82 
1712934936 228690 28690007 10 12 1 0 0 1 55 76 
1712934936 228690 28690014 10 12 2 0 0 1 50 96 
1712934936 228736 28736014 11 16 2 0 0 1 5 81 
1712934936 228740 28740000 10 14 0 0 0 1 43 111 
1712934936 228740 28740007 10 14 1 0 0 2 34 37 35 84 
1712934936 228740 28740014 10 14 2 0 0 1 45 77 
1712934936 228752 28752014 12 14 2 0 0 1 46 105 
1712934936 229209 29209000 14 15 0 0 0 1 35 180 
1712934936 229209 29209007 14 15 1 0 0 2 59 81 60 24 
1712934936 229308 29308000 13 12 0 0 0 1 31 108 
1712934936 229308 29308007 13 12 1 0 0 2 22 82 23 5 
1712934936 229308 29308014 13 12 2 0 0 1 55 96 
1712934936 229358 29358007 13 14 1 0 0 2 0 2 1 104 
1712934936 229358 29358014 13 14 2 0 0 1 28 96 
1712934936 229382 29382014 12 14 2 0 0 1 32 73 
1712934936 229383 29383014 13 15 2 0 0 2 43 41 44 60 
1712934936 229426 29426014 11 16 2 0 0 2 9 114 10 12 
1712934936 229453 29453000 13 13 0 0 0 1 35 134 
1712934936 229509 29509000 14 15 0 0 0 1 26 93 
1712934936 229509 29509007 14 15 1 0 0 2 9 36 10 78 
1712934936 229567 29567007 12 13 1 0 0 1 41 112 
1712934936 229567 29567014 12 13 2 0 0 2 37 100 38 53 
1712934936 229582 29582007 12 16 1 0 0 2 36 104 37 8 
1712934936 229582 29582014 12 16 2 0 0 1 38 112 
1712934936 229650 29650014 10 12 2 0 0 1 44 46 
1712934936 229790 29790007 10 14 1 0 0 2 55 43 56 196 
1712934936 229790 29790014 10 14 2 0 0 1 46 93 
1712934936 229798 29798000 13 16 0 0 0 1 0 100 
1712934936 229837 29837014 12 13 2 0 0 1 5 127 
1712934936 229852 29852007 12 16 1 0 0 2 44 82 45 19 
1712934936 229852 29852014 12 16 2 0 0 1 30 107 
1712934936 229870 29870007 10 16 1 0 0 2 24 32 25 70 
1712934936 229870 29870014 10 16 2 0 0 1 14 148 
1712934936 229944 29944000 14 12 0 0 0 3 26 79 27 13 45 119 
1712934936 229944 29944007 14 12 1 0 0 1 48 141 
1712934936 229944 29944014 14 12 2 0 0 1 4 138 
1712934936 229945 29945014 10 13 2 0 0 1 5 103 
1712934936 230102 30102000 12 14 0 0 0 1 12 103 
1712934936 230131 30131000 11 13 0 0 0 1 10 100 
1712934936 230131 30131007 11 13 1 0 0 1 51 88 
1712934936 230131 30131014 11 13 2 0 0 1 23 82 
1712934936 230143 30143000 13 13 0 0 0 2 52 36 53 67 
1712934936 230190 30190000 10 12 0 0 0 1 39 105 
1712934936 230190 30190007 10 12 1 0 0 1 36 97 
1712934936 230190 30190014 10 12 2 0 0 2 9 107 10 3 
1712934936 230337 30337000 12 15 0 0 0 2 10 33 11 67 
1712934936 230456 30456007 11 14 1 0 0 1 57 97 
1712934936 230456 30456014 11 14 2 0 0 2 37 95 38 9 
1712934936 230462 30462014 12 14 2 0 0 2 23 42 24 106 
1712934936 230467 30467000 12 13 0 0 0 1 2 100 
1712934936 230467 30467007 12 13 1 0 0 1 42 96 
1712934936 230467 30467014 12 13 2 0 0 2 21 25 22 56 
1712934936 230498 30498000 13 14 0 0 0 2 38 101 39 10 
1712934936 230498 30498007 13 14 1 0 0 2 28 57 29 38 
1712934936 230498 30498014 13 14 2 0 0 1 57 104 
1712934936 230609 30609007 14 17 1 0 0 2 11 57 12 72 
1712934936 230609 30609014 14 17 2 0 0 2 19 112 20 35 
1712934936 230638 30638000 13 16 0 0 0 1 50 98 
1712934936 230638 30638007 13 16 1 0 0 1 0 7 
1712934936 230680 30680007 10 16 1 0 0 2 5 6 6 88 
1712934936 230738 30738000 13 14 0 0 0 2 31 122 32 9 
1712934936 230738 30738007 13 14 1 0 0 2 29 126 30 24 
1712934936 230901 30901000 11 15 0 0 0 1 45 85 
1712934936 230901 30901007 11 15 1 0 0 1 45 85 
1712934936 230901 30901014 11 15 2 0 0 1 52 128 
1712934936 231122 31122000 12 14 0 0 0 1 7 114 
1712934936 231122 31122007 12 14 1 0 0 1 58 17 
1712934936 231252 31252000 12 12 0 0 0 1 20 140 
1712934936 231252 31252007 12 12 1 0 0 1 15 125 
1712934936 231252 31252014 12 12 2 0 0 1 8 81 
1712934936 231282 31282000 12 12 0 0 0 2 20 6 21 81 
1712934936 231282 31282007 12 12 1 0 0 1 51 113 
1712934936 231309 31309000 14 15 0 0 0 1 2 95 
1712934936 231309 31309007 14 15 1 0 0 2 45 30 46 58 
1712934936 231309 31309014 14 15 2 0 0 1 1 112 
1712934936 231319 31319000 14 13 0 0 0 1 30 86 
1712934936 231319 31319007 14 13 1 0 0 2 42 41 43 41 
1712934936 231319 31319014 14 13 2 0 0 1 28 112 
1712934936 231349 31349000 14 13 0 0 0 2 0 55 1 116 
1712934936 231349 31349007 14 13 1 0 0 2 39 37 40 67 
1712934936 231349 31349014 14 13 2 0 0 2 30 35 31 68 
1712934936 231387 31387014 12 15 2 0 0 1 63 117 
1712934936 231414 31414014 14 12 2 0 0 1 22 94 
1712934936 231435 31435000 10 15 0 0 0 2 48 81 49 13 
1712934936 231435 31435007 10 15 1 0 0 1 9 91 
1712934936 231501 31501000 11 15 0 0 0 1 43 86 
1712934936 231501 31501007 11 15 1 0 0 1 14 86 
1712934936 231501 31501014 11 15 2 0 0 2 17 4 18 92 
1712934936 231508 31508000 13 16 0 0 0 1 36 103 
1712934936 231508 31508007 13 16 1 0 0 1 22 88 
1712934936 231508 31508014 13 16 2 0 0 1 24 92 
1712934936 231557 31557000 12 17 0 0 0 1 2 55 
1712934936 231579 31579000 14 15 0 0 0 1 11 86 
1712934936 231579 31579007 14 15 1 0 0 2 49 27 59 111 
1712934936 231579 31579014 14 15 2 0 0 1 33 90 
1712934936 231619 31619000 14 13 0 0 0 2 15 146 16 2 
1712934936 231620 31620000 10 14 0 0 0 1 6 151 
1712934936 231620 31620007 10 14 1 0 0 1 35 132 
1712934936 231658 31658000 13 16 0 0 0 1 55 102 
1712934936 231659 31659007 14 17 1 0 0 1 10 61 
1712934936 231659 31659014 14 17 2 0 0 2 9 81 10 6 
1712934936 231707 31707014 12 17 2 0 0 2 29 13 30 155 
1712934936 231776 31776007 11 14 1 0 0 1 40 90 
1712934936 231776 31776014 11 14 2 0 0 1 44 99 
1712934936 231827 31827000 12 17 0 0 0 1 0 70 
1712934936 231841 31841007 11 13 1 0 0 1 63 76 
1712934936 231841 31841014 11 13 2 0 0 1 18 84 
1712934936 231983 31983000 13 17 0 0 0 1 30 267 
1712934936 231983 31983007 13 17 1 0 0 1 53 123 
1712934936 231983 31983014 13 17 2 0 0 1 57 87 
1712934936 231991 31991000 11 13 0 0 0 2 58 107 59 7 
1712934936 232024 32024000 14 16 0 0 0 2 38 82 39 18 
1712934936 232024 32024007 14 16 1 0 0 1 57 128 
1712934936 232174 32174014 14 16 2 0 0 2 2 68 3 27 
1712934936 232226 32226000 11 14 0 0 0 1 35 72 
1712934936 232226 32226007 11 14 1 0 0 1 38 86 
1712934936 232226 32226014 11 14 2 0 0 1 34 121 
1712934936 232277 32277007 12 17 1 0 0 2 54 55 55 75 
1712934936 232277 32277014 12 17 2 0 0 2 28 7 29 221 
1712934936 232299 32299000 14 15 0 0 0 4 0 69 1 24 4 11 5 72 
1712934936 232299 32299007 14 15 1 0 0 1 58 109 
1712934936 232299 32299014 14 15 2 0 0 3 34 79 35 42 43 1 
1712934936 232559 32559000 14 17 0 0 0 1 16 99 
1712934936 232559 32559007 14 17 1 0 0 1 4 128 
1712934936 232608 32608000 13 12 0 0 0 1 13 92 
1712934936 232608 32608007 13 12 1 0 0 2 61 22 62 63 
1712934936 232757 32757000 12 17 0 0 0 1 4 86 
1712934936 232757 32757007 12 17 1 0 0 1 15 78 
1712934936 232757 32757014 12 17 2 0 0 1 5 78 
1712934936 232767 32767000 12 15 0 0 0 2 57 70 58 24 
1712934936 232770 32770000 10 12 0 0 0 2 34 51 35 45 
1712934936 232770 32770007 10 12 1 0 0 2 53 55 54 52 
1712934936 232861 32861000 11 13 0 0 0 1 32 103 
1712934936 232887 32887014 12 15 2 0 0 1 7 139 
1712934936 233069 33069014 14 17 2 0 0 2 52 75 53 14 
1712934936 233112 33112007 12 12 1 0 0 2 43 187 44 43 
1712934936 233154 33154000 14 12 0 0 0 1 20 83 
1712934936 233154 33154007 14 12 1 0 0 1 56 91 
1712934936 233154 33154014 14 12 2 0 0 1 19 129 
1712934936 233261 33261007 11 17 1 0 0 1 63 117 
1712934936 233395 33395000 10 13 0 0 0 1 7 110 
1712934936 233395 33395007 10 13 1 0 0 1 54 105 
1712934936 233517 33517000 12 15 0 0 0 1 44 100 
1712934936 233517 33517007 12 15 1 0 0 1 42 107 
1712934936 233517 33517014 12 15 2 0 0 1 29 80 
1712934936 233544 33544007 14 12 1 0 0 2 2 16 3 113 
1712934936 233544 33544014 14 12 2 0 0 1 54 156 
1712934936 233882 33882000 12 14 0 0 0 1 31 84 
1712934936 233882 33882007 12 14 1 0 0 1 57 86 
1712934936 233906 33906000 11 14 0 0 0 1 62 101 
1712934936 233918 33918000 13 14 0 0 0 1 46 83 
1712934936 233918 33918007 13 14 1 0 0 1 37 123 
1712934936 233918 33918014 13 14 2 0 0 2 39 160 40 12 
1712934936 233945 33945014 10 17 2 0 0 1 63 14 
1712934936 234016 34016000 11 16 0 0 0 1 11 78 
1712934936 234016 34016007 11 16 1 0 0 1 52 77 
1712934936 234016 34016014 11 16 2 0 0 1 23 105 
1712934936 234165 34165000 10 15 0 0 0 2 38 57 39 187 
1712934936 234165 34165007 10 15 1 0 0 1 54 89 
1712934936 234165 34165014 10 15 2 0 0 1 48 92 
1712934936 234309 34309000 14 15 0 0 0 1 0 96 
1712934936 234309 34309007 14 15 1 0 0 1 3 88 
1712934936 234309 34309014 14 15 2 0 0 1 30 1 
1712934936 234457 34457000 12 13 0 0 0 2 53 65 54 46 
1712934936 234457 34457007 12 13 1 0 0 1 22 109 
1712934936 234457 34457014 12 13 2 0 0 2 8 9 9 102 
1712934936 234464 34464007 14 14 1 0 0 1 20 100 
1712934936 234464 34464014 14 14 2 0 0 2 44 87 45 88 
1712934936 234485 34485014 10 17 2 0 0 2 4 65 5 85 
1712934936 234526 34526007 11 16 1 0 0 1 19 92 
1712934936 234526 34526014 11 16 2 0 0 1 61 85 
1712934936 234545 34545000 10 17 0 0 0 2 25 91 26 72 
1712934936 234545 34545007 10 17 1 0 0 1 27 90 
1712934936 234552 34552014 12 12 2 0 0 2 27 16 28 119 
1712934936 234577 34577014 12 13 2 0 0 1 40 136 
1712934936 234915 34915000 10 15 0 0 0 2 43 88 44 17 
1712934936 235012 35012000 12 16 0 0 0 1 10 93 
1712934936 235012 35012007 12 16 1 0 0 1 57 79 
1712934936 235012 35012014 12 16 2 0 0 2 34 22 35 63 
1712934936 235069 35069007 14 13 1 0 0 3 47 17 48 205 49 70 
1712934936 235069 35069014 14 13 2 0 0 1 9 177 
1712934936 235265 35265007 10 17 1 0 0 2 5 24 6 75 
1712934936 235265 35265014 10 17 2 0 0 1 53 103 
1712934936 235273 35273007 13 13 1 0 0 1 0 85 
1712934936 235273 35273014 13 13 2 0 0 1 32 112 
1712934936 235288 35288007 13 16 1 0 0 1 62 124 
1712934936 235425 35425000 10 15 0 0 0 1 34 102 
1712934936 235507 35507014 12 13 2 0 0 1 54 103 
1712934936 235672 35672000 12 16 0 0 0 2 21 99 22 2 
1712934936 235672 35672007 12 16 1 0 0 1 31 97 
1712934936 235686 35686000 11 12 0 0 0 1 9 93 
1712934936 235935 35935007 10 15 1 0 0 2 61 59 62 60 
1712934936 235935 35935014 10 15 2 0 0 1 6 143 
1712934936 235975 35975014 10 13 2 0 0 1 56 126 
1712934936 236010 36010000 10 12 0 0 0 2 2 71 3 14 
1712934936 236025 36025000 10 15 0 0 0 1 32 92 
1712934936 236046 36046000 11 12 0 0 0 1 43 100 
1712934936 236046 36046007 11 12 1 0 0 2 14 68 15 35 
1712934936 236066 36066014 11 14 2 0 0 1 1 86 
1712934936 236127 36127000 12 15 0 0 0 1 40 81 
1712934936 236127 36127007 12 15 1 0 0 2 59 47 60 42 
1712934936 236127 36127014 12 15 2 0 0 2 51 169 52 29 
1712934936 236142 36142000 12 12 0 0 0 1 34 91 
1712934936 236142 36142007 12 12 1 0 0 1 8 92 
1712934936 236205 36205007 10 15 1 0 0 2 52 2 53 127 
1712934936 236322 36322007 12 12 1 0 0 1 55 22 
1712934936 236353 36353000 13 13 0 0 0 1 30 121 
1712934936 236353 36353007 13 13 1 0 0 2 42 59 43 36 
1712934936 236353 36353014 13 13 2 0 0 1 24 97 
1712934936 236485 36485000 10 13 0 0 0 1 37 125 
1712934936 236485 36485007 10 13 1 0 0 2 12 28 13 69 
1712934936 236485 36485014 10 13 2 0 0 1 36 82 
1712934936 236510 36510000 10 14 0 0 0 1 15 93 
1712934936 236510 36510007 10 14 1 0 0 1 42 100 
1712934936 236510 36510014 10 14 2 0 0 2 24 89 25 12 
1712934936 236536 36536007 11 16 1 0 0 1 11 125 
1712934936 236536 36536014 11 16 2 0 0 2 58 20 59 76 
1712934936 236549 36549000 14 17 0 0 0 1 21 89 
1712934936 236549 36549007 14 17 1 0 0 2 54 25 55 68 
1712934936 236685 36685000 10 15 0 0 0 2 47 28 55 104 
1712934936 236685 36685007 10 15 1 0 0 2 53 78 54 64 
1712934936 236733 36733014 13 15 2 0 0 1 9 116 
1712934936 236955 36955000 10 15 0 0 0 1 1 82 
1712934936 236988 36988007 13 12 1 0 0 2 10 2 11 82 
1712934936 236988 36988014 13 12 2 0 0 1 57 100 
1712934936 237101 37101014 11 17 2 0 0 1 50 122 
1712934936 237151 37151014 11 13 2 0 0 1 56 94 
1712934936 237264 37264000 14 12 0 0 0 1 18 111 
1712934936 237264 37264007 14 12 1 0 0 2 13 1 14 81 
1712934936 237264 37264014 14 12 2 0 0 1 18 96 
1712934936 237270 37270000 10 12 0 0 0 1 10 91 
1712934936 237270 37270007 10 12 1 0 0 1 4 100 
1712934936 237281 37281000 11 17 0 0 0 2 9 62 10 43 
1712934936 237281 37281007 11 17 1 0 0 1 16 113 
1712934936 237371 37371007 11 17 1 0 0 1 49 101 
1712934936 237371 37371014 11 17 2 0 0 2 58 72 59 10 
1712934936 237421 37421000 11 13 0 0 0 1 55 97 
1712934936 237421 37421007 11 13 1 0 0 1 47 162 
1712934936 237421 37421014 11 13 2 0 0 1 57 92 
1712934936 237440 37440000 10 14 0 0 0 2 9 15 10 93 
1712934936 237440 37440007 10 14 1 0 0 1 42 109 
1712934936 237440 37440014 10 14 2 0 0 1 4 99 
1712934936 237545 37545007 10 17 1 0 0 2 7 145 8 24 
1712934936 237545 37545014 10 17 2 0 0 2 41 80 42 43 
1712934936 237600 37600000 10 12 0 0 0 1 12 102 
1712934936 237600 37600007 10 12 1 0 0 2 5 33 6 49 
1712934936 237683 37683000 13 17 0 0 0 1 59 98 
1712934936 237683 37683007 13 17 1 0 0 1 57 110 
1712934936 237692 37692007 12 14 1 0 0 1 52 102 
1712934936 237781 37781000 11 13 0 0 0 1 0 103 
1712934936 237788 37788000 13 14 0 0 0 1 17 96 
1712934936 237788 37788007 13 14 1 0 0 1 42 119 
1712934936 237788 37788014 13 14 2 0 0 1 23 107 
1712934936 237810 37810000 10 12 0 0 0 1 23 74 
1712934936 237810 37810007 10 12 1 0 0 1 23 89 
1712934936 237810 37810014 10 12 2 0 0 1 10 100 
1712934936 237891 37891000 11 15 0 0 0 2 16 16 17 102 
1712934936 237891 37891007 11 15 1 0 0 1 31 91 
1712934936 237891 37891014 11 15 2 0 0 1 29 83 
1712934936 237896 37896000 11 14 0 0 0 1 19 108 
1712934936 237896 37896007 11 14 1 0 0 2 6 7 7 70 
1712934936 237903 37903000 13 15 0 0 0 1 45 80 
1712934936 237943 37943014 13 13 2 0 0 1 58 123 
1712934936 238007 38007000 12 17 0 0 0 1 6 119 
1712934936 238234 38234014 14 16 2 0 0 1 8 107 
1712934936 238461 38461000 11 15 0 0 0 1 45 90 
1712934936 238461 38461007 11 15 1 0 0 1 60 91 
1712934936 238522 38522000 12 16 0 0 0 1 27 88 
1712934936 238522 38522007 12 16 1 0 0 1 47 83 
1712934936 238522 38522014 12 16 2 0 0 1 29 79 
1712934936 238559 38559007 14 17 1 0 0 4 2 38 3 89 9 31 10 106 
1712934936 238559 38559014 14 17 2 0 0 1 56 125 
1712934936 238670 38670007 10 14 1 0 0 2 5 35 6 97 
1712934936 238670 38670014 10 14 2 0 0 1 26 90 
1712934936 238751 38751000 11 17 0 0 0 1 17 100 
1712934936 238751 38751007 11 17 1 0 0 1 25 87 
1712934936 238751 38751014 11 17 2 0 0 1 18 114 
1712934936 238813 38813000 13 13 0 0 0 1 3 82 
1712934936 238813 38813007 13 13 1 0 0 1 9 79 
1712934936 238813 38813014 13 13 2 0 0 1 3 120 
1712934936 238828 38828007 13 16 1 0 0 1 36 99 
1712934936 238828 38828014 13 16 2 0 0 2 37 68 38 27 
1712934936 238862 38862000 12 14 0 0 0 1 51 96 
1712934936 238881 38881007 11 15 1 0 0 4 46 111 47 7 58 4 59 138 
1712934936 238881 38881014 11 15 2 0 0 2 15 102 16 28 
1712934936 238892 38892007 12 14 1 0 0 1 20 91 
1712934936 238892 38892014 12 14 2 0 0 2 44 68 45 31 
1712934936 239011 39011007 11 13 1 0 0 2 35 41 36 42 
1712934936 239011 39011014 11 13 2 0 0 1 59 93 
1712934936 239099 39099007 14 17 1 0 0 2 49 64 50 54 
1712934936 239133 39133000 13 15 0 0 0 1 60 92 
1712934936 239133 39133007 13 15 1 0 0 1 47 78 
1712934936 239133 39133014 13 15 2 0 0 1 53 100 
1712934936 239148 39148014 13 12 2 0 0 1 59 134 
1712934936 239224 39224000 14 16 0 0 0 1 2 88 
1712934936 239224 39224007 14 16 1 0 0 2 55 70 56 1 
1712934936 239224 39224014 14 16 2 0 0 1 14 96 
1712934936 239305 39305000 10 13 0 0 0 2 45 58 46 32 
1712934936 239305 39305007 10 13 1 0 0 1 41 78 
1712934936 239305 39305014 10 13 2 0 0 1 31 87 
1712934936 239320 39320007 10 16 1 0 0 1 47 106 
1712934936 239320 39320014 10 16 2 0 0 1 41 112 
1712934936 239353 39353014 13 13 2 0 0 1 53 116 
1712934936 239364 39364000 14 12 0 0 0 1 45 98 
1712934936 239364 39364007 14 12 1 0 0 1 40 118 
1712934936 239470 39470000 10 16 0 0 0 1 19 90 
1712934936 239470 39470007 10 16 1 0 0 1 36 107 
1712934936 239470 39470014 10 16 2 0 0 1 11 80 
1712934936 239512 39512007 12 16 1 0 0 2 4 28 5 55 
1712934936 239512 39512014 12 16 2 0 0 1 21 73 
1712934936 239528 39528000 13 14 0 0 0 2 8 68 9 45 
1712934936 239528 39528007 13 14 1 0 0 1 46 93 
1712934936 239528 39528014 13 14 2 0 0 1 40 118 
1712934936 239586 39586000 11 12 0 0 0 2 1 64 2 47 
1712934936 239617 39617007 12 13 1 0 0 1 0 76 
1712934936 239617 39617014 12 13 2 0 0 1 4 97 
1712934936 239620 39620007 10 16 1 0 0 2 6 92 7 17 
1712934936 239620 39620014 10 16 2 0 0 1 25 111 
1712934936 239633 39633014 13 17 2 0 0 1 31 94 
1712934936 239841 39841000 11 15 0 0 0 1 58 112 
1712934936 239876 39876007 11 14 1 0 0 1 56 117 
1712934936 239876 39876014 11 14 2 0 0 2 30 35 31 91 
1712934936 240033 40033014 13 15 2 0 0 1 23 112 
1712934936 240147 40147000 12 15 0 0 0 2 7 95 8 42 
1712934936 240147 40147007 12 15 1 0 0 1 21 105 
1712934936 240147 40147014 12 15 2 0 0 1 22 120 
1712934936 240217 40217000 12 13 0 0 0 1 1 94 
1712934936 240217 40217007 12 13 1 0 0 1 56 86 
1712934936 240217 40217014 12 13 2 0 0 1 2 99 
1712934936 240296 40296007 11 14 1 0 0 1 18 80 
1712934936 240296 40296014 11 14 2 0 0 1 60 88 
1712934936 240332 40332000 12 14 0 0 0 1 63 142 
1712934936 240332 40332007 12 14 1 0 0 2 40 19 41 95 
1712934936 240332 40332014 12 14 2 0 0 2 24 119 25 49 
1712934936 240343 40343007 13 13 1 0 0 1 18 134 
1712934936 240343 40343014 13 13 2 0 0 2 21 107 22 15 
1712934936 240362 40362000 12 14 0 0 0 3 0 115 8 88 9 28 
1712934936 240362 40362007 12 14 1 0 0 1 9 86 
1712934936 240362 40362014 12 14 2 0 0 1 19 91 
1712934936 240475 40475014 10 13 2 0 0 1 53 127 
1712934936 240575 40575014 10 17 2 0 0 1 0 17 
1712934936 240591 40591000 11 15 0 0 0 1 30 135 
1712934936 240591 40591007 11 15 1 0 0 2 50 63 51 47 
1712934936 240675 40675000 10 15 0 0 0 1 60 93 
1712934936 240675 40675007 10 15 1 0 0 1 11 133 
1712934936 240675 40675014 10 15 2 0 0 2 49 4 56 143 
1712934936 240688 40688000 13 16 0 0 0 1 28 149 
1712934936 240688 40688007 13 16 1 0 0 2 18 23 19 87 
1712934936 240688 40688014 13 16 2 0 0 2 11 100 12 32 
1712934936 240849 40849000 14 15 0 0 0 1 1 102 
1712934936 240849 40849007 14 15 1 0 0 1 61 88 
1712934936 240849 40849014 14 15 2 0 0 1 22 93 
1712934936 240973 40973000 13 13 0 0 0 2 41 12 42 112 
1712934936 240973 40973007 13 13 1 0 0 2 40 53 41 105 
1712934936 241283 41283007 13 17 1 0 0 2 1 76 2 19 
1712934936 241283 41283014 13 17 2 0 0 2 8 89 9 11 
1712934936 241295 41295014 10 17 2 0 0 2 40 28 41 78 
1712934936 241316 41316007 11 14 1 0 0 1 46 98 
1712934936 241316 41316014 11 14 2 0 0 2 52 105 53 14 
1712934936 241342 41342000 12 16 0 0 0 2 2 50 3 57 
1712934936 241342 41342007 12 16 1 0 0 2 49 5 50 119 
1712934936 241355 41355007 10 17 1 0 0 2 2 97 3 50 
1712934936 241355 41355014 10 17 2 0 0 2 31 7 32 136 
1712934936 241426 41426000 11 16 0 0 0 2 53 61 54 36 
1712934936 241426 41426007 11 16 1 0 0 1 2 1 
1712934936 241518 41518000 13 12 0 0 0 1 33 95 
1712934936 241518 41518007 13 12 1 0 0 1 54 99 
1712934936 241518 41518014 13 12 2 0 0 1 3 90 
1712934936 241535 41535000 10 17 0 0 0 1 42 86 
1712934936 241535 41535007 10 17 1 0 0 1 57 86 
1712934936 241535 41535014 10 17 2 0 0 2 20 93 21 19 
1712934936 241590 41590007 10 12 1 0 0 2 19 73 20 31 
1712934936 241590 41590014 10 12 2 0 0 1 10 119 
1712934936 241621 41621000 11 13 0 0 0 1 12 134 
1712934936 241621 41621007 11 13 1 0 0 1 19 86 
1712934936 241621 41621014 11 13 2 0 0 1 11 77 
1712934936 241708 41708000 13 16 0 0 0 1 54 150 
1712934936 241708 41708007 13 16 1 0 0 1 6 99 
1712934936 241708 41708014 13 16 2 0 0 1 19 88 
1712934936 241711 41711007 11 13 1 0 0 2 57 49 58 90 
1712934936 241711 41711014 11 13 2 0 0 1 12 91 
1712934936 241796 41796014 11 14 2 0 0 2 53 22 54 87 
1712934936 241902 41902007 12 12 1 0 0 1 1 102 
1712934936 241902 41902014 12 12 2 0 0 1 42 99 
1712934936 241940 41940000 10 14 0 0 0 1 42 89 
1712934936 241940 41940007 10 14 1 0 0 1 4 79 
1712934936 241946 41946000 11 14 0 0 0 1 36 141 
1712934936 241946 41946007 11 14 1 0 0 2 35 53 36 46 
1712934936 241946 41946014 11 14 2 0 0 1 45 108 
1712934936 241954 41954007 14 16 1 0 0 1 17 89 
1712934936 241954 41954014 14 16 2 0 0 1 62 92 
1712934936 242063 42063014 13 17 2 0 0 2 37 9 38 113 
1712934936 242127 42127000 12 15 0 0 0 1 8 80 
1712934936 242127 42127007 12 15 1 0 0 1 24 99 
1712934936 242154 42154014 14 12 2 0 0 1 58 92 
1712934936 242204 42204014 14 14 2 0 0 2 62 33 63 104 
1712934936 242249 42249000 14 17 0 0 0 1 58 85 
1712934936 242249 42249007 14 17 1 0 0 1 52 94 
1712934936 242285 42285000 10 17 0 0 0 2 18 6 19 110 
1712934936 242457 42457007 12 15 1 0 0 2 8 64 9 52 
1712934936 242492 42492000 12 14 0 0 0 2 20 41 21 113 
1712934936 242492 42492007 12 14 1 0 0 1 53 124 
1712934936 242492 42492014 12 14 2 0 0 1 60 104 
1712934936 242586 42586007 11 12 1 0 0 1 10 110 
1712934936 242586 42586014 11 12 2 0 0 1 47 75 
1712934936 242599 42599000 14 13 0 0 0 2 17 3 18 94 
1712934936 242628 42628000 13 12 0 0 0 1 7 106 
1712934936 242628 42628007 13 12 1 0 0 1 28 109 
1712934936 242628 42628014 13 12 2 0 0 1 44 103 
1712934936 242694 42694000 14 12 0 0 0 3 2 17 3 8 15 9 
1712934936 242712 42712000 12 12 0 0 0 1 44 93 
1712934936 242832 42832000 12 12 0 0 0 1 4 96 
1712934936 242868 42868000 13 12 0 0 0 2 1 61 2 38 
1712934936 242868 42868007 13 12 1 0 0 2 35 52 36 45 
1712934936 242868 42868014 13 12 2 0 0 1 46 100 
1712934936 243112 43112014 12 16 2 0 0 2 8 42 9 63 
1712934936 243279 43279000 14 15 0 0 0 1 26 85 
1712934936 243279 43279007 14 15 1 0 0 1 10 91 
1712934936 243279 43279014 14 15 2 0 0 1 23 104 
1712934936 243432 43432014 12 12 2 0 0 2 59 44 60 63 
1712934936 243630 43630000 10 12 0 0 0 1 27 116 
1712934936 243630 43630007 10 12 1 0 0 1 61 93 
1712934936 243666 43666014 11 12 2 0 0 2 42 97 43 31 
1712934936 243713 43713000 13 17 0 0 0 1 58 114 
1712934936 243713 43713007 13 17 1 0 0 2 41 85 63 90 
1712934936 243713 43713014 13 17 2 0 0 1 63 15 
1712934936 243795 43795000 10 15 0 0 0 2 2 85 3 15 
1712934936 243795 43795007 10 15 1 0 0 1 50 93 
1712934936 243836 43836014 11 14 2 0 0 3 20 59 21 51 42 48 
1712934936 243841 43841000 11 13 0 0 0 1 25 120 
1712934936 243841 43841007 11 13 1 0 0 2 61 96 62 13 
1712934936 243946 43946007 11 16 1 0 0 2 16 77 17 16 
1712934936 243946 43946014 11 16 2 0 0 1 54 106 
1712934936 243947 43947000 12 17 0 0 0 1 38 92 
1712934936 243947 43947007 12 17 1 0 0 2 12 52 13 43 
1712934936 243947 43947014 12 17 2 0 0 1 7 99 
1712934936 243958 43958000 13 16 0 0 0 1 6 146 
1712934936 243958 43958007 13 16 1 0 0 2 46 11 47 106 
1712934936 243958 43958014 13 16 2 0 0 1 15 61 
1712934936 244003 44003007 13 13 1 0 0 2 38 47 39 69 
1712934936 244003 44003014 13 13 2 0 0 2 38 94 39 38 
1712934936 244207 44207000 12 13 0 0 0 2 50 89 51 29 
1712934936 244237 44237000 12 13 0 0 0 2 57 38 58 77 
1712934936 244237 44237007 12 13 1 0 0 2 52 27 53 59 
1712934936 244237 44237014 12 13 2 0 0 1 48 87 
1712934936 244286 44286000 11 14 0 0 0 1 52 119 
1712934936 244300 44300000 10 16 0 0 0 1 26 131 
1712934936 244300 44300007 10 16 1 0 0 2 5 92 6 7 
1712934936 244317 44317014 12 15 2 0 0 2 43 32 44 60 
1712934936 244419 44419014 14 15 2 0 0 2 46 160 47 49 
1712934936 244584 44584000 14 12 0 0 0 2 55 46 56 56 
1712934936 244609 44609000 14 13 0 0 0 1 8 116 
1712934936 244609 44609007 14 13 1 0 0 1 38 72 
1712934936 244609 44609014 14 13 2 0 0 1 12 93 
1712934936 244645 44645000 10 13 0 0 0 1 38 82 
1712934936 244645 44645007 10 13 1 0 0 1 34 90 
1712934936 244691 44691000 11 17 0 0 0 2 25 119 26 23 
1712934936 244691 44691007 11 17 1 0 0 2 33 56 34 72 
1712934936 244709 44709000 14 17 0 0 0 1 5 79 
1712934936 244709 44709007 14 17 1 0 0 1 62 95 
1712934936 244835 44835000 10 17 0 0 0 1 38 106 
1712934936 244941 44941000 11 15 0 0 0 1 61 108 
1712934936 244941 44941007 11 15 1 0 0 2 62 32 63 63 
1712934936 245077 45077000 12 13 0 0 0 2 56 21 57 78 
1712934936 245077 45077007 12 13 1 0 0 1 50 78 
1712934936 245088 45088000 13 12 0 0 0 1 13 90 
1712934936 245088 45088007 13 12 1 0 0 1 44 97 
1712934936 245088 45088014 13 12 2 0 0 1 31 94 
1712934936 245091 45091000 11 15 0 0 0 1 31 93 
1712934936 245091 45091007 11 15 1 0 0 2 39 14 40 180 
1712934936 245091 45091014 11 15 2 0 0 1 12 115 
1712934936 245107 45107000 12 13 0 0 0 2 21 14 22 103 
1712934936 245107 45107007 12 13 1 0 0 1 58 140 
1712934936 245161 45161014 11 13 2 0 0 1 43 102 
1712934936 245589 45589007 14 15 1 0 0 1 63 104 
1712934936 245649 45649000 14 15 0 0 0 2 7 59 8 87 
1712934936 245897 45897000 12 17 0 0 0 1 42 167 
1712934936 245897 45897007 12 17 1 0 0 1 9 87 
1712934936 245977 45977000 12 13 0 0 0 1 15 99 
1712934936 245977 45977007 12 13 1 0 0 1 26 106 
1712934936 246052 46052000 12 16 0 0 0 1 29 99 
1712934936 246221 46221000 11 17 0 0 0 1 13 129 
1712934936 246255 46255007 10 15 1 0 0 1 62 124 
1712934936 246255 46255014 10 15 2 0 0 2 0 15 1 84 
1712934936 246560 46560014 10 14 2 0 0 1 3 91 
1712934936 246638 46638000 13 14 0 0 0 1 7 104 
1712934936 246686 46686014 11 14 2 0 0 1 7 61 
1712934936 246701 46701007 11 17 1 0 0 2 57 8 58 177 
1712934936 246701 46701014 11 17 2 0 0 1 11 110 
1712934936 246767 46767014 12 17 2 0 0 2 23 101 24 15 
1712934936 246801 46801000 11 15 0 0 0 1 25 84 
1712934936 246817 46817000 12 13 0 0 0 1 63 30 
1712934936 246817 46817007 12 13 1 0 0 1 30 96 
1712934936 246817 46817014 12 13 2 0 0 1 19 115 
1712934936 247347 47347000 12 15 0 0 0 1 5 78 
1712934936 247347 47347007 12 15 1 0 0 1 9 86 
1712934936 247347 47347014 12 15 2 0 0 1 3 111 
1712934936 247523 47523000 13 17 0 0 0 1 54 217 
1712934936 247564 47564000 14 16 0 0 0 1 62 78 
1712934936 247851 47851014 11 15 2 0 0 1 12 100 
1712934936 247899 47899000 14 15 0 0 0 1 15 90 
1712934936 247899 47899007 14 15 1 0 0 1 59 82 
1712934936 247899 47899014 14 15 2 0 0 1 15 93 
1712934936 247957 47957007 12 13 1 0 0 1 4 133 
1712934936 247961 47961014 11 17 2 0 0 1 34 116 
1712934936 248070 48070000 10 12 0 0 0 1 6 125 
1712934936 248070 48070007 10 12 1 0 0 1 27 105 
1712934936 248079 48079007 14 15 1 0 0 1 3 103 
1712934936 248079 48079014 14 15 2 0 0 1 6 99 
1712934936 248086 48086000 11 16 0 0 0 1 47 83 
1712934936 248086 48086007 11 16 1 0 0 1 46 87 
1712934936 248086 48086014 11 16 2 0 0 1 62 86 
1712934936 248153 48153000 13 17 0 0 0 1 39 84 
1712934936 248153 48153007 13 17 1 0 0 1 31 89 
1712934936 248153 48153014 13 17 2 0 0 1 42 82 
1712934936 248200 48200000 10 16 0 0 0 2 12 76 13 7 
1712934936 248200 48200007 10 16 1 0 0 2 50 5 51 94 
1712934936 248200 48200014 10 16 2 0 0 1 26 143 
1712934936 248314 48314014 14 16 2 0 0 1 7 181 
1712934936 248344 48344000 14 16 0 0 0 1 62 107 
1712934936 248344 48344007 14 16 1 0 0 1 13 84 
1712934936 248344 48344014 14 16 2 0 0 1 40 104 
1712934936 248440 48440007 10 16 1 0 0 2 11 89 12 43 
1712934936 248470 48470000 10 16 0 0 0 1 63 26 
1712934936 248470 48470007 10 16 1 0 0 2 27 29 28 144 
1712934936 248470 48470014 10 16 2 0 0 1 52 104 
1712934936 248534 48534014 14 14 2 0 0 1 63 39 
1712934936 248543 48543000 13 17 0 0 0 3 15 29 42 48 43 33 
1712934936 248543 48543007 13 17 1 0 0 1 59 83 
1712934936 248543 48543014 13 17 2 0 0 1 40 83 
1712934936 248635 48635000 10 13 0 0 0 2 39 66 40 31 
1712934936 248635 48635007 10 13 1 0 0 2 16 129 17 124 
1712934936 248635 48635014 10 13 2 0 0 2 3 46 4 59 
1712934936 248644 48644007 14 16 1 0 0 1 3 145 
1712934936 248644 48644014 14 16 2 0 0 1 57 103 
1712934936 248694 48694007 14 12 1 0 0 1 11 146 
1712934936 248694 48694014 14 12 2 0 0 1 30 93 
1712934936 248755 48755000 10 13 0 0 0 1 36 197 
1712934936 248755 48755007 10 13 1 0 0 2 45 26 46 60 
1712934936 248755 48755014 10 13 2 0 0 1 27 145 
1712934936 248826 48826000 11 12 0 0 0 2 42 67 43 28 
1712934936 248826 48826007 11 12 1 0 0 1 49 128 
1712934936 248826 48826014 11 12 2 0 0 1 50 92 
1712934936 248839 48839000 14 13 0 0 0 1 0 80 
1712934936 248839 48839007 14 13 1 0 0 1 33 87 
1712934936 248839 48839014 14 13 2 0 0 1 7 86 
1712934936 249038 49038007 13 14 1 0 0 2 3 15 4 71 
1712934936 249038 49038014 13 14 2 0 0 1 56 120 
1712934936 249050 49050000 10 14 0 0 0 1 3 172 
1712934936 249146 49146000 11 14 0 0 0 2 54 64 55 28 
1712934936 249146 49146007 11 14 1 0 0 2 28 15 29 82 
1712934936 249146 49146014 11 14 2 0 0 1 32 117 
1712934936 249372 49372000 12 12 0 0 0 2 29 61 30 105 
1712934936 249407 49407000 12 17 0 0 0 1 46 95 
1712934936 249450 49450000 10 12 0 0 0 2 15 69 16 23 
1712934936 249450 49450007 10 12 1 0 0 1 36 97 
1712934936 249450 49450014 10 12 2 0 0 1 24 78 
1712934936 249551 49551007 11 17 1 0 0 1 59 93 
1712934936 249551 49551014 11 17 2 0 0 1 58 125 
1712934936 249620 49620007 10 14 1 0 0 2 15 103 44 50 
1712934936 249620 49620014 10 14 2 0 0 1 56 80 
1712934936 249667 49667000 12 13 0 0 0 1 21 101 
1712934936 249667 49667007 12 13 1 0 0 1 38 101 
1712934936 249667 49667014 12 13 2 0 0 2 53 63 54 21 
1712934936 249718 49718000 13 16 0 0 0 1 16 121 
1712934936 249806 49806000 11 14 0 0 0 1 57 127 
1712934936 249806 49806007 11 14 1 0 0 2 45 97 46 3 
1712934936 249806 49806014 11 14 2 0 0 2 36 84 37 4 
1712934936 249859 49859000 14 13 0 0 0 2 6 23 7 79 
1712934936 249859 49859007 14 13 1 0 0 2 28 97 29 15 
1712934936 249859 49859014 14 13 2 0 0 1 18 113 
1712934936 249964 49964014 14 16 2 0 0 2 4 69 5 56 
1712934936 249973 49973000 13 13 0 0 0 1 55 98 
1712934936 249984 49984000 14 12 0 0 0 1 3 84 
1712934936 250067 50067014 12 17 2 0 0 2 23 47 24 39 
1712934936 250074 50074014 14 12 2 0 0 1 20 97 
1712934936 250120 50120014 10 16 2 0 0 2 10 18 11 85 
1712934936 250386 50386014 11 12 2 0 0 1 20 170 
1712934936 250394 50394014 14 14 2 0 0 1 60 100 
1712934936 250421 50421000 11 17 0 0 0 2 47 44 49 121 
1712934936 250421 50421007 11 17 1 0 0 1 37 95 
1712934936 250421 50421014 11 17 2 0 0 1 41 85 
1712934936 250673 50673014 13 17 2 0 0 2 54 45 55 58 
1712934936 250697 50697000 12 17 0 0 0 1 59 111 
1712934936 250697 50697007 12 17 1 0 0 1 4 86 
1712934936 250727 50727007 12 17 1 0 0 1 3 84 
1712934936 250781 50781000 11 17 0 0 0 1 62 101 
1712934936 250797 50797000 12 15 0 0 0 1 44 70 
1712934936 250797 50797007 12 15 1 0 0 1 18 87 
1712934936 250797 50797014 12 15 2 0 0 1 46 139 
1712934936 250871 50871014 11 17 2 0 0 2 17 20 18 120 
1712934936 250935 50935000 10 15 0 0 0 1 24 92 
1712934936 250935 50935007 10 15 1 0 0 1 63 87 
1712934936 250981 50981000 11 13 0 0 0 1 43 97 
1712934936 250981 50981007 11 13 1 0 0 1 24 92 
1712934936 250981 50981014 11 13 2 0 0 1 54 95 
1712934936 251036 51036000 11 14 0 0 0 1 5 90 
1712934936 251036 51036007 11 14 1 0 0 2 33 82 34 19 
1712934936 251036 51036014 11 14 2 0 0 1 21 92 
1712934936 251082 51082007 12 12 1 0 0 2 14 5 15 126 
1712934936 251082 51082014 12 12 2 0 0 1 52 132 
1712934936 251096 51096007 11 14 1 0 0 2 55 55 56 53 
1712934936 251096 51096014 11 14 2 0 0 1 46 91 
1712934936 251303 51303000 13 17 0 0 0 1 44 89 
1712934936 251303 51303007 13 17 1 0 0 2 11 2 12 74 
1712934936 251379 51379007 14 15 1 0 0 2 58 75 59 19 
1712934936 251379 51379014 14 15 2 0 0 1 20 97 
1712934936 251389 51389007 14 13 1 0 0 1 1 87 
1712934936 251389 51389014 14 13 2 0 0 2 51 78 52 1 
1712934936 251423 51423014 13 17 2 0 0 2 15 114 16 19 
1712934936 251430 51430007 10 12 1 0 0 1 14 113 
1712934936 251537 51537000 12 17 0 0 0 1 14 11 
1712934936 251537 51537007 12 17 1 0 0 1 62 82 
1712934936 251537 51537014 12 17 2 0 0 2 16 20 17 64 
1712934936 251595 51595000 10 15 0 0 0 2 58 41 59 42 
1712934936 251595 51595007 10 15 1 0 0 1 30 83 
1712934936 251595 51595014 10 15 2 0 0 1 46 76 
1712934936 251597 51597014 12 17 2 0 0 1 49 128 
1712934936 251690 51690007 10 14 1 0 0 1 49 98 
1712934936 251690 51690014 10 14 2 0 0 2 31 59 32 39 
1712934936 251699 51699007 14 17 1 0 0 1 54 101 
1712934936 251699 51699014 14 17 2 0 0 2 49 145 50 9 
1712934936 251719 51719007 14 13 1 0 0 1 22 139 
1712934936 251719 51719014 14 13 2 0 0 1 27 150 
1712934936 251853 51853014 13 15 2 0 0 1 25 95 
1712934936 251871 51871014 11 15 2 0 0 1 19 97 
1712934936 251875 51875000 10 13 0 0 0 1 54 90 
1712934936 251875 51875007 10 13 1 0 0 1 58 109 
1712934936 251875 51875014 10 13 2 0 0 1 50 89 
1712934936 251967 51967000 12 15 0 0 0 1 39 103 
1712934936 251967 51967007 12 15 1 0 0 1 46 97 
1712934936 251967 51967014 12 15 2 0 0 1 38 103 
1712934936 251991 51991000 11 15 0 0 0 1 34 87 
1712934936 251991 51991007 11 15 1 0 0 1 19 95 
1712934936 251991 51991014 11 15 2 0 0 2 23 68 24 21 
1712934936 252010 52010000 10 16 0 0 0 1 36 92 
1712934936 252010 52010007 10 16 1 0 0 1 54 89 
1712934936 252010 52010014 10 16 2 0 0 1 41 88 
1712934936 252301 52301000 11 13 0 0 0 1 29 106 
1712934936 252349 52349000 14 13 0 0 0 2 51 18 52 75 
1712934936 252518 52518000 13 14 0 0 0 1 62 133 
1712934936 252518 52518007 13 14 1 0 0 1 1 86 
1712934936 252551 52551014 11 17 2 0 0 2 40 36 41 56 
1712934936 252585 52585000 10 15 0 0 0 2 12 105 13 8 
1712934936 252585 52585007 10 15 1 0 0 1 41 138 
1712934936 252585 52585014 10 15 2 0 0 1 2 119 
1712934936 252593 52593000 13 17 0 0 0 2 36 37 37 120 
1712934936 252593 52593007 13 17 1 0 0 1 29 107 
1712934936 252593 52593014 13 17 2 0 0 1 62 125 
1712934936 252763 52763000 13 13 0 0 0 2 39 228 40 11 
1712934936 252763 52763007 13 13 1 0 0 2 21 92 22 14 
1712934936 252852 52852000 12 12 0 0 0 1 27 112 
1712934936 252852 52852007 12 12 1 0 0 1 29 106 
1712934936 252852 52852014 12 12 2 0 0 2 18 89 19 13 
1712934936 253222 53222000 12 16 0 0 0 1 63 90 
1712934936 253222 53222007 12 16 1 0 0 1 41 98 
1712934936 253222 53222014 12 16 2 0 0 1 38 113 
1712934936 253269 53269000 14 15 0 0 0 1 4 77 
1712934936 253389 53389007 14 15 1 0 0 2 4 73 5 24 
1712934936 253389 53389014 14 15 2 0 0 1 60 156 
1712934936 253433 53433000 13 17 0 0 0 1 28 108 
1712934936 253433 53433007 13 17 1 0 0 1 7 84 
1712934936 253433 53433014 13 17 2 0 0 2 8 9 9 78 
1712934936 253461 53461000 11 15 0 0 0 1 4 104 
1712934936 253461 53461007 11 15 1 0 0 1 9 100 
1712934936 253638 53638007 13 12 1 0 0 2 20 16 21 26 
1712934936 253884 53884000 14 12 0 0 0 1 20 87 
1712934936 253884 53884007 14 12 1 0 0 1 39 94 
1712934936 253884 53884014 14 12 2 0 0 1 33 80 
1712934936 253926 53926000 11 12 0 0 0 2 36 2 37 106 
1712934936 253926 53926007 11 12 1 0 0 1 32 95 
1712934936 254188 54188007 13 16 1 0 0 2 60 61 61 19 
1712934936 254231 54231000 11 17 0 0 0 1 37 99 
1712934936 254231 54231007 11 17 1 0 0 1 47 97 
1712934936 254231 54231014 11 17 2 0 0 1 43 2 
1712934936 254251 54251000 11 13 0 0 0 2 43 52 44 37 
1712934936 254251 54251007 11 13 1 0 0 1 36 91 
1712934936 254251 54251014 11 13 2 0 0 1 55 94 
1712934936 254315 54315000 10 17 0 0 0 2 9 131 10 11 
1712934936 254315 54315007 10 17 1 0 0 2 28 113 29 36 
1712934936 254315 54315014 10 17 2 0 0 2 55 28 56 97 
1712934936 254325 54325007 10 15 1 0 0 2 23 22 24 90 
1712934936 254325 54325014 10 15 2 0 0 2 17 47 18 79 
1712934936 254463 54463014 13 15 2 0 0 1 23 140 
1712934936 254502 54502000 12 12 0 0 0 2 18 20 19 66 
1712934936 254502 54502007 12 12 1 0 0 1 16 89 
1712934936 254504 54504000 14 14 0 0 0 1 60 91 
1712934936 254504 54504007 14 14 1 0 0 2 25 66 26 22 
1712934936 254504 54504014 14 14 2 0 0 1 58 117 
1712934936 254652 54652000 12 12 0 0 0 2 12 47 13 80 
1712934936 254652 54652007 12 12 1 0 0 1 37 106 
1712934936 254652 54652014 12 12 2 0 0 2 58 37 59 84 
1712934936 254670 54670000 10 12 0 0 0 1 33 95 
1712934936 254670 54670007 10 12 1 0 0 1 42 138 
1712934936 254670 54670014 10 12 2 0 0 2 39 2 40 98 
1712934936 254701 54701000 11 13 0 0 0 2 15 93 45 14 
1712934936 254701 54701007 11 13 1 0 0 4 23 52 24 179 31 183 32 15 
1712934936 254701 54701014 11 13 2 0 0 1 48 92 
1712934936 254752 54752007 12 16 1 0 0 1 58 95 
1712934936 254752 54752014 12 16 2 0 0 1 2 169 
1712934936 254838 54838014 13 12 2 0 0 1 63 102 
1712934936 254861 54861014 11 17 2 0 0 2 41 30 42 102 
1712934936 254989 54989000 14 13 0 0 0 2 27 11 28 45 
1712934936 255033 55033000 13 15 0 0 0 2 54 101 55 7 
1712934936 255033 55033007 13 15 1 0 0 1 23 104 
1712934936 255033 55033014 13 15 2 0 0 2 7 126 8 6 
1712934936 255036 55036000 11 12 0 0 0 1 53 35 
1712934936 255120 55120007 10 12 1 0 0 2 6 89 7 26 
1712934936 255160 55160007 10 16 1 0 0 2 21 11 22 103 
1712934936 255160 55160014 10 16 2 0 0 1 26 101 
1712934936 255302 55302007 12 14 1 0 0 1 3 115 
1712934936 255302 55302014 12 14 2 0 0 2 43 57 44 61 
1712934936 255312 55312000 12 12 0 0 0 2 51 46 52 20 
1712934936 255386 55386007 11 14 1 0 0 2 6 135 7 26 
1712934936 255386 55386014 11 14 2 0 0 1 19 103 
1712934936 255443 55443014 13 17 2 0 0 2 38 78 39 32 
1712934936 255444 55444000 14 12 0 0 0 1 42 91 
1712934936 255444 55444007 14 12 1 0 0 2 6 60 7 35 
1712934936 255465 55465000 10 15 0 0 0 1 46 79 
1712934936 255465 55465007 10 15 1 0 0 1 51 79 
1712934936 255465 55465014 10 15 2 0 0 1 39 96 
1712934936 255496 55496000 11 16 0 0 0 1 7 87 
1712934936 255496 55496007 11 16 1 0 0 1 18 102 
1712934936 255496 55496014 11 16 2 0 0 1 25 108 
1712934936 255659 55659000 14 17 0 0 0 1 24 90 
1712934936 255659 55659007 14 17 1 0 0 1 11 124 
1712934936 255659 55659014 14 17 2 0 0 1 5 113 
1712934936 255898 55898007 13 16 1 0 0 1 8 117 
1712934936 255898 55898014 13 16 2 0 0 1 61 128 
1712934936 255928 55928014 13 16 2 0 0 1 63 70 
1712934936 255995 55995000 10 17 0 0 0 1 16 94 
1712934936 255995 55995007 10 17 1 0 0 1 7 98 
1712934936 256128 56128000 13 12 0 0 0 1 59 107 
1712934936 256128 56128007 13 12 1 0 0 1 6 82 
1712934936 256128 56128014 13 12 2 0 0 1 51 115 
1712934936 256192 56192000 12 16 0 0 0 2 9 102 10 17 
1712934936 256234 56234000 14 16 0 0 0 2 21 208 22 5 
1712934936 256234 56234007 14 16 1 0 0 2 43 118 56 12 
1712934936 256234 56234014 14 16 2 0 0 2 58 1 59 93 
1712934936 256245 56245000 10 15 0 0 0 1 9 91 
1712934936 256245 56245007 10 15 1 0 0 1 35 96 
1712934936 256245 56245014 10 15 2 0 0 1 24 129 
1712934936 256364 56364000 14 14 0 0 0 1 46 82 
1712934936 256364 56364007 14 14 1 0 0 1 47 107 
1712934936 256364 56364014 14 14 2 0 0 1 36 86 
1712934936 256404 56404007 14 12 1 0 0 1 61 3 
1712934936 256430 56430000 10 14 0 0 0 3 38 105 39 76 48 107 
1712934936 256430 56430007 10 14 1 0 0 2 32 46 33 35 
1712934936 256430 56430014 10 14 2 0 0 1 48 90 
1712934936 256482 56482014 12 12 2 0 0 1 3 76 
1712934936 256560 56560000 10 12 0 0 0 2 21 63 22 21 
1712934936 256560 56560007 10 12 1 0 0 1 34 84 
1712934936 256731 56731000 11 15 0 0 0 1 19 84 
1712934936 256731 56731007 11 15 1 0 0 1 7 102 
1712934936 256986 56986000 11 12 0 0 0 2 24 50 25 53 
1712934936 256986 56986007 11 12 1 0 0 2 6 38 17 96 
1712934936 256986 56986014 11 12 2 0 0 2 3 6 4 136 
1712934936 257115 57115007 10 15 1 0 0 2 52 112 61 106 
1712934936 257115 57115014 10 15 2 0 0 1 24 115 
1712934936 257181 57181014 11 15 2 0 0 2 61 32 62 61 
1712934936 257304 57304014 14 12 2 0 0 1 26 120 
1712934936 257353 57353000 13 13 0 0 0 1 36 96 
1712934936 257353 57353007 13 13 1 0 0 1 55 81 
1712934936 257353 57353014 13 13 2 0 0 2 51 4 52 84 
1712934936 257368 57368014 13 16 2 0 0 2 46 4 47 154 
1712934936 257377 57377014 12 13 2 0 0 2 47 33 48 116 
1712934936 257387 57387000 12 17 0 0 0 1 22 79 
1712934936 257387 57387007 12 17 1 0 0 1 43 151 
1712934936 257387 57387014 12 17 2 0 0 1 30 130 
1712934936 257436 57436007 11 12 1 0 0 1 61 113 
1712934936 257436 57436014 11 12 2 0 0 2 53 79 54 29 
1712934936 257497 57497000 12 13 0 0 0 2 9 28 10 93 
1712934936 257497 57497007 12 13 1 0 0 1 22 156 
1712934936 257497 57497014 12 13 2 0 0 2 44 91 45 8 
1712934936 257523 57523000 13 15 0 0 0 1 41 103 
1712934936 257523 57523007 13 15 1 0 0 1 23 77 
1712934936 257523 57523014 13 15 2 0 0 1 51 93 
1712934936 257547 57547000 12 15 0 0 0 2 43 144 44 42 
1712934936 257639 57639000 14 17 0 0 0 1 28 89 
1712934936 257639 57639007 14 17 1 0 0 1 15 107 
1712934936 257639 57639014 14 17 2 0 0 1 32 81 
1712934936 257764 57764000 14 16 0 0 0 1 13 88 
1712934936 257764 57764007 14 16 1 0 0 1 10 79 
1712934936 257764 57764014 14 16 2 0 0 1 19 88 
1712934936 257896 57896000 11 16 0 0 0 1 14 5 
1712934936 258019 58019014 14 13 2 0 0 2 49 34 50 98 
1712934936 258096 58096000 11 12 0 0 0 1 51 101 
1712934936 258096 58096007 11 12 1 0 0 2 29 21 30 79 
1712934936 258119 58119014 14 17 2 0 0 1 62 109 
1712934936 258168 58168000 13 12 0 0 0 2 13 9 18 80 
1712934936 258168 58168007 13 12 1 0 0 2 52 61 53 38 
1712934936 258559 58559014 14 13 2 0 0 2 15 28 16 75 
1712934936 258565 58565000 10 13 0 0 0 2 35 19 36 69 
1712934936 258565 58565007 10 13 1 0 0 2 54 64 55 41 
1712934936 258602 58602000 12 14 0 0 0 2 33 15 34 112 
1712934936 258602 58602007 12 14 1 0 0 1 5 97 
1712934936 258649 58649014 14 13 2 0 0 1 54 179 
1712934936 258728 58728000 13 14 0 0 0 1 59 102 
1712934936 258728 58728007 13 14 1 0 0 2 30 69 31 28 
1712934936 258728 58728014 13 14 2 0 0 1 44 107 
1712934936 258801 58801014 11 15 2 0 0 2 1 18 2 140 
1712934936 258959 58959014 14 17 2 0 0 2 7 107 8 25 
1712934936 259048 59048014 13 16 2 0 0 2 44 80 45 25 
1712934936 259094 59094000 14 14 0 0 0 1 22 85 
1712934936 259188 59188007 13 12 1 0 0 1 38 123 
1712934936 259188 59188014 13 12 2 0 0 1 39 94 
1712934936 259199 59199000 14 17 0 0 0 1 44 137 
1712934936 259199 59199007 14 17 1 0 0 1 17 88 
1712934936 259199 59199014 14 17 2 0 0 1 39 80 
1712934936 259225 59225000 10 13 0 0 0 2 7 62 8 18 
1712934936 259225 59225007 10 13 1 0 0 2 19 30 20 83 
1712934936 259225 59225014 10 13 2 0 0 1 23 94 
1712934936 259246 59246014 11 16 2 0 0 2 14 63 15 60 
1712934936 259248 59248000 13 12 0 0 0 1 18 91 
1712934936 259248 59248007 13 12 1 0 0 1 59 92 
1712934936 259248 59248014 13 12 2 0 0 1 45 101 
1712934936 259327 59327000 12 13 0 0 0 1 49 90 
1712934936 259327 59327007 12 13 1 0 0 1 7 54 
1712934936 259382 59382007 12 14 1 0 0 1 47 120 
1712934936 259382 59382014 12 14 2 0 0 2 27 1 28 148 
1712934936 259394 59394000 14 14 0 0 0 1 5 139 
1712934936 259394 59394007 14 14 1 0 0 2 28 24 29 104 
1712934936 259394 59394014 14 14 2 0 0 1 18 127 
1712934936 259500 59500000 10 12 0 0 0 1 53 87 
1712934936 259500 59500007 10 12 1 0 0 2 41 34 42 92 
1712934936 259500 59500014 10 12 2 0 0 1 52 100 
1712934936 259548 59548000 13 12 0 0 0 1 44 85 
1712934936 259548 59548007 13 12 1 0 0 1 49 89 
1712934936 259548 59548014 13 12 2 0 0 1 38 97 
1712934936 259566 59566014 11 12 2 0 0 1 47 60 
1712934936 259788 59788014 13 12 2 0 0 1 21 171 
1712934936 259839 59839014 14 15 2 0 0 2 8 48 9 92 
1712934936 259960 59960000 10 16 0 0 0 1 56 97 
1712934936 259960 59960007 10 16 1 0 0 1 39 106 
1712934936 259960 59960014 10 16 2 0 0 1 28 89 
1712934936 260042 60042000 12 14 0 0 0 1 25 123 
1712934936 260093 60093014 13 17 2 0 0 1 36 22 
1712934936 260292 60292000 12 12 0 0 0 1 13 132 
1712934936 260295 60295000 10 15 0 0 0 2 33 75 34 26 
1712934936 260295 60295007 10 15 1 0 0 1 38 84 
1712934936 260295 60295014 10 15 2 0 0 1 42 90 
1712934936 260380 60380000 10 16 0 0 0 1 57 234 
1712934936 260396 60396000 11 14 0 0 0 1 53 82 
1712934936 260396 60396007 11 14 1 0 0 1 38 80 
1712934936 260396 60396014 11 14 2 0 0 1 51 74 
1712934936 260519 60519000 14 17 0 0 0 1 33 85 
1712934936 260519 60519007 14 17 1 0 0 2 28 8 29 79 
1712934936 260519 60519014 14 17 2 0 0 1 43 136 
1712934936 260520 60520000 10 12 0 0 0 1 38 92 
1712934936 260520 60520007 10 12 1 0 0 1 55 100 
1712934936 260652 60652000 12 12 0 0 0 1 17 126 
1712934936 261068 61068000 13 14 0 0 0 2 62 75 63 15 
1712934936 261068 61068007 13 14 1 0 0 1 59 100 
1712934936 261068 61068014 13 14 2 0 0 1 61 79 
1712934936 261131 61131000 11 17 0 0 0 1 43 116 
1712934936 261131 61131007 11 17 1 0 0 2 2 102 3 7 
1712934936 261225 61225000 10 15 0 0 0 2 23 25 24 59 
1712934936 261225 61225007 10 15 1 0 0 2 10 36 11 87 
1712934936 261225 61225014 10 15 2 0 0 1 33 88 
1712934936 261297 61297000 12 15 0 0 0 1 53 57 
1712934936 261528 61528014 13 12 2 0 0 1 26 82 
1712934936 261794 61794007 14 14 1 0 0 1 19 166 
1712934936 261794 61794014 14 14 2 0 0 1 9 76 
1712934936 262103 62103007 13 17 1 0 0 1 53 40 
1712934936 262179 62179000 14 15 0 0 0 1 58 120 
1712934936 262179 62179007 14 15 1 0 0 2 30 59 31 46 
1712934936 262196 62196000 11 14 0 0 0 1 40 101 
1712934936 262231 62231007 11 13 1 0 0 1 32 92 
1712934936 262231 62231014 11 13 2 0 0 1 35 107 
1712934936 262261 62261007 11 13 1 0 0 3 45 16 46 140 47 69 
1712934936 262261 62261014 11 13 2 0 0 1 40 117 
1712934936 262493 62493000 13 17 0 0 0 2 9 19 10 182 
1712934936 262493 62493007 13 17 1 0 0 1 41 97 
1712934936 262493 62493014 13 17 2 0 0 1 55 99 
1712934936 262505 62505000 10 17 0 0 0 1 19 101 
1712934936 262736 62736014 11 14 2 0 0 2 12 10 13 127 
1712934936 262807 62807000 12 13 0 0 0 1 50 114 
1712934936 262807 62807007 12 13 1 0 0 2 27 84 28 6 
1712934936 262807 62807014 12 13 2 0 0 2 14 96 15 31 
1712934936 262882 62882000 12 16 0 0 0 2 31 41 32 45 
1712934936 262882 62882007 12 16 1 0 0 1 11 101 
1712934936 262882 62882014 12 16 2 0 0 1 53 90 
1712934936 263025 63025000 10 15 0 0 0 1 4 99 
1712934936 263025 63025007 10 15 1 0 0 1 43 92 
1712934936 263025 63025014 10 15 2 0 0 1 19 78 
1712934936 263030 63030000 10 14 0 0 0 2 5 22 6 88 
1712934936 263030 63030007 10 14 1 0 0 1 18 110 
1712934936 263250 63250000 10 12 0 0 0 1 5 108 
1712934936 263350 63350014 10 16 2 0 0 1 55 107 
1712934936 263415 63415007 10 15 1 0 0 1 41 81 
1712934936 263415 63415014 10 15 2 0 0 1 14 86 
1712934936 263557 63557000 12 13 0 0 0 2 48 125 49 123 
1712934936 263557 63557007 12 13 1 0 0 1 11 139 
1712934936 263557 63557014 12 13 2 0 0 2 4 10 5 97 
1712934936 263667 63667014 12 15 2 0 0 1 63 107 
1712934936 263673 63673007 13 15 1 0 0 1 44 95 
1712934936 263673 63673014 13 15 2 0 0 1 43 87 
1712934936 263727 63727000 12 15 0 0 0 1 52 137 
1712934936 263727 63727007 12 15 1 0 0 1 31 96 
1712934936 263727 63727014 12 15 2 0 0 3 7 3 9 47 10 56 
1712934936 263775 63775000 10 15 0 0 0 1 4 11 
1712934936 263775 63775007 10 15 1 0 0 1 48 111 
1712934936 263775 63775014 10 15 2 0 0 2 18 35 19 97 
1712934936 263797 63797007 12 13 1 0 0 1 56 82 
1712934936 263797 63797014 12 13 2 0 0 1 4 87 
1712934936 263810 63810000 10 14 0 0 0 2 37 19 38 59 
1712934936 263810 63810007 10 14 1 0 0 1 13 76 
1712934936 263810 63810014 10 14 2 0 0 1 21 82 
1712934936 263838 63838000 13 12 0 0 0 1 50 104 
1712934936 263838 63838007 13 12 1 0 0 1 60 83 
1712934936 263838 63838014 13 12 2 0 0 2 41 117 42 8 
1712934936 263877 63877000 12 15 0 0 0 2 28 72 29 31 
1712934936 263877 63877007 12 15 1 0 0 1 41 100 
1712934936 263940 63940014 10 12 2 0 0 1 41 158 
1712934936 264083 64083000 13 17 0 0 0 1 36 103 
1712934936 264083 64083007 13 17 1 0 0 1 37 100 
1712934936 264083 64083014 13 17 2 0 0 2 58 58 59 42 
1712934936 264118 64118000 13 16 0 0 0 2 18 45 19 61 
1712934936 264118 64118007 13 16 1 0 0 1 57 124 
1712934936 264175 64175000 10 13 0 0 0 1 21 82 
1712934936 264175 64175007 10 13 1 0 0 1 2 74 
1712934936 264175 64175014 10 13 2 0 0 2 5 20 6 63 
1712934936 264195 64195014 10 15 2 0 0 2 60 88 61 18 
1712934936 264297 64297014 12 15 2 0 0 1 1 120 
1712934936 264395 64395000 10 17 0 0 0 1 52 77 
1712934936 264395 64395007 10 17 1 0 0 1 53 80 
1712934936 264395 64395014 10 17 2 0 0 1 45 84 
1712934936 264621 64621000 11 15 0 0 0 2 57 19 58 101 
1712934936 264621 64621007 11 15 1 0 0 2 27 42 28 52 
1712934936 264621 64621014 11 15 2 0 0 1 29 85 
1712934936 264669 64669000 14 15 0 0 0 2 45 89 46 41 
1712934936 264669 64669007 14 15 1 0 0 2 8 113 9 7 
1712934936 264681 64681000 11 15 0 0 0 2 43 30 44 61 
1712934936 264681 64681007 11 15 1 0 0 1 28 92 
1712934936 264681 64681014 11 15 2 0 0 2 49 3 50 88 
1712934936 264688 64688000 13 16 0 0 0 2 6 1 7 102 
1712934936 264713 64713000 13 17 0 0 0 1 57 111 
1712934936 264713 64713007 13 17 1 0 0 1 41 89 
1712934936 264713 64713014 13 17 2 0 0 2 45 84 46 6 
1712934936 264746 64746007 11 14 1 0 0 1 53 108 
1712934936 264746 64746014 11 14 2 0 0 1 48 125 
1712934936 264768 64768000 13 12 0 0 0 1 29 116 
1712934936 264781 64781000 11 13 0 0 0 1 22 139 
1712934936 264781 64781007 11 13 1 0 0 1 12 120 
1712934936 264781 64781014 11 13 2 0 0 1 11 83 
1712934936 264817 64817000 12 13 0 0 0 1 2 73 
1712934936 264817 64817007 12 13 1 0 0 1 32 122 
1712934936 264817 64817014 12 13 2 0 0 1 6 109 
1712934936 264830 64830007 10 14 1 0 0 1 24 121 
1712934936 264830 64830014 10 14 2 0 0 1 39 127 
1712934936 265027 65027000 12 13 0 0 0 1 14 83 
1712934936 265069 65069000 14 13 0 0 0 2 33 69 34 49 
1712934936 265140 65140014 10 12 2 0 0 2 5 118 6 32 
1712934936 265283 65283014 13 17 2 0 0 2 53 68 54 76 
1712934936 265302 65302000 12 12 0 0 0 2 15 17 16 130 
1712934936 265302 65302007 12 12 1 0 0 2 28 71 29 35 
1712934936 265302 65302014 12 12 2 0 0 1 12 104 
1712934936 265411 65411014 11 13 2 0 0 1 45 127 
1712934936 265519 65519007 14 13 1 0 0 1 14 145 
1712934936 265519 65519014 14 13 2 0 0 2 38 54 39 51 
1712934936 265582 65582000 12 16 0 0 0 1 17 75 
1712934936 265582 65582007 12 16 1 0 0 1 32 83 
1712934936 265582 65582014 12 16 2 0 0 1 27 93 
1712934936 265748 65748000 13 14 0 0 0 2 22 155 23 1 
1712934936 265748 65748007 13 14 1 0 0 1 51 106 
1712934936 265774 65774014 14 16 2 0 0 1 45 93 
1712934936 265885 65885000 10 13 0 0 0 1 23 149 
1712934936 265885 65885007 10 13 1 0 0 2 35 94 36 12 
1712934936 265885 65885014 10 13 2 0 0 1 6 109 
1712934936 265912 65912014 12 16 2 0 0 1 54 89 
1712934936 265961 65961014 11 17 2 0 0 1 22 1 
1712934936 266023 66023000 13 13 0 0 0 1 19 100 
1712934936 266023 66023007 13 13 1 0 0 1 15 126 
1712934936 266023 66023014 13 13 2 0 0 1 30 78 
1712934936 266055 66055000 10 15 0 0 0 1 27 117 
1712934936 266055 66055007 10 15 1 0 0 2 52 51 53 65 
1712934936 266093 66093014 13 17 2 0 0 2 51 121 52 59 
1712934936 266125 66125014 10 13 2 0 0 2 43 38 44 64 
1712934936 266148 66148007 13 12 1 0 0 1 42 134 
1712934936 266148 66148014 13 12 2 0 0 2 44 52 45 50 
1712934936 266211 66211007 11 15 1 0 0 3 45 87 48 51 49 26 
1712934936 266211 66211014 11 15 2 0 0 1 13 114 
1712934936 266217 66217007 12 15 1 0 0 1 18 83 
1712934936 266217 66217014 12 15 2 0 0 1 8 81 
1712934936 266323 66323000 13 13 0 0 0 2 44 101 45 10 
1712934936 266323 66323007 13 13 1 0 0 2 5 118 6 21 
1712934936 266340 66340000 10 12 0 0 0 1 51 104 
1712934936 266340 66340007 10 12 1 0 0 1 44 131 
1712934936 266340 66340014 10 12 2 0 0 1 25 93 
1712934936 266353 66353000 13 13 0 0 0 1 62 92 
1712934936 266402 66402000 12 14 0 0 0 1 27 101 
1712934936 266661 66661000 11 15 0 0 0 1 2 81 
1712934936 266665 66665000 10 13 0 0 0 1 4 77 
1712934936 266665 66665007 10 13 1 0 0 2 15 8 16 96 
1712934936 266665 66665014 10 13 2 0 0 1 1 82 
1712934936 266895 66895000 10 15 0 0 0 2 35 100 36 33 
1712934936 266895 66895007 10 15 1 0 0 1 31 181 
1712934936 266895 66895014 10 15 2 0 0 1 6 100 
1712934936 266983 66983000 13 13 0 0 0 2 46 30 47 81 
1712934936 266983 66983007 13 13 1 0 0 1 5 99 
1712934936 267039 67039000 14 15 0 0 0 2 0 139 1 15 
1712934936 267044 67044007 14 14 1 0 0 1 60 98 
1712934936 267044 67044014 14 14 2 0 0 1 23 106 
1712934936 267115 67115000 10 13 0 0 0 2 34 40 35 69 
1712934936 267115 67115007 10 13 1 0 0 2 59 11 60 124 
1712934936 267254 67254014 14 14 2 0 0 2 49 118 50 22 
1712934936 267270 67270014 10 12 2 0 0 1 47 95 
1712934936 267304 67304014 14 16 2 0 0 2 24 68 25 56 
1712934936 267330 67330014 10 12 2 0 0 1 57 108 
1712934936 267389 67389000 14 17 0 0 0 1 38 156 
1712934936 267389 67389007 14 17 1 0 0 1 28 88 
1712934936 267389 67389014 14 17 2 0 0 1 22 129 
1712934936 267421 67421000 11 13 0 0 0 2 12 80 13 30 
1712934936 267421 67421007 11 13 1 0 0 2 3 49 4 50 
1712934936 267507 67507007 12 15 1 0 0 2 34 2 35 110 
1712934936 267507 67507014 12 15 2 0 0 2 18 35 19 77 
1712934936 267531 67531000 11 15 0 0 0 1 37 108 
1712934936 267531 67531007 11 15 1 0 0 1 20 141 
1712934936 267531 67531014 11 15 2 0 0 1 41 86 
1712934936 267541 67541014 11 13 2 0 0 2 31 98 32 35 
1712934936 267819 67819014 14 15 2 0 0 2 24 37 25 76 
1712934936 267884 67884000 14 14 0 0 0 1 27 89 
1712934936 267884 67884007 14 14 1 0 0 2 35 58 36 56 
1712934936 267884 67884014 14 14 2 0 0 1 33 85 
1712934936 267958 67958000 13 16 0 0 0 1 10 111 
1712934936 267958 67958007 13 16 1 0 0 1 37 113 
1712934936 267958 67958014 13 16 2 0 0 1 35 96 
1712934936 267994 67994007 14 16 1 0 0 1 57 88 
1712934936 267994 67994014 14 16 2 0 0 1 46 90 
1712934936 267997 67997000 12 13 0 0 0 1 21 84 
1712934936 267997 67997007 12 13 1 0 0 1 10 100 
1712934936 267997 67997014 12 13 2 0 0 1 25 83 
1712934936 268006 68006000 11 16 0 0 0 1 6 83 
1712934936 268006 68006007 11 16 1 0 0 1 45 80 
1712934936 268006 68006014 11 16 2 0 0 1 5 85 
1712934936 268075 68075014 10 13 2 0 0 1 63 99 
1712934936 268083 68083000 13 15 0 0 0 2 11 38 12 53 
1712934936 268083 68083007 13 15 1 0 0 1 55 80 
1712934936 268083 68083014 13 15 2 0 0 1 2 92 
1712934936 268255 68255007 10 13 1 0 0 2 8 81 9 42 
1712934936 268255 68255014 10 13 2 0 0 1 23 123 
1712934936 268320 68320000 10 12 0 0 0 2 50 1 51 101 
1712934936 268320 68320007 10 12 1 0 0 1 41 103 
1712934936 268320 68320014 10 12 2 0 0 1 60 114 
1712934936 268397 68397014 12 17 2 0 0 1 53 99 
1712934936 268473 68473007 13 15 1 0 0 2 35 37 36 96 
1712934936 268473 68473014 13 15 2 0 0 2 36 17 37 204 
1712934936 268533 68533000 13 15 0 0 0 2 28 31 29 101 
1712934936 268533 68533007 13 15 1 0 0 2 44 110 45 7 
1712934936 268610 68610000 10 14 0 0 0 2 28 79 29 16 
1712934936 268646 68646000 11 14 0 0 0 2 9 1 10 98 
1712934936 268661 68661000 11 17 0 0 0 2 6 2 7 125 
1712934936 268672 68672000 12 16 0 0 0 1 12 110 
1712934936 268672 68672007 12 16 1 0 0 2 58 97 59 17 
1712934936 268742 68742000 12 14 0 0 0 2 11 95 12 21 
1712934936 268742 68742007 12 14 1 0 0 1 29 205 
1712934936 268750 68750000 10 16 0 0 0 2 9 20 10 190 
1712934936 268781 68781007 11 17 1 0 0 2 11 88 12 53 
1712934936 268836 68836000 11 12 0 0 0 1 38 82 
1712934936 268836 68836007 11 12 1 0 0 2 57 33 58 54 
1712934936 268836 68836014 11 12 2 0 0 1 49 78 
1712934936 268848 68848014 13 12 2 0 0 1 11 108 
1712934936 268916 68916007 11 14 1 0 0 2 48 55 49 48 
1712934936 268916 68916014 11 14 2 0 0 1 13 108 
1712934936 268952 68952000 12 14 0 0 0 2 24 41 25 52 
1712934936 268952 68952007 12 14 1 0 0 3 31 27 32 107 48 79 
1712934936 268952 68952014 12 14 2 0 0 1 40 85 
1712934936 268998 68998000 13 12 0 0 0 2 37 77 38 40 
1712934936 269156 69156000 11 14 0 0 0 1 35 112 
1712934936 269156 69156007 11 14 1 0 0 1 46 101 
1712934936 269156 69156014 11 14 2 0 0 1 26 87 
1712934936 269253 69253000 13 15 0 0 0 1 55 85 
1712934936 269253 69253007 13 15 1 0 0 3 12 26 13 54 29 35 
1712934936 269253 69253014 13 15 2 0 0 1 43 94 
1712934936 269282 69282000 12 14 0 0 0 2 58 11 59 109 
1712934936 269282 69282007 12 14 1 0 0 1 12 124 
1712934936 269282 69282014 12 14 2 0 0 1 17 103 
1712934936 269342 69342000 12 14 0 0 0 1 55 90 
1712934936 269342 69342007 12 14 1 0 0 1 54 87 
1712934936 269342 69342014 12 14 2 0 0 2 40 80 41 10 
1712934936 269617 69617000 12 13 0 0 0 1 28 90 
1712934936 269629 69629007 14 13 1 0 0 1 32 110 
1712934936 269629 69629014 14 13 2 0 0 1 10 234 
1712934936 269663 69663000 13 17 0 0 0 2 50 43 51 46 
1712934936 269663 69663007 13 17 1 0 0 2 43 62 44 25 
1712934936 269732 69732007 12 14 1 0 0 1 2 84 
1712934936 269865 69865000 10 15 0 0 0 1 15 112 
1712934936 269865 69865007 10 15 1 0 0 2 1 54 2 46 
1712934936 269882 69882007 12 14 1 0 0 1 61 120 
1712934936 269892 69892014 12 12 2 0 0 1 1 97 
1712934936 269924 69924000 14 14 0 0 0 1 37 116 
1712934936 269924 69924007 14 14 1 0 0 2 29 20 30 122 
1712934936 269924 69924014 14 14 2 0 0 1 15 121 
1712934936 269934 69934000 14 12 0 0 0 1 26 82 
1712934936 269934 69934007 14 12 1 0 0 1 28 87 
1712934936 269934 69934014 14 12 2 0 0 1 11 120 
1712934936 270151 70151014 11 13 2 0 0 2 12 69 13 58 
1712934936 270152 70152000 12 14 0 0 0 1 24 91 
1712934936 270152 70152007 12 14 1 0 0 1 51 89 
1712934936 270152 70152014 12 14 2 0 0 2 16 29 17 49 
1712934936 270201 70201000 11 15 0 0 0 1 24 138 
1712934936 270201 70201007 11 15 1 0 0 1 16 96 
1712934936 270201 70201014 11 15 2 0 0 1 1 104 
1712934936 270237 70237014 12 15 2 0 0 1 38 102 
1712934936 270252 70252000 12 12 0 0 0 1 53 180 
1712934936 270252 70252007 12 12 1 0 0 1 9 102 
1712934936 270427 70427014 12 13 2 0 0 2 61 42 62 57 
1712934936 270472 70472000 12 16 0 0 0 1 25 86 
1712934936 270472 70472007 12 16 1 0 0 2 42 21 43 82 
1712934936 270472 70472014 12 16 2 0 0 1 10 96 
1712934936 270530 70530007 10 14 1 0 0 2 50 101 51 55 
1712934936 270530 70530014 10 14 2 0 0 2 51 30 52 56 
1712934936 270603 70603007 13 15 1 0 0 2 53 40 54 93 
1712934936 270603 70603014 13 15 2 0 0 1 29 116 
1712934936 270605 70605000 10 17 0 0 0 1 63 2 
1712934936 270646 70646014 11 16 2 0 0 1 12 114 
1712934936 270662 70662000 12 14 0 0 0 1 52 76 
1712934936 270662 70662007 12 14 1 0 0 2 25 40 26 40 
1712934936 270662 70662014 12 14 2 0 0 1 59 123 
1712934936 270775 70775014 10 13 2 0 0 2 12 108 35 71 
1712934936 270782 70782007 12 14 1 0 0 2 56 84 57 51 
1712934936 270782 70782014 12 14 2 0 0 2 5 11 6 123 
1712934936 270940 70940000 10 16 0 0 0 1 19 99 
1712934936 270940 70940007 10 16 1 0 0 1 51 92 
1712934936 270940 70940014 10 16 2 0 0 1 18 128 
1712934936 270951 70951000 11 15 0 0 0 2 7 52 8 36 
1712934936 271018 71018000 13 16 0 0 0 1 18 108 
1712934936 271018 71018007 13 16 1 0 0 1 22 214 
1712934936 271018 71018014 13 16 2 0 0 1 53 104 
1712934936 271077 71077014 12 15 2 0 0 1 53 131 
1712934936 271080 71080000 10 12 0 0 0 3 17 88 18 24 31 13 
1712934936 271204 71204000 14 16 0 0 0 1 57 96 
1712934936 271204 71204007 14 16 1 0 0 2 45 63 46 18 
1712934936 271204 71204014 14 16 2 0 0 1 51 79 
1712934936 271366 71366000 11 16 0 0 0 1 15 86 
1712934936 271366 71366014 11 16 2 0 0 1 26 6 
1712934936 271533 71533000 13 15 0 0 0 1 62 86 
1712934936 271548 71548000 13 12 0 0 0 1 60 111 
1712934936 271548 71548007 13 12 1 0 0 2 46 54 47 51 
1712934936 271557 71557007 12 15 1 0 0 1 24 38 
1712934936 271557 71557014 12 15 2 0 0 1 21 110 
1712934936 271567 71567014 12 13 2 0 0 1 53 151 
1712934936 271633 71633007 13 13 1 0 0 1 45 105 
1712934936 271633 71633014 13 13 2 0 0 1 33 137 
1712934936 271780 71780000 10 16 0 0 0 1 31 104 
1712934936 271780 71780007 10 16 1 0 0 1 31 112 
1712934936 271780 71780014 10 16 2 0 0 1 30 113 
1712934936 271883 71883000 13 17 0 0 0 1 54 109 
1712934936 271883 71883007 13 17 1 0 0 1 60 89 
1712934936 271887 71887007 12 15 1 0 0 2 5 86 6 5 
1712934936 271887 71887014 12 15 2 0 0 1 60 85 
1712934936 271936 71936000 11 16 0 0 0 1 1 93 
1712934936 271936 71936007 11 16 1 0 0 1 24 85 
1712934936 271936 71936014 11 16 2 0 0 1 1 76 
1712934936 271978 71978014 13 16 2 0 0 2 6 42 7 51 
1712934936 271994 71994000 14 14 0 0 0 1 19 138 
1712934936 271994 71994007 14 14 1 0 0 1 23 115 
1712934936 271994 71994014 14 14 2 0 0 1 7 94 
1712934936 272090 72090000 10 14 0 0 0 1 30 110 
1712934936 272090 72090007 10 14 1 0 0 2 55 59 56 60 
1712934936 272240 72240000 10 14 0 0 0 2 50 41 51 53 
1712934936 272285 72285014 10 17 2 0 0 1 63 97 
1712934936 272452 72452000 12 16 0 0 0 1 37 97 
1712934936 272452 72452007 12 16 1 0 0 1 14 98 
1712934936 272473 72473007 13 13 1 0 0 3 46 51 47 53 54 110 
1712934936 272473 72473014 13 13 2 0 0 1 17 94 
1712934936 272577 72577014 12 15 2 0 0 1 57 90 
1712934936 272625 72625007 10 15 1 0 0 1 58 119 
1712934936 272625 72625014 10 15 2 0 0 2 34 74 35 48 
1712934936 272638 72638000 13 16 0 0 0 1 36 114 
1712934936 272638 72638007 13 16 1 0 0 1 55 75 
1712934936 272638 72638014 13 16 2 0 0 1 35 137 
1712934936 272709 72709000 14 15 0 0 0 1 53 82 
1712934936 272709 72709007 14 15 1 0 0 1 50 106 
1712934936 272709 72709014 14 15 2 0 0 1 49 79 
1712934936 272724 72724007 14 12 1 0 0 1 54 95 
1712934936 272781 72781007 11 15 1 0 0 2 39 70 40 27 
1712934936 272781 72781014 11 15 2 0 0 1 28 112 
1712934936 272997 72997000 12 15 0 0 0 2 60 65 61 33 
1712934936 273208 73208007 13 16 1 0 0 2 51 50 52 105 
1712934936 273306 73306007 11 12 1 0 0 2 49 119 50 31 
1712934936 273342 73342000 12 12 0 0 0 2 29 61 30 43 
1712934936 273342 73342007 12 12 1 0 0 1 55 80 
1712934936 273342 73342014 12 12 2 0 0 2 56 94 57 9 
1712934936 273418 73418007 13 16 1 0 0 2 38 98 39 31 
1712934936 273418 73418014 13 16 2 0 0 1 42 111 
1712934936 273464 73464000 14 14 0 0 0 1 0 84 
1712934936 273501 73501007 11 15 1 0 0 2 52 133 53 1 
1712934936 273506 73506000 11 14 0 0 0 1 56 113 
1712934936 273506 73506007 11 14 1 0 0 2 51 37 52 70 
1712934936 273506 73506014 11 14 2 0 0 2 12 93 13 25 
1712934936 273643 73643014 13 13 2 0 0 1 11 118 
1712934936 273769 73769000 14 13 0 0 0 1 32 92 
1712934936 273769 73769007 14 13 1 0 0 1 49 87 
1712934936 273769 73769014 14 13 2 0 0 1 17 91 
1712934936 273862 73862000 12 16 0 0 0 1 46 95 
1712934936 273862 73862007 12 16 1 0 0 1 24 103 
1712934936 273862 73862014 12 16 2 0 0 1 58 90 
1712934936 273894 73894000 14 12 0 0 0 1 60 95 
1712934936 273894 73894007 14 12 1 0 0 1 13 111 
1712934936 273894 73894014 14 12 2 0 0 2 55 134 56 28 
1712934936 273969 73969000 14 15 0 0 0 1 63 91 
1712934936 274036 74036000 11 16 0 0 0 2 28 83 29 22 
1712934936 274036 74036007 11 16 1 0 0 2 46 85 47 15 
1712934936 274036 74036014 11 16 2 0 0 1 13 98 
1712934936 274137 74137000 12 15 0 0 0 1 6 84 
1712934936 274211 74211014 11 17 2 0 0 2 1 30 2 102 
1712934936 274216 74216007 11 16 1 0 0 2 42 19 43 117 
1712934936 274216 74216014 11 16 2 0 0 2 33 81 34 39 
1712934936 274294 74294014 14 16 2 0 0 2 9 47 10 74 
1712934936 274340 74340000 10 14 0 0 0 1 25 90 
1712934936 274340 74340007 10 14 1 0 0 1 34 89 
1712934936 274340 74340014 10 14 2 0 0 2 37 76 38 16 
1712934936 274347 74347007 12 15 1 0 0 1 56 53 
1712934936 274399 74399000 14 13 0 0 0 1 22 100 
1712934936 274399 74399007 14 13 1 0 0 2 0 51 1 80 
1712934936 274457 74457014 12 17 2 0 0 2 57 52 58 42 
1712934936 274478 74478000 13 14 0 0 0 1 7 113 
1712934936 274523 74523007 13 17 1 0 0 2 29 126 30 113 
1712934936 274523 74523014 13 17 2 0 0 2 40 60 41 100 
1712934936 274668 74668007 13 12 1 0 0 1 51 100 
1712934936 274668 74668014 13 12 2 0 0 1 50 90 
1712934936 274712 74712000 12 14 0 0 0 1 28 106 
1712934936 274712 74712007 12 14 1 0 0 1 5 94 
1712934936 274848 74848000 13 12 0 0 0 1 44 80 
1712934936 274848 74848007 13 12 1 0 0 1 55 80 
1712934936 274848 74848014 13 12 2 0 0 1 44 90 
1712934936 274937 74937014 12 17 2 0 0 1 24 120 
1712934936 274982 74982000 12 14 0 0 0 1 8 127 
1712934936 274982 74982007 12 14 1 0 0 1 50 97 
1712934936 274982 74982014 12 14 2 0 0 1 12 96 
1712934936 275039 75039014 14 17 2 0 0 2 25 22 26 73 
1712934936 275045 75045000 10 17 0 0 0 2 41 103 42 3 
1712934936 275045 75045007 10 17 1 0 0 1 24 131 
1712934936 275117 75117000 12 17 0 0 0 1 18 86 
1712934936 275178 75178000 13 12 0 0 0 2 21 49 22 36 
1712934936 275178 75178007 13 12 1 0 0 1 39 91 
1712934936 275462 75462000 12 14 0 0 0 1 6 109 
1712934936 275552 75552000 12 14 0 0 0 2 22 92 23 35 
1712934936 275552 75552007 12 14 1 0 0 2 8 19 9 94 
1712934936 275632 75632000 12 16 0 0 0 1 20 100 
1712934936 275632 75632007 12 16 1 0 0 2 57 38 58 63 
1712934936 275688 75688000 13 12 0 0 0 1 17 136 
1712934936 275688 75688007 13 12 1 0 0 1 41 90 
1712934936 275688 75688014 13 12 2 0 0 1 21 92 
1712934936 275720 75720007 10 14 1 0 0 2 54 93 55 75 
1712934936 275720 75720014 10 14 2 0 0 1 42 111 
1712934936 275765 75765014 10 17 2 0 0 1 53 100 
1712934936 275848 75848007 13 16 1 0 0 3 53 24 60 9 61 134 
1712934936 275848 75848014 13 16 2 0 0 2 7 51 8 68 
1712934936 275866 75866014 11 16 2 0 0 1 38 82 
1712934936 275965 75965000 10 13 0 0 0 2 30 67 31 15 
1712934936 275965 75965007 10 13 1 0 0 1 46 80 
1712934936 275965 75965014 10 13 2 0 0 1 37 105 
1712934936 276026 76026000 11 14 0 0 0 2 40 80 41 12 
1712934936 276026 76026007 11 14 1 0 0 1 13 120 
1712934936 276169 76169000 14 13 0 0 0 2 17 70 18 21 
1712934936 276315 76315014 10 15 2 0 0 1 45 82 
1712934936 276361 76361000 11 13 0 0 0 2 14 41 15 49 
1712934936 276361 76361007 11 13 1 0 0 2 48 19 49 81 
1712934936 276361 76361014 11 13 2 0 0 2 53 111 54 10 
1712934936 276511 76511000 11 13 0 0 0 1 21 103 
1712934936 276511 76511007 11 13 1 0 0 1 17 80 
1712934936 276511 76511014 11 13 2 0 0 1 23 90 
1712934936 276561 76561000 11 15 0 0 0 1 55 75 
1712934936 276561 76561007 11 15 1 0 0 1 11 82 
1712934936 276915 76915000 10 15 0 0 0 3 6 54 7 35 22 2 
1712934936 276915 76915007 10 15 1 0 0 2 60 3 63 90 
1712934936 276924 76924000 14 12 0 0 0 2 8 68 9 21 
1712934936 277052 77052000 12 14 0 0 0 1 61 84 
1712934936 277124 77124014 14 14 2 0 0 1 4 110 
1712934936 277292 77292000 12 14 0 0 0 1 47 90 
1712934936 277292 77292007 12 14 1 0 0 1 52 85 
1712934936 277292 77292014 12 14 2 0 0 1 35 76 
1712934936 277310 77310014 10 14 2 0 0 2 33 41 34 72 
1712934936 277351 77351000 11 13 0 0 0 1 24 159 
1712934936 277358 77358000 13 14 0 0 0 1 37 121 
1712934936 277358 77358007 13 14 1 0 0 1 47 166 
1712934936 277358 77358014 13 14 2 0 0 1 22 81 
1712934936 277364 77364007 14 14 1 0 0 1 56 65 
1712934936 277414 77414007 14 16 1 0 0 2 60 66 61 26 
1712934936 277449 77449007 14 15 1 0 0 2 55 91 56 72 
1712934936 277449 77449014 14 15 2 0 0 2 37 39 38 86 
1712934936 277460 77460014 10 14 2 0 0 2 22 86 23 3 
1712934936 277469 77469000 14 17 0 0 0 1 41 103 
1712934936 277600 77600000 10 16 0 0 0 1 44 79 
1712934936 277600 77600007 10 16 1 0 0 1 13 77 
1712934936 277600 77600014 10 16 2 0 0 1 46 96 
1712934936 277615 77615000 10 13 0 0 0 2 46 34 47 39 
1712934936 277615 77615007 10 13 1 0 0 1 25 78 
1712934936 277615 77615014 10 13 2 0 0 1 53 79 
1712934936 277754 77754014 14 14 2 0 0 1 6 93 
1712934936 277771 77771000 11 13 0 0 0 2 61 70 62 52 
1712934936 277838 77838000 13 14 0 0 0 1 8 94 
1712934936 277838 77838007 13 14 1 0 0 1 53 214 
1712934936 277838 77838014 13 14 2 0 0 1 22 87 
1712934936 277870 77870000 10 16 0 0 0 1 63 38 
1712934936 277873 77873014 13 13 2 0 0 2 39 93 40 48 
1712934936 277920 77920007 10 12 1 0 0 1 63 75 
1712934936 277920 77920014 10 12 2 0 0 1 13 83 
1712934936 278024 78024000 14 14 0 0 0 1 40 85 
1712934936 278024 78024007 14 14 1 0 0 1 12 85 
1712934936 278024 78024014 14 14 2 0 0 1 48 98 
1712934936 278108 78108000 13 14 0 0 0 2 43 34 44 70 
1712934936 278108 78108007 13 14 1 0 0 2 4 41 5 77 
1712934936 278232 78232000 12 12 0 0 0 1 1 95 
1712934936 278268 78268000 13 12 0 0 0 2 6 142 7 4 
1712934936 278268 78268007 13 12 1 0 0 1 5 102 
1712934936 278268 78268014 13 12 2 0 0 2 21 81 22 3 
1712934936 278273 78273007 13 17 1 0 0 2 8 84 9 32 
1712934936 278273 78273014 13 17 2 0 0 2 37 51 38 74 
1712934936 278315 78315000 10 17 0 0 0 2 16 52 17 138 
1712934936 278315 78315007 10 17 1 0 0 1 9 186 
1712934936 278315 78315014 10 17 2 0 0 2 30 3 31 111 
1712934936 278370 78370000 10 12 0 0 0 1 43 162 
1712934936 278375 78375014 10 17 2 0 0 1 61 88 
1712934936 278426 78426000 11 14 0 0 0 2 34 101 35 91 
1712934936 278557 78557014 12 13 2 0 0 2 50 92 51 16 
1712934936 278744 78744000 14 14 0 0 0 1 35 96 
1712934936 278744 78744007 14 14 1 0 0 1 21 92 
1712934936 278903 78903014 13 17 2 0 0 2 49 103 50 5 
1712934936 279112 79112000 12 16 0 0 0 1 36 126 
1712934936 279112 79112007 12 16 1 0 0 1 39 86 
1712934936 279112 79112014 12 16 2 0 0 1 40 89 
1712934936 279321 79321000 11 15 0 0 0 1 47 103 
1712934936 279321 79321007 11 15 1 0 0 1 51 89 
1712934936 279484 79484007 14 16 1 0 0 1 58 99 
1712934936 279486 79486000 11 12 0 0 0 1 46 76 
1712934936 279486 79486007 11 12 1 0 0 1 44 91 
1712934936 279486 79486014 11 12 2 0 0 1 40 116 
1712934936 279614 79614000 14 14 0 0 0 1 32 104 
1712934936 279614 79614007 14 14 1 0 0 1 51 74 
1712934936 279614 79614014 14 14 2 0 0 1 18 94 
1712934936 279666 79666000 11 12 0 0 0 2 41 66 42 252 
1712934936 279666 79666007 11 12 1 0 0 2 21 30 22 63 
1712934936 279772 79772007 12 16 1 0 0 1 8 72 
1712934936 279772 79772014 12 16 2 0 0 1 10 99 
1712934936 279811 79811000 11 13 0 0 0 1 22 115 
1712934936 279843 79843000 13 15 0 0 0 1 28 88 
1712934936 279843 79843007 13 15 1 0 0 1 55 85 
1712934936 279843 79843014 13 15 2 0 0 1 25 92 
1712934936 279864 79864000 14 12 0 0 0 1 9 109 
1712934936 279864 79864007 14 12 1 0 0 2 27 59 28 43 
1712934936 279864 79864014 14 12 2 0 0 1 18 137 
1712934936 279900 79900014 10 12 2 0 0 2 60 34 61 67 
1712934936 279925 79925000 10 13 0 0 0 1 31 103 
1712934936 279925 79925007 10 13 1 0 0 1 39 104 
1712934936 279925 79925014 10 13 2 0 0 1 7 107 
1712934936 279927 79927000 12 15 0 0 0 2 36 74 37 32 
1712934936 279927 79927007 12 15 1 0 0 2 38 26 39 72 
1712934936 279927 79927014 12 15 2 0 0 1 27 113 
1712934936 279932 79932007 12 14 1 0 0 2 53 58 54 28 
1712934936 279932 79932014 12 14 2 0 0 1 39 135 
1712934936 279939 79939000 14 15 0 0 0 2 47 44 48 71 
1712934936 279973 79973014 13 13 2 0 0 1 62 164 
1712934936 279981 79981014 11 15 2 0 0 2 18 52 19 67 
1712934936 280115 80115000 10 17 0 0 0 1 2 136 
1712934936 280115 80115007 10 17 1 0 0 1 32 89 
1712934936 280115 80115014 10 17 2 0 0 1 26 102 
1712934936 280144 80144007 14 16 1 0 0 1 20 117 
1712934936 280151 80151014 11 17 2 0 0 1 51 119 
1712934936 280195 80195007 10 13 1 0 0 1 0 148 
1712934936 280238 80238000 13 14 0 0 0 1 62 99 
1712934936 280238 80238007 13 14 1 0 0 1 14 108 
1712934936 280275 80275000 10 15 0 0 0 2 14 4 15 88 
1712934936 280275 80275007 10 15 1 0 0 1 27 87 
1712934936 280564 80564014 14 16 2 0 0 1 49 121 
1712934936 280577 80577007 12 17 1 0 0 1 3 143 
1712934936 280577 80577014 12 17 2 0 0 1 46 119 
1712934936 280714 80714014 14 16 2 0 0 1 5 195 
1712934936 280755 80755000 10 15 0 0 0 1 32 80 
1712934936 280755 80755007 10 15 1 0 0 1 55 75 
1712934936 280755 80755014 10 15 2 0 0 1 34 90 
1712934936 280803 80803000 13 15 0 0 0 1 34 76 
1712934936 280803 80803007 13 15 1 0 0 1 6 116 
1712934936 280803 80803014 13 15 2 0 0 1 38 88 
1712934936 280866 80866014 11 12 2 0 0 2 30 271 31 11 
1712934936 280883 80883000 13 17 0 0 0 1 56 73 
1712934936 280883 80883007 13 17 1 0 0 1 35 105 
1712934936 280883 80883014 13 17 2 0 0 2 53 112 54 3 
1712934936 281234 81234000 14 14 0 0 0 2 24 37 25 50 
1712934936 281234 81234007 14 14 1 0 0 2 8 60 9 180 
1712934936 281234 81234014 14 14 2 0 0 1 50 92 
1712934936 281350 81350000 10 16 0 0 0 2 10 37 11 39 
1712934936 281350 81350007 10 16 1 0 0 1 53 120 
1712934936 281371 81371000 11 13 0 0 0 1 48 91 
1712934936 281371 81371007 11 13 1 0 0 2 7 93 8 25 
1712934936 281380 81380014 10 16 2 0 0 2 62 75 63 5 
1712934936 281416 81416000 11 16 0 0 0 1 1 105 
1712934936 281592 81592000 12 12 0 0 0 2 14 103 15 54 
1712934936 281592 81592007 12 12 1 0 0 1 60 201 
1712934936 281619 81619000 14 15 0 0 0 2 16 97 17 21 
1712934936 281620 81620007 10 16 1 0 0 1 0 113 
1712934936 281620 81620014 10 16 2 0 0 1 27 100 
1712934936 281769 81769000 14 15 0 0 0 1 6 150 
1712934936 281769 81769007 14 15 1 0 0 2 40 4 41 141 
1712934936 281769 81769014 14 15 2 0 0 2 23 23 24 85 
1712934936 281774 81774000 14 14 0 0 0 1 63 75 
1712934936 281774 81774007 14 14 1 0 0 1 40 105 
1712934936 281774 81774014 14 14 2 0 0 1 61 81 
1712934936 281815 81815014 10 13 2 0 0 1 46 104 
1712934936 281848 81848000 13 16 0 0 0 1 16 111 
1712934936 281848 81848007 13 16 1 0 0 2 13 63 14 90 
1712934936 281981 81981014 11 17 2 0 0 1 46 19 
1712934936 282064 82064000 14 16 0 0 0 1 8 96 
1712934936 282217 82217007 12 13 1 0 0 1 15 105 
1712934936 282217 82217014 12 13 2 0 0 1 30 110 
1712934936 282277 82277000 12 13 0 0 0 1 43 107 
1712934936 282277 82277007 12 13 1 0 0 1 32 94 
1712934936 282277 82277014 12 13 2 0 0 1 32 79 
1712934936 282297 82297000 12 15 0 0 0 1 7 84 
1712934936 282297 82297007 12 15 1 0 0 1 20 90 
1712934936 282297 82297014 12 15 2 0 0 1 5 128 
1712934936 282499 82499014 14 13 2 0 0 1 10 80 
1712934936 282586 82586014 11 16 2 0 0 2 13 133 14 3 
1712934936 282613 82613014 13 13 2 0 0 1 62 107 
1712934936 282642 82642000 12 12 0 0 0 1 27 78 
1712934936 282642 82642007 12 12 1 0 0 3 10 112 17 65 18 28 
1712934936 282642 82642014 12 12 2 0 0 1 18 77 
1712934936 282722 82722000 12 14 0 0 0 1 57 82 
1712934936 282763 82763000 13 13 0 0 0 3 4 147 39 7 40 56 
1712934936 282763 82763007 13 13 1 0 0 1 53 110 
1712934936 282763 82763014 13 13 2 0 0 1 23 98 
1712934936 282791 82791000 11 17 0 0 0 1 23 100 
1712934936 282791 82791007 11 17 1 0 0 1 56 85 
1712934936 282865 82865000 10 13 0 0 0 1 28 91 
1712934936 282896 82896000 11 14 0 0 0 1 44 86 
1712934936 282896 82896007 11 14 1 0 0 1 29 144 
1712934936 282896 82896014 11 14 2 0 0 1 18 89 
1712934936 283047 83047007 12 15 1 0 0 1 58 103 
1712934936 283047 83047014 12 15 2 0 0 1 50 102 
1712934936 283169 83169014 14 17 2 0 0 1 24 86 
1712934936 283261 83261007 11 13 1 0 0 2 58 42 59 70 
1712934936 283333 83333000 13 13 0 0 0 2 51 39 52 78 
1712934936 283333 83333007 13 13 1 0 0 2 35 45 36 38 
1712934936 283438 83438000 13 16 0 0 0 4 15 62 16 22 28 65 29 34 
1712934936 283438 83438007 13 16 1 0 0 2 36 49 37 104 
1712934936 283438 83438014 13 16 2 0 0 2 4 29 5 71 
1712934936 283480 83480000 10 16 0 0 0 1 29 148 
1712934936 283480 83480007 10 16 1 0 0 2 18 58 19 67 
1712934936 283480 83480014 10 16 2 0 0 1 34 232 
1712934936 283549 83549007 14 13 1 0 0 2 13 101 14 39 
1712934936 283625 83625014 10 17 2 0 0 1 14 247 
1712934936 283820 83820000 10 14 0 0 0 1 26 93 
1712934936 283820 83820007 10 14 1 0 0 1 32 84 
1712934936 283820 83820014 10 14 2 0 0 2 38 60 39 24 
1712934936 283887 83887007 12 15 1 0 0 1 7 96 
1712934936 283888 83888007 13 16 1 0 0 1 25 102 
1712934936 283888 83888014 13 16 2 0 0 2 43 100 52 23 
1712934936 283955 83955000 10 17 0 0 0 1 18 165 
1712934936 283955 83955007 10 17 1 0 0 1 20 106 
1712934936 283955 83955014 10 17 2 0 0 1 37 112 
1712934936 284066 84066007 11 14 1 0 0 1 45 83 
1712934936 284066 84066014 11 14 2 0 0 1 54 89 
1712934936 284103 84103014 13 15 2 0 0 1 19 96 
1712934936 284196 84196000 11 12 0 0 0 1 51 122 
1712934936 284196 84196007 11 12 1 0 0 2 42 81 43 15 
1712934936 284196 84196014 11 12 2 0 0 1 50 91 
1712934936 284199 84199000 14 15 0 0 0 1 29 75 
1712934936 284199 84199007 14 15 1 0 0 1 7 79 
1712934936 284199 84199014 14 15 2 0 0 1 25 82 
1712934936 284347 84347007 12 13 1 0 0 1 45 115 
1712934936 284347 84347014 12 13 2 0 0 1 48 169 
1712934936 284410 84410000 10 16 0 0 0 2 57 29 58 71 
1712934936 284410 84410007 10 16 1 0 0 1 9 96 
1712934936 284410 84410014 10 16 2 0 0 2 27 67 28 41 
1712934936 284449 84449000 14 13 0 0 0 1 18 79 
1712934936 284449 84449007 14 13 1 0 0 1 33 102 
1712934936 284641 84641014 11 13 2 0 0 1 2 110 
1712934936 284648 84648000 13 14 0 0 0 3 53 80 62 15 63 123 
1712934936 284648 84648007 13 14 1 0 0 1 44 84 
1712934936 284648 84648014 13 14 2 0 0 1 59 81 
1712934936 284680 84680014 10 16 2 0 0 1 37 115 
1712934936 284756 84756007 11 14 1 0 0 1 8 95 
1712934936 284756 84756014 11 14 2 0 0 1 39 126 
1712934936 284815 84815000 10 13 0 0 0 1 49 79 
1712934936 284815 84815007 10 13 1 0 0 1 39 116 
1712934936 284815 84815014 10 13 2 0 0 1 56 94 
1712934936 284964 84964014 14 12 2 0 0 1 40 82 
1712934936 285284 85284007 14 14 1 0 0 2 32 36 33 93 
1712934936 285284 85284014 14 14 2 0 0 1 37 130 
1712934936 285332 85332014 12 14 2 0 0 2 32 7 33 168 
1712934936 285463 85463000 13 13 0 0 0 1 10 88 
1712934936 285463 85463007 13 13 1 0 0 1 45 133 
1712934936 285463 85463014 13 13 2 0 0 1 19 93 
1712934936 285526 85526000 11 16 0 0 0 1 26 85 
1712934936 285526 85526007 11 16 1 0 0 1 47 105 
1712934936 285526 85526014 11 16 2 0 0 1 35 86 
1712934936 285534 85534000 14 12 0 0 0 2 54 50 55 51 
1712934936 285605 85605007 10 17 1 0 0 3 11 65 18 93 19 33 
1712934936 285605 85605014 10 17 2 0 0 2 53 54 54 57 
1712934936 285786 85786000 11 12 0 0 0 2 57 37 58 46 
1712934936 285921 85921014 11 15 2 0 0 2 6 27 7 65 
1712934936 285930 85930014 10 12 2 0 0 2 37 134 38 31 
1712934936 285935 85935014 10 17 2 0 0 1 6 89 
1712934936 286085 86085014 10 17 2 0 0 1 48 96 
1712934936 286165 86165000 10 13 0 0 0 2 39 41 40 212 
1712934936 286165 86165007 10 13 1 0 0 1 45 112 
1712934936 286165 86165014 10 13 2 0 0 1 50 178 
1712934936 286263 86263007 13 15 1 0 0 1 60 86 
1712934936 286263 86263014 13 15 2 0 0 1 22 94 
1712934936 286361 86361000 11 17 0 0 0 1 43 93 
1712934936 286361 86361007 11 17 1 0 0 1 26 86 
1712934936 286361 86361014 11 17 2 0 0 1 32 113 
1712934936 286430 86430014 10 14 2 0 0 1 47 29 
1712934936 286580 86580000 10 14 0 0 0 1 18 102 
1712934936 286587 86587007 12 15 1 0 0 1 55 112 
1712934936 286587 86587014 12 15 2 0 0 2 38 67 39 91 
1712934936 286608 86608014 13 12 2 0 0 2 34 141 35 5 
1712934936 286701 86701000 11 15 0 0 0 1 34 118 
1712934936 286701 86701007 11 15 1 0 0 2 47 16 48 77 
1712934936 286701 86701014 11 15 2 0 0 2 54 37 55 51 
1712934936 286754 86754014 14 14 2 0 0 2 9 78 10 15 
1712934936 286814 86814000 14 14 0 0 0 2 43 82 44 40 
1712934936 286906 86906014 11 16 2 0 0 1 0 83 
1712934936 286920 86920014 10 12 2 0 0 2 32 90 33 35 
1712934936 287005 87005000 10 13 0 0 0 1 46 93 
1712934936 287005 87005007 10 13 1 0 0 2 41 119 42 7 
1712934936 287005 87005014 10 13 2 0 0 2 62 7 63 115 
1712934936 287053 87053000 13 13 0 0 0 1 17 95 
1712934936 287100 87100014 10 12 2 0 0 1 12 90 
1712934936 287150 87150000 10 14 0 0 0 2 41 72 42 18 
1712934936 287150 87150007 10 14 1 0 0 1 19 87 
1712934936 287150 87150014 10 14 2 0 0 1 47 78 
1712934936 287254 87254000 14 16 0 0 0 2 14 53 15 39 
1712934936 287254 87254007 14 16 1 0 0 1 48 79 
1712934936 287295 87295007 10 15 1 0 0 1 42 113 
1712934936 287295 87295014 10 15 2 0 0 1 42 152 
1712934936 287321 87321000 11 17 0 0 0 1 13 85 
1712934936 287421 87421007 11 15 1 0 0 1 0 51 
1712934936 287421 87421014 11 15 2 0 0 2 26 3 27 90 
1712934936 287548 87548007 13 16 1 0 0 2 50 14 51 96 
1712934936 287548 87548014 13 16 2 0 0 2 47 25 48 141 
1712934936 287621 87621000 11 17 0 0 0 1 53 124 
1712934936 287637 87637007 12 15 1 0 0 2 47 1 48 132 
1712934936 287637 87637014 12 15 2 0 0 2 21 61 22 70 
1712934936 287666 87666014 11 14 2 0 0 2 7 42 8 4 
1712934936 287708 87708014 13 14 2 0 0 1 4 84 
1712934936 287725 87725000 10 13 0 0 0 1 1 121 
1712934936 287725 87725007 10 13 1 0 0 2 18 84 19 29 
1712934936 287725 87725014 10 13 2 0 0 1 20 81 
1712934936 287748 87748014 13 12 2 0 0 2 28 74 29 27 
1712934936 287784 87784000 14 12 0 0 0 1 62 80 
1712934936 287821 87821014 11 13 2 0 0 1 55 140 
1712934936 287891 87891000 11 17 0 0 0 1 13 91 
1712934936 287891 87891007 11 17 1 0 0 1 17 82 
1712934936 287891 87891014 11 17 2 0 0 1 21 79 
1712934936 287965 87965000 10 13 0 0 0 1 9 83 
1712934936 287965 87965007 10 13 1 0 0 2 43 39 44 93 
1712934936 287965 87965014 10 13 2 0 0 1 11 102 
1712934936 288045 88045000 10 15 0 0 0 1 40 162 
1712934936 288045 88045007 10 15 1 0 0 1 55 89 
1712934936 288118 88118000 13 16 0 0 0 1 31 98 
1712934936 288118 88118007 13 16 1 0 0 1 20 124 
1712934936 288118 88118014 13 16 2 0 0 1 30 94 
1712934936 288128 88128014 13 14 2 0 0 1 19 77 
1712934936 288195 88195000 10 15 0 0 0 2 30 145 31 42 
1712934936 288195 88195007 10 15 1 0 0 2 61 22 62 157 
1712934936 288203 88203007 13 17 1 0 0 1 55 133 
1712934936 288277 88277000 12 13 0 0 0 1 24 181 
1712934936 288277 88277007 12 13 1 0 0 2 52 90 53 33 
1712934936 288409 88409014 14 13 2 0 0 1 59 106 
1712934936 288434 88434000 14 14 0 0 0 2 4 36 5 181 
1712934936 288434 88434007 14 14 1 0 0 1 63 96 
1712934936 288463 88463014 13 13 2 0 0 2 48 32 49 69 
1712934936 288471 88471000 11 15 0 0 0 1 59 105 
1712934936 288471 88471007 11 15 1 0 0 2 37 10 38 90 
1712934936 288471 88471014 11 15 2 0 0 1 51 88 
1712934936 288515 88515000 10 17 0 0 0 1 30 98 
1712934936 288515 88515007 10 17 1 0 0 2 10 83 11 23 
1712934936 288515 88515014 10 17 2 0 0 1 31 103 
1712934936 288530 88530000 10 14 0 0 0 2 17 30 18 59 
1712934936 288530 88530007 10 14 1 0 0 1 34 77 
1712934936 288530 88530014 10 14 2 0 0 1 38 88 
1712934936 288531 88531000 11 15 0 0 0 1 48 107 
1712934936 288531 88531007 11 15 1 0 0 2 12 48 13 46 
1712934936 288551 88551000 11 17 0 0 0 1 28 100 
1712934936 288551 88551007 11 17 1 0 0 2 14 5 15 108 
1712934936 288551 88551014 11 17 2 0 0 2 51 35 52 50 
1712934936 288687 88687000 12 15 0 0 0 1 35 96 
1712934936 288687 88687007 12 15 1 0 0 1 16 91 
1712934936 288687 88687014 12 15 2 0 0 1 49 129 
1712934936 288727 88727000 12 13 0 0 0 2 16 83 18 15 
1712934936 288727 88727007 12 13 1 0 0 1 53 92 
1712934936 288727 88727014 12 13 2 0 0 1 13 117 
1712934936 288748 88748000 13 16 0 0 0 2 5 70 6 26 
1712934936 288748 88748007 13 16 1 0 0 2 39 114 40 14 
1712934936 288748 88748014 13 16 2 0 0 2 40 56 41 62 
1712934936 288778 88778000 13 16 0 0 0 1 63 88 
1712934936 288781 88781000 11 13 0 0 0 2 56 28 57 64 
1712934936 288908 88908014 13 14 2 0 0 1 54 101 
1712934936 288934 88934000 14 16 0 0 0 1 40 96 
1712934936 289011 89011000 11 15 0 0 0 1 23 89 
1712934936 289011 89011007 11 15 1 0 0 2 39 66 40 25 
1712934936 289011 89011014 11 15 2 0 0 2 35 3 36 103 
1712934936 289013 89013000 13 17 0 0 0 1 5 77 
1712934936 289013 89013007 13 17 1 0 0 1 27 95 
1712934936 289013 89013014 13 17 2 0 0 1 5 81 
1712934936 289124 89124000 14 14 0 0 0 1 22 99 
1712934936 289472 89472007 12 14 1 0 0 1 10 97 
1712934936 289472 89472014 12 14 2 0 0 2 36 34 37 57 
1712934936 289631 89631000 11 17 0 0 0 2 6 35 7 68 
1712934936 289631 89631007 11 17 1 0 0 1 40 90 
1712934936 289631 89631014 11 17 2 0 0 2 36 56 37 42 
1712934936 289636 89636000 11 16 0 0 0 2 46 82 47 1 
1712934936 289636 89636007 11 16 1 0 0 1 24 174 
1712934936 289636 89636014 11 16 2 0 0 1 24 83 
1712934936 289871 89871000 11 17 0 0 0 1 22 99 
1712934936 289871 89871007 11 17 1 0 0 1 26 98 
1712934936 289974 89974014 14 12 2 0 0 1 58 117 
1712934936 290088 90088000 13 12 0 0 0 1 48 77 
1712934936 290088 90088007 13 12 1 0 0 1 48 81 
1712934936 290088 90088014 13 12 2 0 0 1 40 77 
1712934936 290182 90182000 12 16 0 0 0 2 7 81 8 4 
1712934936 290182 90182007 12 16 1 0 0 1 60 89 
1712934936 290184 90184007 14 12 1 0 0 2 5 94 6 20 
1712934936 290184 90184014 14 12 2 0 0 2 40 108 41 28 
1712934936 290271 90271007 11 15 1 0 0 1 32 35 
1712934936 290271 90271014 11 15 2 0 0 2 20 105 21 10 
1712934936 290311 90311000 11 13 0 0 0 1 50 81 
1712934936 290311 90311007 11 13 1 0 0 1 55 86 
1712934936 290311 90311014 11 13 2 0 0 1 55 87 
1712934936 290428 90428000 13 16 0 0 0 1 39 158 
1712934936 290428 90428007 13 16 1 0 0 1 52 116 
1712934936 290428 90428014 13 16 2 0 0 1 36 80 
1712934936 290438 90438014 13 14 2 0 0 1 59 129 
1712934936 290459 90459007 14 17 1 0 0 1 15 96 
1712934936 290459 90459014 14 17 2 0 0 2 35 99 36 15 
1712934936 290487 90487014 12 15 2 0 0 1 24 129 
1712934936 290565 90565000 10 15 0 0 0 2 46 38 47 72 
1712934936 290565 90565007 10 15 1 0 0 1 54 112 
1712934936 290565 90565014 10 15 2 0 0 1 59 89 
1712934936 290715 90715000 10 15 0 0 0 2 18 8 19 158 
1712934936 290715 90715007 10 15 1 0 0 1 0 79 
1712934936 290765 90765000 10 17 0 0 0 1 28 85 
1712934936 290765 90765007 10 17 1 0 0 1 60 95 
1712934936 290799 90799000 14 15 0 0 0 2 21 8 22 93 
1712934936 290799 90799007 14 15 1 0 0 1 24 114 
1712934936 290799 90799014 14 15 2 0 0 2 58 37 59 72 
1712934936 290896 90896000 11 16 0 0 0 2 44 13 45 78 
1712934936 290896 90896007 11 16 1 0 0 1 40 176 
1712934936 290896 90896014 11 16 2 0 0 2 15 43 16 68 
1712934936 290912 90912000 12 14 0 0 0 1 29 109 
1712934936 290912 90912007 12 14 1 0 0 1 14 110 
1712934936 290990 90990000 10 14 0 0 0 2 60 27 61 75 
1712934936 291047 91047000 12 17 0 0 0 1 18 101 
1712934936 291065 91065000 10 17 0 0 0 2 53 29 54 98 
1712934936 291065 91065007 10 17 1 0 0 1 32 88 
1712934936 291154 91154000 14 16 0 0 0 1 26 138 
1712934936 291154 91154007 14 16 1 0 0 1 30 110 
1712934936 291154 91154014 14 16 2 0 0 1 26 82 
1712934936 291164 91164000 14 14 0 0 0 2 53 5 54 126 
1712934936 291166 91166000 11 16 0 0 0 2 22 97 23 64 
1712934936 291170 91170000 10 14 0 0 0 1 36 115 
1712934936 291170 91170007 10 14 1 0 0 1 3 113 
1712934936 291202 91202000 12 16 0 0 0 2 0 1 1 105 
1712934936 291202 91202007 12 16 1 0 0 1 39 142 
1712934936 291202 91202014 12 16 2 0 0 1 41 93 
1712934936 291280 91280000 10 16 0 0 0 2 3 98 4 32 
1712934936 291280 91280007 10 16 1 0 0 1 59 136 
1712934936 291333 91333000 13 15 0 0 0 1 61 93 
1712934936 291333 91333007 13 15 1 0 0 1 36 85 
1712934936 291333 91333014 13 15 2 0 0 1 59 75 
1712934936 291439 91439000 14 13 0 0 0 1 44 99 
1712934936 291440 91440014 10 14 2 0 0 1 2 99 
1712934936 291466 91466000 11 16 0 0 0 4 12 7 13 84 47 67 48 34 
1712934936 291466 91466007 11 16 1 0 0 2 24 89 25 114 
1712934936 291466 91466014 11 16 2 0 0 1 41 111 
1712934936 291544 91544000 14 16 0 0 0 1 13 15 
1712934936 291562 91562000 12 16 0 0 0 1 50 99 
1712934936 291562 91562007 12 16 1 0 0 1 35 172 
1712934936 291562 91562014 12 16 2 0 0 1 24 103 
1712934936 291571 91571000 11 13 0 0 0 1 13 94 
1712934936 291571 91571007 11 13 1 0 0 1 29 93 
1712934936 291571 91571014 11 13 2 0 0 1 13 111 
1712934936 291891 91891000 11 15 0 0 0 1 34 85 
1712934936 291891 91891007 11 15 1 0 0 2 46 62 47 18 
1712934936 291891 91891014 11 15 2 0 0 1 43 98 
1712934936 291973 91973000 13 13 0 0 0 1 13 169 
1712934936 291973 91973007 13 13 1 0 0 2 33 73 34 33 
1712934936 292043 92043014 13 17 2 0 0 2 25 7 26 98 
1712934936 292083 92083007 13 15 1 0 0 1 51 146 
1712934936 292083 92083014 13 15 2 0 0 2 18 191 19 36 
1712934936 292134 92134000 14 12 0 0 0 1 16 92 
1712934936 292134 92134007 14 12 1 0 0 1 41 85 
1712934936 292190 92190000 10 14 0 0 0 2 45 13 46 95 
1712934936 292206 92206000 11 12 0 0 0 2 31 105 36 117 
1712934936 292206 92206007 11 12 1 0 0 1 15 92 
1712934936 292206 92206014 11 12 2 0 0 1 38 98 
1712934936 292286 92286007 11 14 1 0 0 2 61 4 62 134 
1712934936 292286 92286014 11 14 2 0 0 1 32 145 
1712934936 292373 92373000 13 17 0 0 0 2 51 29 52 66 
1712934936 292395 92395000 10 15 0 0 0 2 33 37 34 57 
1712934936 292395 92395007 10 15 1 0 0 1 14 87 
1712934936 292395 92395014 10 15 2 0 0 2 17 34 18 54 
1712934936 292450 92450014 10 16 2 0 0 1 9 104 
1712934936 292455 92455000 10 15 0 0 0 2 52 78 53 56 
1712934936 292455 92455007 10 15 1 0 0 2 0 86 1 18 
1712934936 292464 92464014 14 12 2 0 0 1 14 114 
1712934936 292481 92481007 11 17 1 0 0 2 12 24 13 74 
1712934936 292481 92481014 11 17 2 0 0 1 24 128 
1712934936 292502 92502014 12 14 2 0 0 2 5 95 6 4 
1712934936 292681 92681000 11 13 0 0 0 1 63 93 
1712934936 292709 92709014 14 17 2 0 0 2 36 30 37 60 
1712934936 292730 92730014 10 14 2 0 0 2 42 54 43 53 
1712934936 292740 92740000 10 12 0 0 0 1 49 110 
1712934936 292740 92740007 10 12 1 0 0 2 53 94 54 38 
1712934936 292751 92751000 11 17 0 0 0 1 48 119 
1712934936 292751 92751007 11 17 1 0 0 2 4 69 5 31 
1712934936 292922 92922014 12 14 2 0 0 1 33 46 
1712934936 292929 92929000 14 15 0 0 0 1 51 103 
1712934936 292929 92929007 14 15 1 0 0 1 9 103 
1712934936 292929 92929014 14 15 2 0 0 2 14 6 15 128 
1712934936 292937 92937014 12 17 2 0 0 1 52 91 
1712934936 293008 93008007 13 16 1 0 0 3 1 1 2 34 3 68 
1712934936 293029 93029000 14 13 0 0 0 2 26 75 27 6 
1712934936 293029 93029007 14 13 1 0 0 1 20 95 
1712934936 293029 93029014 14 13 2 0 0 2 53 15 54 137 
1712934936 293074 93074000 14 16 0 0 0 1 35 83 
1712934936 293074 93074007 14 16 1 0 0 1 16 80 
1712934936 293074 93074014 14 16 2 0 0 1 31 114 
1712934936 293152 93152000 12 16 0 0 0 1 48 78 
1712934936 293152 93152007 12 16 1 0 0 1 14 92 
1712934936 293152 93152014 12 16 2 0 0 1 35 84 
1712934936 293157 93157000 12 15 0 0 0 1 46 168 
1712934936 293157 93157007 12 15 1 0 0 1 18 105 
1712934936 293157 93157014 12 15 2 0 0 1 54 151 
1712934936 293245 93245007 10 13 1 0 0 1 33 103 
1712934936 293245 93245014 10 13 2 0 0 1 47 114 
1712934936 293256 93256014 11 12 2 0 0 1 22 85 
1712934936 293293 93293014 13 13 2 0 0 1 10 136 
1712934936 293410 93410014 10 16 2 0 0 1 0 94 
1712934936 293463 93463014 13 15 2 0 0 1 58 93 
1712934936 293505 93505000 10 15 0 0 0 1 6 115 
1712934936 293505 93505007 10 15 1 0 0 1 43 88 
1712934936 293505 93505014 10 15 2 0 0 1 37 108 
1712934936 293553 93553000 13 15 0 0 0 1 61 94 
1712934936 293691 93691000 11 15 0 0 0 1 52 110 
1712934936 293691 93691007 11 15 1 0 0 1 20 96 
1712934936 293691 93691014 11 15 2 0 0 1 54 131 
1712934936 293700 93700014 10 12 2 0 0 1 59 123 
1712934936 293732 93732000 12 14 0 0 0 1 12 87 
1712934936 293732 93732007 12 14 1 0 0 2 24 23 25 53 
1712934936 293732 93732014 12 14 2 0 0 1 13 121 
1712934936 293738 93738000 13 14 0 0 0 1 54 91 
1712934936 293738 93738007 13 14 1 0 0 1 56 114 
1712934936 293745 93745007 10 15 1 0 0 1 4 112 
1712934936 293745 93745014 10 15 2 0 0 2 35 44 36 46 
1712934936 293772 93772000 12 12 0 0 0 1 44 90 
1712934936 293772 93772007 12 12 1 0 0 1 16 99 
1712934936 293887 93887007 12 13 1 0 0 1 63 159 
1712934936 293887 93887014 12 13 2 0 0 1 42 95 
1712934936 293899 93899014 14 13 2 0 0 1 16 100 
1712934936 293956 93956014 11 16 2 0 0 1 17 93 
1712934936 293977 93977000 12 13 0 0 0 2 33 16 34 91 
1712934936 294018 94018000 13 12 0 0 0 1 11 124 
1712934936 294071 94071000 11 17 0 0 0 1 63 146 
1712934936 294071 94071007 11 17 1 0 0 2 59 112 60 15 
1712934936 294137 94137007 12 17 1 0 0 1 0 18 
1712934936 294137 94137014 12 17 2 0 0 1 13 114 
1712934936 294173 94173014 13 17 2 0 0 1 57 84 
1712934936 294193 94193000 13 13 0 0 0 1 24 93 
1712934936 294193 94193007 13 13 1 0 0 1 39 94 
1712934936 294274 94274014 14 16 2 0 0 1 13 121 
1712934936 294376 94376000 11 16 0 0 0 2 45 104 46 16 
1712934936 294470 94470014 10 14 2 0 0 1 23 98 
1712934936 294618 94618000 13 12 0 0 0 1 13 83 
1712934936 294618 94618007 13 12 1 0 0 2 51 22 52 60 
1712934936 294618 94618014 13 12 2 0 0 1 7 96 
1712934936 294663 94663000 13 15 0 0 0 2 44 20 45 80 
1712934936 294663 94663007 13 15 1 0 0 1 33 98 
1712934936 294663 94663014 13 15 2 0 0 2 19 48 20 43 
1712934936 294850 94850000 10 16 0 0 0 1 38 91 
1712934936 294850 94850007 10 16 1 0 0 1 4 91 
1712934936 294882 94882000 12 12 0 0 0 2 55 61 56 28 
1712934936 294882 94882007 12 12 1 0 0 1 46 87 
1712934936 294882 94882014 12 12 2 0 0 2 43 15 44 70 
1712934936 294918 94918000 13 12 0 0 0 1 61 83 
1712934936 294928 94928000 13 16 0 0 0 2 25 92 30 127 
1712934936 294928 94928007 13 16 1 0 0 1 59 121 
1712934936 294990 94990000 10 12 0 0 0 1 43 105 
1712934936 294990 94990007 10 12 1 0 0 1 19 98 
1712934936 295223 95223000 13 17 0 0 0 1 50 113 
1712934936 295223 95223007 13 17 1 0 0 2 49 117 50 3 
1712934936 295304 95304000 14 14 0 0 0 1 21 113 
1712934936 295304 95304007 14 14 1 0 0 2 16 63 17 31 
1712934936 295434 95434000 14 12 0 0 0 1 38 155 
1712934936 295434 95434007 14 12 1 0 0 2 17 31 18 109 
1712934936 295434 95434014 14 12 2 0 0 2 52 40 53 54 
1712934936 295461 95461014 11 15 2 0 0 1 40 62 
1712934936 295472 95472007 12 14 1 0 0 1 6 143 
1712934936 295480 95480000 10 16 0 0 0 1 25 86 
1712934936 295480 95480007 10 16 1 0 0 1 20 97 
1712934936 295480 95480014 10 16 2 0 0 1 38 97 
1712934936 295761 95761014 11 15 2 0 0 2 1 33 2 93 
1712934936 295899 95899014 14 15 2 0 0 2 5 137 6 5 
1712934936 295914 95914000 14 12 0 0 0 1 41 207 
1712934936 295914 95914007 14 12 1 0 0 2 39 50 40 55 
1712934936 295914 95914014 14 12 2 0 0 1 24 102 
1712934936 295954 95954014 14 16 2 0 0 2 54 63 55 75 
1712934936 296009 96009000 14 17 0 0 0 1 46 84 
1712934936 296009 96009007 14 17 1 0 0 1 57 92 
1712934936 296009 96009014 14 17 2 0 0 1 40 79 
1712934936 296056 96056014 11 16 2 0 0 2 7 104 8 28 
1712934936 296096 96096000 11 14 0 0 0 1 16 98 
1712934936 296101 96101000 11 13 0 0 0 4 2 43 3 142 16 21 17 15 
1712934936 296101 96101007 11 13 1 0 0 2 47 68 48 16 
1712934936 296101 96101014 11 13 2 0 0 1 6 85 
1712934936 296306 96306014 11 14 2 0 0 1 58 100 
1712934936 296318 96318000 13 14 0 0 0 2 53 39 54 50 
1712934936 296332 96332014 12 16 2 0 0 2 0 42 1 42 
1712934936 296344 96344000 14 16 0 0 0 2 34 14 35 118 
1712934936 296344 96344007 14 16 1 0 0 1 37 94 
1712934936 296344 96344014 14 16 2 0 0 1 58 86 
1712934936 296377 96377000 12 13 0 0 0 1 18 74 
1712934936 296533 96533014 13 13 2 0 0 1 61 89 
1712934936 296600 96600007 10 14 1 0 0 1 54 94 
1712934936 296600 96600014 10 14 2 0 0 1 16 107 
1712934936 296635 96635000 10 13 0 0 0 1 9 119 
1712934936 296635 96635007 10 13 1 0 0 3 11 76 37 92 38 15 
1712934936 296635 96635014 10 13 2 0 0 1 9 126 
1712934936 296644 96644000 14 16 0 0 0 2 1 34 2 59 
1712934936 296644 96644007 14 16 1 0 0 2 46 36 47 79 
1712934936 296644 96644014 14 16 2 0 0 2 32 90 33 34 
1712934936 296833 96833000 13 13 0 0 0 1 4 80 
1712934936 296833 96833007 13 13 1 0 0 1 30 90 
1712934936 296833 96833014 13 13 2 0 0 1 2 173 
1712934936 296922 96922007 12 12 1 0 0 1 61 93 
1712934936 296922 96922014 12 12 2 0 0 2 17 54 18 27 
1712934936 297104 97104000 14 14 0 0 0 1 40 122 
1712934936 297104 97104007 14 14 1 0 0 2 24 70 25 51 
1712934936 297189 97189007 14 15 1 0 0 1 62 88 
1712934936 297189 97189014 14 15 2 0 0 2 22 73 23 5 
1712934936 297433 97433007 13 13 1 0 0 2 47 8 48 111 
1712934936 297569 97569000 14 17 0 0 0 2 23 68 24 44 
1712934936 297569 97569007 14 17 1 0 0 2 34 15 35 100 
1712934936 297569 97569014 14 17 2 0 0 2 60 79 61 45 
1712934936 297586 97586014 11 16 2 0 0 1 1 74 
1712934936 297643 97643000 13 13 0 0 0 3 17 21 18 108 27 83 
1712934936 297643 97643007 13 13 1 0 0 4 32 41 33 29 38 11 39 95 
1712934936 297643 97643014 13 13 2 0 0 2 54 4 55 84 
1712934936 297740 97740000 10 14 0 0 0 2 28 103 29 5 
1712934936 297740 97740007 10 14 1 0 0 1 4 191 
1712934936 297803 97803007 13 17 1 0 0 2 56 41 57 63 
1712934936 297803 97803014 13 17 2 0 0 1 48 109 
1712934936 297809 97809000 14 17 0 0 0 2 56 44 57 38 
1712934936 297809 97809007 14 17 1 0 0 1 19 94 
1712934936 297809 97809014 14 17 2 0 0 1 43 87 
1712934936 297879 97879000 14 15 0 0 0 1 7 119 
1712934936 298016 98016014 11 14 2 0 0 2 57 25 58 88 
1712934936 298061 98061000 11 17 0 0 0 2 1 151 2 31 
1712934936 298064 98064000 14 14 0 0 0 1 3 96 
1712934936 298064 98064007 14 14 1 0 0 1 25 106 
1712934936 298064 98064014 14 14 2 0 0 2 27 137 28 1 
1712934936 298156 98156000 11 16 0 0 0 2 23 46 24 38 
1712934936 298156 98156007 11 16 1 0 0 1 49 81 
1712934936 298220 98220000 10 14 0 0 0 1 10 105 
1712934936 298220 98220007 10 14 1 0 0 1 49 105 
1712934936 298364 98364000 14 14 0 0 0 1 11 115 
1712934936 298364 98364007 14 14 1 0 0 2 3 107 4 42 
1712934936 298369 98369014 14 13 2 0 0 2 10 267 11 36 
1712934936 298430 98430007 10 14 1 0 0 2 4 76 5 43 
1712934936 298463 98463007 13 17 1 0 0 2 8 152 9 62 
1712934936 298463 98463014 13 17 2 0 0 1 17 129 
1712934936 298489 98489000 14 13 0 0 0 1 24 165 
1712934936 298489 98489007 14 13 1 0 0 1 31 92 
1712934936 298489 98489014 14 13 2 0 0 1 59 87 
1712934936 298542 98542000 12 12 0 0 0 1 7 89 
1712934936 298542 98542007 12 12 1 0 0 2 8 1 9 107 
1712934936 298614 98614014 14 12 2 0 0 1 53 110 
1712934936 298675 98675000 10 13 0 0 0 1 7 85 
1712934936 298675 98675007 10 13 1 0 0 1 30 86 
1712934936 298675 98675014 10 13 2 0 0 1 13 85 
1712934936 298954 98954000 14 16 0 0 0 2 55 116 56 83 
1712934936 298954 98954007 14 16 1 0 0 1 21 84 
1712934936 298954 98954014 14 16 2 0 0 1 48 105 
1712934936 299054 99054000 14 14 0 0 0 1 43 8 
1712934936 299204 99204000 14 14 0 0 0 2 52 36 53 62 
1712934936 299204 99204007 14 14 1 0 0 1 43 92 
1712934936 299426 99426000 11 14 0 0 0 1 20 137 
1712934936 299426 99426007 11 14 1 0 0 3 12 37 13 185 34 47 
1712934936 299481 99481000 11 15 0 0 0 1 13 193 
1712934936 299481 99481007 11 15 1 0 0 2 0 30 1 83 
1712934936 299601 99601000 11 15 0 0 0 1 35 94 
1712934936 299601 99601007 11 15 1 0 0 1 25 100 
1712934936 299601 99601014 11 15 2 0 0 1 24 109 
1712934936 299613 99613014 13 15 2 0 0 2 1 46 2 81 
1712934936 299674 99674000 14 16 0 0 0 1 24 102 
1712934936 299674 99674007 14 16 1 0 0 1 30 109 
1712934936 299674 99674014 14 16 2 0 0 1 6 80 
1712934936 299679 99679014 14 15 2 0 0 1 45 116 
1712934936 299696 99696000 11 14 0 0 0 2 7 35 8 12 
1712934936 299719 99719014 14 13 2 0 0 1 0 98 
1712934937 300044 44007 14 14 1 0 0 1 10 23 
1712934937 300044 44014 14 14 2 0 0 1 52 123 
1712934937 300101 101000 11 17 0 0 0 1 20 117 
1712934937 300101 101007 11 17 1 0 0 1 11 78 
1712934937 300101 101014 11 17 2 0 0 1 6 84 
1712934937 300183 183000 13 15 0 0 0 1 16 80 
1712934937 300183 183007 13 15 1 0 0 1 1 106 
1712934937 300183 183014 13 15 2 0 0 1 26 87 
1712934937 300270 270007 10 12 1 0 0 2 5 62 6 62 
1712934937 300270 270014 10 12 2 0 0 1 4 100 
1712934937 300281 281000 11 17 0 0 0 1 2 88 
1712934937 300281 281007 11 17 1 0 0 2 35 114 36 24 
1712934937 300281 281014 11 17 2 0 0 1 13 92 
1712934937 300421 421000 11 13 0 0 0 1 36 164 
1712934937 300421 421007 11 13 1 0 0 1 34 140 
1712934937 300421 421014 11 13 2 0 0 1 35 175 
1712934937 300473 473000 13 17 0 0 0 1 15 107 
1712934937 300473 473007 13 17 1 0 0 1 27 119 
1712934937 300473 473014 13 17 2 0 0 2 46 69 47 45 
1712934937 300635 635000 10 17 0 0 0 1 20 219 
1712934937 300635 635007 10 17 1 0 0 1 25 129 
1712934937 300635 635014 10 17 2 0 0 2 5 47 6 27 
1712934937 300640 640007 10 16 1 0 0 2 35 81 36 45 
1712934937 300640 640014 10 16 2 0 0 2 24 84 25 10 
1712934937 300648 648000 13 12 0 0 0 1 57 109 
1712934937 300648 648007 13 12 1 0 0 2 45 14 54 108 
1712934937 300648 648014 13 12 2 0 0 1 12 140 
1712934937 300711 711000 11 15 0 0 0 2 60 36 61 132 
1712934937 300720 720014 10 12 2 0 0 1 4 128 
1712934937 300727 727000 12 13 0 0 0 1 40 89 
1712934937 300727 727007 12 13 1 0 0 1 17 100 
1712934937 300727 727014 12 13 2 0 0 1 55 85 
1712934937 300797 797000 12 17 0 0 0 1 42 95 
1712934937 300797 797007 12 17 1 0 0 4 48 38 49 46 56 75 57 51 
1712934937 300797 797014 12 17 2 0 0 1 39 189 
1712934937 300807 807000 12 15 0 0 0 1 46 89 
1712934937 300869 869000 14 17 0 0 0 2 35 29 36 155 
1712934937 300869 869007 14 17 1 0 0 2 15 23 16 92 
1712934937 300887 887000 12 17 0 0 0 1 49 76 
1712934937 300929 929000 14 17 0 0 0 1 36 103 
1712934937 300929 929007 14 17 1 0 0 2 50 11 51 93 
1712934937 300929 929014 14 17 2 0 0 2 19 36 20 57 
1712934937 300968 968007 13 14 1 0 0 2 5 32 6 64 
1712934937 300968 968014 13 14 2 0 0 1 26 86 
1712934937 301010 1010014 10 14 2 0 0 1 24 90 
1712934937 301081 1081000 11 13 0 0 0 1 50 106 
1712934937 301128 1128000 13 12 0 0 0 1 51 114 
1712934937 301128 1128007 13 12 1 0 0 3 60 76 61 27 62 104 
1712934937 301128 1128014 13 12 2 0 0 1 57 89 
1712934937 301358 1358000 13 14 0 0 0 1 40 107 
1712934937 301358 1358007 13 14 1 0 0 1 14 128 
1712934937 301358 1358014 13 14 2 0 0 1 0 74 
1712934937 301367 1367014 12 17 2 0 0 2 12 123 13 4 
1712934937 301534 1534007 14 16 1 0 0 1 57 175 
1712934937 301534 1534014 14 16 2 0 0 2 31 40 32 80 
1712934937 301599 1599000 14 15 0 0 0 1 63 11 
1712934937 302094 2094014 14 12 2 0 0 1 18 113 
1712934937 302132 2132000 12 14 0 0 0 2 60 6 61 105 
1712934937 302132 2132007 12 14 1 0 0 1 14 86 
1712934937 302132 2132014 12 14 2 0 0 1 52 83 
1712934937 302165 2165007 10 17 1 0 0 1 26 116 
1712934937 302165 2165014 10 17 2 0 0 2 18 59 19 51 
1712934937 302292 2292000 12 12 0 0 0 1 59 137 
1712934937 302292 2292007 12 12 1 0 0 2 30 79 31 33 
1712934937 302292 2292014 12 12 2 0 0 1 33 118 
1712934937 302338 2338000 13 16 0 0 0 1 34 89 
1712934937 302338 2338007 13 16 1 0 0 1 43 115 
1712934937 302338 2338014 13 16 2 0 0 1 35 82 
1712934937 302461 2461000 11 13 0 0 0 2 60 45 61 44 
1712934937 302464 2464000 14 16 0 0 0 2 45 56 46 44 
1712934937 302464 2464007 14 16 1 0 0 2 54 58 55 60 
1712934937 302464 2464014 14 16 2 0 0 1 27 119 
1712934937 302505 2505000 10 15 0 0 0 2 33 32 34 79 
1712934937 302505 2505007 10 15 1 0 0 2 10 114 11 17 
1712934937 302574 2574000 14 12 0 0 0 1 13 84 
1712934937 302574 2574007 14 12 1 0 0 1 16 109 
1712934937 302574 2574014 14 12 2 0 0 1 15 86 
1712934937 302761 2761000 11 13 0 0 0 2 40 61 41 26 
1712934937 302761 2761007 11 13 1 0 0 1 59 99 
1712934937 302761 2761014 11 13 2 0 0 2 19 7 20 81 
1712934937 302810 2810000 10 14 0 0 0 2 7 17 8 145 
1712934937 302877 2877000 12 15 0 0 0 1 63 99 
1712934937 302949 2949000 14 15 0 0 0 2 43 34 44 70 
1712934937 302949 2949007 14 15 1 0 0 1 28 103 
1712934937 302970 2970000 10 12 0 0 0 1 63 96 
1712934937 302988 2988000 13 12 0 0 0 1 14 93 
1712934937 302988 2988007 13 12 1 0 0 1 52 142 
1712934937 302988 2988014 13 12 2 0 0 1 37 88 
1712934937 303034 3034000 14 16 0 0 0 2 17 35 18 59 
1712934937 303034 3034007 14 16 1 0 0 1 34 75 
1712934937 303152 3152007 12 14 1 0 0 1 33 93 
1712934937 303152 3152014 12 14 2 0 0 2 35 58 36 34 
1712934937 303224 3224000 14 14 0 0 0 1 44 89 
1712934937 303224 3224007 14 14 1 0 0 1 39 94 
1712934937 303302 3302000 12 14 0 0 0 1 35 99 
1712934937 303302 3302007 12 14 1 0 0 1 46 100 
1712934937 303502 3502014 12 16 2 0 0 2 13 51 14 33 
1712934937 303542 3542000 12 14 0 0 0 2 41 63 42 27 
1712934937 303542 3542007 12 14 1 0 0 1 36 97 
1712934937 303542 3542014 12 14 2 0 0 2 12 24 13 84 
1712934937 303574 3574014 14 16 2 0 0 1 7 86 
1712934937 303791 3791000 11 17 0 0 0 1 24 113 
1712934937 303791 3791007 11 17 1 0 0 2 56 15 57 78 
1712934937 303804 3804000 14 12 0 0 0 1 34 122 
1712934937 303804 3804007 14 12 1 0 0 2 62 109 63 37 
1712934937 303972 3972000 12 12 0 0 0 1 21 102 
1712934937 303972 3972007 12 12 1 0 0 1 17 101 
1712934937 303972 3972014 12 12 2 0 0 2 44 25 45 76 
1712934937 304017 4017014 12 15 2 0 0 1 8 92 
1712934937 304023 4023000 13 15 0 0 0 2 60 32 61 89 
1712934937 304046 4046014 11 14 2 0 0 1 19 101 
1712934937 304081 4081014 11 13 2 0 0 1 48 88 
1712934937 304127 4127000 12 17 0 0 0 1 37 106 
1712934937 304127 4127007 12 17 1 0 0 1 16 90 
1712934937 304199 4199000 14 17 0 0 0 1 54 103 
1712934937 304199 4199007 14 17 1 0 0 1 42 101 
1712934937 304199 4199014 14 17 2 0 0 1 45 93 
1712934937 304217 4217000 12 17 0 0 0 1 3 106 
1712934937 304218 4218014 13 12 2 0 0 2 58 42 59 49 
1712934937 304223 4223000 13 17 0 0 0 1 42 93 
1712934937 304223 4223007 13 17 1 0 0 1 33 90 
1712934937 304248 4248000 13 12 0 0 0 1 17 96 
1712934937 304248 4248007 13 12 1 0 0 4 34 113 35 5 41 101 47 64 
1712934937 304248 4248014 13 12 2 0 0 1 4 85 
1712934937 304374 4374000 14 12 0 0 0 1 54 73 
1712934937 304374 4374007 14 12 1 0 0 1 25 87 
1712934937 304374 4374014 14 12 2 0 0 1 62 81 
1712934937 304462 4462000 12 16 0 0 0 2 18 81 19 55 
1712934937 304462 4462007 12 16 1 0 0 1 23 80 
1712934937 304462 4462014 12 16 2 0 0 1 38 82 
1712934937 304654 4654000 14 16 0 0 0 1 19 101 
1712934937 304866 4866007 11 12 1 0 0 1 25 119 
1712934937 304866 4866014 11 12 2 0 0 2 42 141 43 5 
1712934937 304952 4952000 12 14 0 0 0 1 40 104 
1712934937 304952 4952007 12 14 1 0 0 1 50 104 
1712934937 304993 4993000 13 13 0 0 0 1 52 99 
1712934937 304993 4993007 13 13 1 0 0 1 35 102 
1712934937 305067 5067007 12 15 1 0 0 2 0 146 1 61 
1712934937 305067 5067014 12 15 2 0 0 2 8 80 9 37 
1712934937 305071 5071000 11 13 0 0 0 1 8 97 
1712934937 305071 5071007 11 13 1 0 0 1 15 87 
1712934937 305071 5071014 11 13 2 0 0 2 23 57 24 36 
1712934937 305124 5124000 14 12 0 0 0 1 41 41 
1712934937 305230 5230000 10 16 0 0 0 1 41 86 
1712934937 305230 5230007 10 16 1 0 0 2 12 69 13 57 
1712934937 305661 5661000 11 15 0 0 0 1 24 87 
1712934937 305755 5755000 10 13 0 0 0 2 12 108 13 6 
1712934937 305767 5767000 12 13 0 0 0 2 49 90 50 15 
1712934937 305767 5767007 12 13 1 0 0 1 10 97 
1712934937 306133 6133000 13 13 0 0 0 2 54 171 55 41 
1712934937 306133 6133007 13 13 1 0 0 1 8 101 
1712934937 306194 6194000 14 14 0 0 0 1 53 85 
1712934937 306194 6194007 14 14 1 0 0 2 56 125 57 14 
1712934937 306423 6423000 13 15 0 0 0 1 44 113 
1712934937 306423 6423007 13 15 1 0 0 1 22 88 
1712934937 306423 6423014 13 15 2 0 0 2 28 2 29 96 
1712934937 306504 6504014 14 12 2 0 0 1 4 9 
1712934937 306628 6628014 13 16 2 0 0 2 55 32 56 63 
1712934937 306643 6643014 13 13 2 0 0 2 8 97 9 30 
1712934937 306647 6647000 12 17 0 0 0 1 63 85 
1712934937 306661 6661000 11 13 0 0 0 1 42 84 
1712934937 306661 6661007 11 13 1 0 0 1 26 114 
1712934937 306661 6661014 11 13 2 0 0 1 35 85 
1712934937 306684 6684007 14 12 1 0 0 1 15 97 
1712934937 306684 6684014 14 12 2 0 0 2 22 161 23 21 
1712934937 306945 6945000 10 15 0 0 0 1 19 93 
1712934937 306945 6945007 10 15 1 0 0 1 27 93 
1712934937 306945 6945014 10 15 2 0 0 1 30 135 
1712934937 307039 7039000 14 13 0 0 0 2 60 110 61 1 
1712934937 307059 7059014 14 15 2 0 0 1 36 89 
1712934937 307208 7208000 13 14 0 0 0 2 27 28 28 55 
1712934937 307208 7208007 13 14 1 0 0 1 60 294 
1712934937 307208 7208014 13 14 2 0 0 2 52 87 53 4 
1712934937 307267 7267000 12 13 0 0 0 1 1 123 
1712934937 307523 7523014 13 17 2 0 0 1 55 87 
1712934937 307573 7573007 13 13 1 0 0 2 5 68 6 38 
1712934937 307573 7573014 13 13 2 0 0 2 35 26 36 73 
1712934937 307658 7658000 13 14 0 0 0 1 32 82 
1712934937 307658 7658007 13 14 1 0 0 4 11 62 12 24 31 105 32 10 
1712934937 307658 7658014 13 14 2 0 0 1 35 255 
1712934937 307774 7774007 14 16 1 0 0 1 54 100 
1712934937 307774 7774014 14 16 2 0 0 1 34 90 
1712934937 307850 7850014 10 14 2 0 0 1 0 97 
1712934937 307884 7884000 14 12 0 0 0 1 42 115 
1712934937 307884 7884007 14 12 1 0 0 2 48 58 49 22 
1712934937 307926 7926000 11 12 0 0 0 1 39 88 
1712934937 307926 7926007 11 12 1 0 0 2 25 53 26 39 
1712934937 307926 7926014 11 12 2 0 0 1 29 92 
1712934937 307981 7981014 11 13 2 0 0 2 1 59 2 31 
1712934937 307999 7999007 14 13 1 0 0 1 10 98 
1712934937 307999 7999014 14 13 2 0 0 1 21 95 
1712934937 308015 8015000 10 17 0 0 0 1 15 96 
1712934937 308015 8015007 10 17 1 0 0 1 38 90 
1712934937 308015 8015014 10 17 2 0 0 1 13 79 
1712934937 308053 8053000 13 13 0 0 0 1 11 105 
1712934937 308053 8053007 13 13 1 0 0 2 21 2 22 114 
1712934937 308073 8073000 13 15 0 0 0 1 37 112 
1712934937 308073 8073007 13 15 1 0 0 1 23 132 
1712934937 308073 8073014 13 15 2 0 0 1 18 81 
1712934937 308137 8137000 12 13 0 0 0 1 18 103 
1712934937 308137 8137007 12 13 1 0 0 1 37 91 
1712934937 308137 8137014 12 13 2 0 0 2 44 33 45 73 
1712934937 308208 8208000 13 12 0 0 0 1 55 94 
1712934937 308397 8397000 12 15 0 0 0 1 34 83 
1712934937 308397 8397007 12 15 1 0 0 1 7 83 
1712934937 308397 8397014 12 15 2 0 0 1 39 88 
1712934937 308413 8413007 13 13 1 0 0 1 39 162 
1712934937 308413 8413014 13 13 2 0 0 2 56 28 57 119 
1712934937 308422 8422000 12 16 0 0 0 1 56 89 
1712934937 308422 8422007 12 16 1 0 0 1 51 95 
1712934937 308422 8422014 12 16 2 0 0 2 40 35 45 77 
1712934937 308491 8491000 11 13 0 0 0 2 57 35 58 49 
1712934937 308491 8491007 11 13 1 0 0 1 44 116 
1712934937 308491 8491014 11 13 2 0 0 1 27 103 
1712934937 308541 8541000 11 15 0 0 0 1 62 127 
1712934937 308541 8541007 11 15 1 0 0 1 50 105 
1712934937 308582 8582000 12 14 0 0 0 1 49 116 
1712934937 308582 8582007 12 14 1 0 0 1 2 92 
1712934937 308582 8582014 12 14 2 0 0 1 63 81 
1712934937 308583 8583000 13 15 0 0 0 1 1 96 
1712934937 308583 8583007 13 15 1 0 0 2 31 62 32 45 
1712934937 308583 8583014 13 15 2 0 0 1 2 91 
1712934937 308639 8639007 14 17 1 0 0 3 1 54 2 39 19 68 
1712934937 308639 8639014 14 17 2 0 0 1 32 100 
1712934937 308742 8742007 12 12 1 0 0 2 29 36 30 71 
1712934937 308742 8742014 12 12 2 0 0 2 28 129 29 38 
1712934937 308749 8749000 14 13 0 0 0 1 21 78 
1712934937 308749 8749007 14 13 1 0 0 1 35 96 
1712934937 308749 8749014 14 13 2 0 0 1 35 103 
1712934937 308823 8823014 13 15 2 0 0 2 49 6 50 118 
1712934937 308836 8836014 11 16 2 0 0 2 45 55 46 43 
1712934937 308838 8838000 13 12 0 0 0 1 15 123 
1712934937 308850 8850007 10 12 1 0 0 2 20 29 21 63 
1712934937 308850 8850014 10 12 2 0 0 1 20 125 
1712934937 309009 9009000 14 15 0 0 0 2 34 51 35 89 
1712934937 309009 9009007 14 15 1 0 0 1 25 125 
1712934937 309055 9055000 10 13 0 0 0 2 26 11 27 116 
1712934937 309055 9055007 10 13 1 0 0 1 32 174 
1712934937 309055 9055014 10 13 2 0 0 1 35 73 
1712934937 309086 9086000 11 14 0 0 0 2 13 116 29 68 
1712934937 309086 9086007 11 14 1 0 0 1 32 104 
1712934937 309086 9086014 11 14 2 0 0 2 45 87 46 43 
1712934937 309117 9117007 12 15 1 0 0 1 55 93 
1712934937 309117 9117014 12 15 2 0 0 1 35 123 
1712934937 309350 9350000 10 14 0 0 0 2 22 60 23 30 
1712934937 309350 9350007 10 14 1 0 0 1 18 107 
1712934937 309387 9387014 12 15 2 0 0 1 13 65 
1712934937 309420 9420014 10 12 2 0 0 1 33 100 
1712934937 309536 9536000 11 14 0 0 0 1 45 97 
1712934937 309536 9536007 11 14 1 0 0 1 37 88 
1712934937 309536 9536014 11 14 2 0 0 1 60 98 
1712934937 309537 9537014 12 15 2 0 0 2 52 57 53 125 
1712934937 309621 9621014 11 15 2 0 0 1 0 105 
1712934937 309679 9679000 14 13 0 0 0 2 23 51 24 35 
1712934937 309679 9679007 14 13 1 0 0 1 35 101 
1712934937 309679 9679014 14 13 2 0 0 1 6 87 
1712934937 309754 9754014 14 16 2 0 0 1 60 115 
1712934937 309775 9775000 10 13 0 0 0 1 47 137 
1712934937 309775 9775007 10 13 1 0 0 2 30 72 31 16 
1712934937 309775 9775014 10 13 2 0 0 1 45 100 
1712934937 309873 9873000 13 15 0 0 0 1 27 114 
1712934937 309873 9873007 13 15 1 0 0 1 45 99 
1712934937 309961 9961000 11 13 0 0 0 1 37 77 
1712934937 310013 10013000 13 17 0 0 0 3 45 163 60 135 61 6 
1712934937 310013 10013007 13 17 1 0 0 2 33 32 34 83 
1712934937 310013 10013014 13 17 2 0 0 1 61 100 
1712934937 310047 10047000 12 15 0 0 0 2 52 73 53 20 
1712934937 310047 10047007 12 15 1 0 0 1 14 134 
1712934937 310047 10047014 12 15 2 0 0 2 19 28 20 82 
1712934937 310048 10048000 13 16 0 0 0 1 51 110 
1712934937 310048 10048007 13 16 1 0 0 2 29 74 30 37 
1712934937 310114 10114007 14 16 1 0 0 2 46 63 47 51 
1712934937 310114 10114014 14 16 2 0 0 2 38 69 39 31 
1712934937 310137 10137007 12 15 1 0 0 1 4 101 
1712934937 310137 10137014 12 15 2 0 0 1 51 120 
1712934937 310271 10271000 11 17 0 0 0 2 40 88 41 30 
1712934937 310271 10271007 11 17 1 0 0 1 45 110 
1712934937 310322 10322000 12 14 0 0 0 2 17 75 18 33 
1712934937 310322 10322007 12 14 1 0 0 1 61 98 
1712934937 310324 10324014 14 16 2 0 0 2 2 48 3 124 
1712934937 310343 10343000 13 17 0 0 0 1 29 144 
1712934937 310343 10343007 13 17 1 0 0 2 21 107 22 8 
1712934937 310359 10359000 14 15 0 0 0 1 4 108 
1712934937 310472 10472000 12 14 0 0 0 2 40 19 41 137 
1712934937 310472 10472007 12 14 1 0 0 2 43 58 44 30 
1712934937 310472 10472014 12 14 2 0 0 2 30 73 31 26 
1712934937 310520 10520000 10 14 0 0 0 2 48 49 49 73 
1712934937 310528 10528000 13 16 0 0 0 1 23 18 
1712934937 310739 10739000 14 17 0 0 0 1 26 102 
1712934937 310739 10739007 14 17 1 0 0 1 61 128 
1712934937 310822 10822000 12 16 0 0 0 2 43 142 44 47 
1712934937 310822 10822007 12 16 1 0 0 1 43 100 
1712934937 310822 10822014 12 16 2 0 0 1 13 105 
1712934937 310851 10851000 11 15 0 0 0 1 15 100 
1712934937 310851 10851007 11 15 1 0 0 1 10 81 
1712934937 310851 10851014 11 15 2 0 0 1 15 150 
1712934937 310956 10956000 11 12 0 0 0 1 53 95 
1712934937 310956 10956007 11 12 1 0 0 1 47 85 
1712934937 310956 10956014 11 12 2 0 0 2 38 21 39 162 
1712934937 311081 11081000 11 17 0 0 0 1 32 70 
1712934937 311081 11081007 11 17 1 0 0 1 63 88 
1712934937 311081 11081014 11 17 2 0 0 1 24 93 
1712934937 311188 11188000 13 16 0 0 0 1 2 34 
1712934937 311300 11300000 10 14 0 0 0 2 56 106 63 89 
1712934937 311342 11342014 12 14 2 0 0 2 12 104 13 28 
1712934937 311409 11409000 14 15 0 0 0 2 32 71 33 10 
1712934937 311409 11409007 14 15 1 0 0 1 53 75 
1712934937 311409 11409014 14 15 2 0 0 1 24 93 
1712934937 311421 11421007 11 15 1 0 0 1 38 109 
1712934937 311421 11421014 11 15 2 0 0 2 33 95 34 14 
1712934937 311476 11476014 11 16 2 0 0 2 0 29 1 79 
1712934937 311562 11562000 12 12 0 0 0 2 43 134 44 18 
1712934937 311602 11602014 12 16 2 0 0 2 15 104 16 20 
1712934937 311659 11659014 14 13 2 0 0 1 46 88 
1712934937 311842 11842000 12 16 0 0 0 2 41 4 42 94 
1712934937 311878 11878000 13 16 0 0 0 1 41 104 
1712934937 311878 11878007 13 16 1 0 0 1 0 132 
1712934937 311975 11975000 10 17 0 0 0 2 7 60 8 34 
1712934937 311975 11975007 10 17 1 0 0 2 62 11 63 127 
1712934937 312235 12235000 10 13 0 0 0 1 31 92 
1712934937 312235 12235007 10 13 1 0 0 1 12 91 
1712934937 312236 12236000 11 14 0 0 0 1 17 99 
1712934937 312236 12236007 11 14 1 0 0 1 16 89 
1712934937 312236 12236014 11 14 2 0 0 1 40 118 
1712934937 312279 12279007 14 15 1 0 0 1 57 114 
1712934937 312279 12279014 14 15 2 0 0 2 28 35 29 58 
1712934937 312290 12290000 10 14 0 0 0 1 6 110 
1712934937 312290 12290007 10 14 1 0 0 2 21 121 22 21 
1712934937 312412 12412000 12 16 0 0 0 2 58 102 59 37 
1712934937 312443 12443000 13 17 0 0 0 1 27 91 
1712934937 312443 12443007 13 17 1 0 0 1 6 107 
1712934937 312955 12955000 10 13 0 0 0 2 7 35 8 59 
1712934937 312955 12955007 10 13 1 0 0 2 16 74 17 18 
1712934937 312955 12955014 10 13 2 0 0 2 30 16 31 90 
1712934937 312957 12957000 12 15 0 0 0 1 6 86 
1712934937 312957 12957007 12 15 1 0 0 1 32 82 
1712934937 312957 12957014 12 15 2 0 0 1 24 81 
1712934937 312964 12964000 14 16 0 0 0 2 51 4 52 93 
1712934937 312964 12964007 14 16 1 0 0 2 13 106 14 34 
1712934937 312970 12970014 10 16 2 0 0 1 59 122 
1712934937 313034 13034000 14 14 0 0 0 1 40 92 
1712934937 313034 13034007 14 14 1 0 0 1 45 97 
1712934937 313034 13034014 14 14 2 0 0 1 62 129 
1712934937 313201 13201007 11 13 1 0 0 1 41 83 
1712934937 313293 13293000 13 15 0 0 0 1 57 100 
1712934937 313293 13293007 13 15 1 0 0 1 63 9 
1712934937 313432 13432007 12 16 1 0 0 2 1 22 2 187 
1712934937 313432 13432014 12 16 2 0 0 1 21 103 
1712934937 313464 13464000 14 12 0 0 0 1 62 83 
1712934937 313565 13565014 10 17 2 0 0 1 42 133 
1712934937 313592 13592007 12 14 1 0 0 2 57 56 58 52 
1712934937 313726 13726014 11 16 2 0 0 1 48 169 
1712934937 313935 13935014 10 15 2 0 0 1 7 68 
1712934937 313940 13940014 10 14 2 0 0 1 54 101 
1712934937 313943 13943000 13 17 0 0 0 2 5 27 6 70 
1712934937 313943 13943007 13 17 1 0 0 1 48 106 
1712934937 313943 13943014 13 17 2 0 0 2 41 10 42 82 
1712934937 313956 13956007 11 12 1 0 0 2 15 38 16 74 
1712934937 313956 13956014 11 12 2 0 0 2 15 73 16 51 
1712934937 314185 14185000 10 13 0 0 0 2 37 56 38 28 
1712934937 314185 14185007 10 13 1 0 0 3 10 84 19 88 20 10 
1712934937 314185 14185014 10 13 2 0 0 1 44 76 
1712934937 314251 14251014 11 13 2 0 0 1 0 124 
1712934937 314361 14361007 11 15 1 0 0 1 1 100 
1712934937 314546 14546007 11 14 1 0 0 1 58 115 
1712934937 314546 14546014 11 14 2 0 0 1 51 79 
1712934937 314691 14691014 11 15 2 0 0 1 0 101 
1712934937 314704 14704000 14 16 0 0 0 2 32 88 33 23 
1712934937 314704 14704007 14 16 1 0 0 1 20 107 
1712934937 314723 14723000 13 17 0 0 0 1 29 106 
1712934937 314723 14723007 13 17 1 0 0 1 34 106 
1712934937 314723 14723014 13 17 2 0 0 2 59 23 60 80 
1712934937 314854 14854014 14 16 2 0 0 1 56 115 
1712934937 314882 14882014 12 14 2 0 0 1 0 10 
1712934937 314921 14921000 11 17 0 0 0 1 17 121 
1712934937 314921 14921007 11 17 1 0 0 1 20 78 
1712934937 314974 14974000 14 16 0 0 0 1 50 89 
1712934937 314974 14974007 14 16 1 0 0 1 24 74 
1712934937 314974 14974014 14 16 2 0 0 1 47 109 
1712934937 315014 15014000 14 14 0 0 0 2 58 72 59 14 
1712934937 315014 15014007 14 14 1 0 0 1 53 54 
1712934937 315025 15025014 10 13 2 0 0 1 53 147 
1712934937 315041 15041000 11 17 0 0 0 1 55 135 
1712934937 315093 15093000 13 15 0 0 0 2 6 76 7 53 
1712934937 315195 15195000 10 15 0 0 0 1 58 94 
1712934937 315195 15195007 10 15 1 0 0 2 54 77 55 62 
1712934937 315226 15226014 11 16 2 0 0 1 25 113 
1712934937 315403 15403007 13 13 1 0 0 2 48 69 49 75 
1712934937 315403 15403014 13 13 2 0 0 2 21 56 22 299 
1712934937 315404 15404000 14 14 0 0 0 1 13 91 
1712934937 315522 15522014 12 12 2 0 0 2 54 65 55 33 
1712934937 315546 15546000 11 12 0 0 0 2 55 108 56 1 
1712934937 315546 15546007 11 12 1 0 0 2 26 28 27 73 
1712934937 315546 15546014 11 12 2 0 0 2 14 28 15 78 
1712934937 315602 15602000 12 14 0 0 0 1 58 94 
1712934937 315602 15602007 12 14 1 0 0 2 27 1 28 87 
1712934937 315602 15602014 12 14 2 0 0 1 42 163 
1712934937 315673 15673007 13 13 1 0 0 1 57 95 
1712934937 315673 15673014 13 13 2 0 0 1 34 90 
1712934937 315678 15678007 13 12 1 0 0 2 60 49 61 40 
1712934937 315678 15678014 13 12 2 0 0 1 25 129 
1712934937 315711 15711000 11 15 0 0 0 2 1 43 2 50 
1712934937 315714 15714000 14 12 0 0 0 1 12 120 
1712934937 315714 15714007 14 12 1 0 0 1 60 127 
1712934937 315714 15714014 14 12 2 0 0 1 43 11 
1712934937 315840 15840014 10 12 2 0 0 1 0 117 
1712934937 315889 15889000 14 13 0 0 0 1 31 131 
1712934937 315889 15889007 14 13 1 0 0 2 41 46 42 60 
1712934937 315889 15889014 14 13 2 0 0 1 60 104 
1712934937 315896 15896000 11 14 0 0 0 1 59 92 
1712934937 315896 15896007 11 14 1 0 0 1 4 134 
1712934937 315962 15962000 12 14 0 0 0 4 39 5 50 2 56 20 57 80 
1712934937 315962 15962007 12 14 1 0 0 1 23 87 
1712934937 315976 15976007 11 16 1 0 0 1 43 96 
1712934937 315976 15976014 11 16 2 0 0 1 57 112 
1712934937 316057 16057014 12 13 2 0 0 1 63 90 
1712934937 316142 16142000 12 14 0 0 0 1 62 88 
1712934937 316150 16150007 10 16 1 0 0 1 10 121 
1712934937 316157 16157000 12 17 0 0 0 1 8 102 
1712934937 316157 16157007 12 17 1 0 0 1 23 107 
1712934937 316157 16157014 12 17 2 0 0 2 16 99 17 22 
1712934937 316187 16187000 12 17 0 0 0 2 40 114 41 13 
1712934937 316187 16187007 12 17 1 0 0 1 48 91 
1712934937 316229 16229007 14 17 1 0 0 1 60 85 
1712934937 316256 16256000 11 14 0 0 0 1 22 95 
1712934937 316256 16256007 11 14 1 0 0 1 55 87 
1712934937 316256 16256014 11 14 2 0 0 1 1 115 
1712934937 316324 16324014 14 16 2 0 0 1 60 109 
1712934937 316500 16500007 10 12 1 0 0 2 62 20 63 61 
1712934937 316500 16500014 10 12 2 0 0 1 25 108 
1712934937 316593 16593000 13 15 0 0 0 1 40 103 
1712934937 316593 16593007 13 15 1 0 0 1 48 139 
1712934937 316657 16657014 12 13 2 0 0 1 2 92 
1712934937 316801 16801000 11 13 0 0 0 2 15 95 29 90 
1712934937 316801 16801007 11 13 1 0 0 1 62 143 
1712934937 316979 16979007 14 17 1 0 0 2 9 92 10 24 
1712934937 316979 16979014 14 17 2 0 0 1 51 143 
1712934937 316993 16993000 13 13 0 0 0 2 49 31 50 74 
1712934937 316993 16993007 13 13 1 0 0 1 29 93 
1712934937 316993 16993014 13 13 2 0 0 1 23 163 
1712934937 316997 16997000 12 17 0 0 0 3 30 79 31 48 38 33 
1712934937 316997 16997007 12 17 1 0 0 1 11 80 
1712934937 316997 16997014 12 17 2 0 0 1 57 195 
1712934937 317070 17070000 10 12 0 0 0 1 45 95 
1712934937 317070 17070007 10 12 1 0 0 1 31 144 
1712934937 317070 17070014 10 12 2 0 0 1 47 175 
1712934937 317141 17141000 11 17 0 0 0 1 48 99 
1712934937 317141 17141007 11 17 1 0 0 1 18 86 
1712934937 317141 17141014 11 17 2 0 0 1 54 82 
1712934937 317209 17209014 14 13 2 0 0 1 6 95 
1712934937 317215 17215000 10 13 0 0 0 1 52 77 
1712934937 317255 17255000 10 17 0 0 0 2 36 89 37 3 
1712934937 317255 17255007 10 17 1 0 0 1 53 84 
1712934937 317255 17255014 10 17 2 0 0 1 51 106 
1712934937 317287 17287000 12 13 0 0 0 1 3 101 
1712934937 317287 17287007 12 13 1 0 0 2 8 28 9 62 
1712934937 317421 17421007 11 15 1 0 0 1 59 36 
1712934937 317421 17421014 11 15 2 0 0 1 8 121 
1712934937 317491 17491007 11 13 1 0 0 2 54 29 55 112 
1712934937 317491 17491014 11 13 2 0 0 2 29 56 30 66 
1712934937 317522 17522000 12 14 0 0 0 1 59 107 
1712934937 317560 17560007 10 16 1 0 0 2 45 29 46 80 
1712934937 317602 17602007 12 16 1 0 0 1 18 110 
1712934937 317602 17602014 12 16 2 0 0 2 43 5 44 115 
1712934937 317981 17981000 11 17 0 0 0 1 24 90 
1712934937 318011 18011014 11 17 2 0 0 2 3 107 4 1 
1712934937 318331 18331000 11 13 0 0 0 2 5 18 6 71 
1712934937 318331 18331007 11 13 1 0 0 1 42 81 
1712934937 318331 18331014 11 13 2 0 0 1 18 85 
1712934937 318411 18411000 11 15 0 0 0 1 41 85 
1712934937 318411 18411007 11 15 1 0 0 1 17 91 
1712934937 318411 18411014 11 15 2 0 0 1 49 85 
1712934937 318413 18413014 13 17 2 0 0 2 56 120 57 2 
1712934937 318424 18424014 14 16 2 0 0 2 41 55 42 83 
1712934937 318491 18491000 11 17 0 0 0 2 1 97 2 15 
1712934937 318491 18491007 11 17 1 0 0 2 34 111 35 2 
1712934937 318491 18491014 11 17 2 0 0 2 56 99 57 14 
1712934937 318643 18643000 13 13 0 0 0 2 51 40 52 71 
1712934937 318643 18643007 13 13 1 0 0 2 28 16 29 109 
1712934937 318643 18643014 13 13 2 0 0 2 8 71 9 55 
1712934937 318658 18658007 13 16 1 0 0 1 62 89 
1712934937 318658 18658014 13 16 2 0 0 1 7 73 
1712934937 318671 18671014 11 17 2 0 0 2 3 51 4 42 
1712934937 318697 18697007 12 13 1 0 0 1 5 117 
1712934937 318714 18714000 14 12 0 0 0 1 27 80 
1712934937 318714 18714007 14 12 1 0 0 1 25 91 
1712934937 318714 18714014 14 12 2 0 0 1 30 103 
1712934937 318761 18761000 11 17 0 0 0 1 59 87 
1712934937 319024 19024000 14 16 0 0 0 1 20 83 
1712934937 319024 19024007 14 16 1 0 0 2 30 92 31 3 
1712934937 319024 19024014 14 16 2 0 0 1 41 89 
1712934937 319042 19042007 12 16 1 0 0 1 10 104 
1712934937 319042 19042014 12 16 2 0 0 1 19 91 
1712934937 319068 19068000 13 12 0 0 0 1 5 84 
1712934937 319068 19068007 13 12 1 0 0 1 60 97 
1712934937 319084 19084007 14 16 1 0 0 3 50 15 51 228 52 92 
1712934937 319084 19084014 14 16 2 0 0 1 11 107 
1712934937 319164 19164000 14 12 0 0 0 1 43 112 
1712934937 319164 19164007 14 12 1 0 0 1 14 74 
1712934937 319164 19164014 14 12 2 0 0 1 32 106 
1712934937 319206 19206000 11 12 0 0 0 1 51 106 
1712934937 319206 19206007 11 12 1 0 0 2 41 37 42 55 
1712934937 319206 19206014 11 12 2 0 0 1 32 91 
1712934937 319279 19279000 14 13 0 0 0 1 36 131 
1712934937 319279 19279007 14 13 1 0 0 2 23 64 24 42 
1712934937 319289 19289000 14 17 0 0 0 1 46 110 
1712934937 319289 19289007 14 17 1 0 0 1 36 83 
1712934937 319289 19289014 14 17 2 0 0 1 33 105 
1712934937 319301 19301000 11 17 0 0 0 1 54 89 
1712934937 319301 19301007 11 17 1 0 0 2 40 74 41 16 
1712934937 319301 19301014 11 17 2 0 0 1 44 87 
1712934937 319304 19304014 14 14 2 0 0 2 56 20 57 68 
1712934937 319361 19361000 11 17 0 0 0 1 1 123 
1712934937 319449 19449000 14 15 0 0 0 2 0 65 1 51 
1712934937 319633 19633000 13 13 0 0 0 1 46 2 
1712934937 319633 19633007 13 13 1 0 0 1 62 129 
1712934937 319633 19633014 13 13 2 0 0 2 14 22 15 96 
1712934937 319716 19716000 11 12 0 0 0 1 14 90 
1712934937 319716 19716007 11 12 1 0 0 1 39 88 
1712934937 319716 19716014 11 12 2 0 0 1 27 103 
1712934937 319725 19725000 10 15 0 0 0 1 13 133 
1712934937 319725 19725007 10 15 1 0 0 2 32 13 33 100 
1712934937 319725 19725014 10 15 2 0 0 1 19 103 
1712934937 319744 19744000 14 16 0 0 0 1 13 122 
1712934937 319744 19744007 14 16 1 0 0 1 44 90 
1712934937 319789 19789000 14 13 0 0 0 1 47 95 
1712934937 319789 19789007 14 13 1 0 0 1 16 109 
1712934937 319789 19789014 14 13 2 0 0 2 15 20 16 83 
1712934937 319840 19840000 10 16 0 0 0 1 22 82 
1712934937 319849 19849000 14 13 0 0 0 1 41 87 
1712934937 319849 19849007 14 13 1 0 0 1 0 96 
1712934937 320162 20162000 12 14 0 0 0 1 3 83 
1712934937 320217 20217014 12 15 2 0 0 3 1 21 2 119 3 26 
1712934937 320240 20240000 10 14 0 0 0 1 7 99 
1712934937 320364 20364007 14 12 1 0 0 1 61 111 
1712934937 320378 20378007 13 14 1 0 0 2 11 101 12 44 
1712934937 320378 20378014 13 14 2 0 0 1 8 176 
1712934937 320394 20394007 14 12 1 0 0 3 32 55 55 34 56 78 
1712934937 320394 20394014 14 12 2 0 0 2 11 47 12 89 
1712934937 320495 20495014 10 17 2 0 0 1 2 108 
1712934937 320531 20531000 11 17 0 0 0 2 29 30 30 118 
1712934937 320531 20531007 11 17 1 0 0 2 34 103 35 46 
1712934937 320550 20550014 10 12 2 0 0 2 55 87 56 93 
1712934937 320551 20551000 11 13 0 0 0 1 31 112 
1712934937 320551 20551007 11 13 1 0 0 1 18 90 
1712934937 320551 20551014 11 13 2 0 0 1 15 164 
1712934937 320619 20619014 14 15 2 0 0 1 44 83 
1712934937 320681 20681014 11 17 2 0 0 2 8 57 9 144 
1712934937 320684 20684000 14 14 0 0 0 2 55 26 56 83 
1712934937 320726 20726000 11 14 0 0 0 2 40 39 41 49 
1712934937 320726 20726007 11 14 1 0 0 2 57 56 58 99 
1712934937 320798 20798000 13 14 0 0 0 1 7 103 
1712934937 320798 20798007 13 14 1 0 0 1 19 95 
1712934937 320860 20860000 10 16 0 0 0 1 14 98 
1712934937 320860 20860007 10 16 1 0 0 1 14 93 
1712934937 320860 20860014 10 16 2 0 0 1 42 149 
1712934937 320899 20899000 14 13 0 0 0 2 5 7 6 92 
1712934937 321024 21024000 14 12 0 0 0 1 31 166 
1712934937 321024 21024007 14 12 1 0 0 1 22 84 
1712934937 321024 21024014 14 12 2 0 0 1 20 90 
1712934937 321079 21079007 14 13 1 0 0 2 54 179 55 8 
1712934937 321079 21079014 14 13 2 0 0 2 50 84 51 23 
1712934937 321232 21232000 12 16 0 0 0 1 39 94 
1712934937 321232 21232007 12 16 1 0 0 1 24 109 
1712934937 321314 21314000 14 14 0 0 0 2 33 22 34 104 
1712934937 321314 21314007 14 14 1 0 0 1 16 108 
1712934937 321326 21326000 11 14 0 0 0 1 14 65 
1712934937 321328 21328014 13 16 2 0 0 2 57 46 58 54 
1712934937 321471 21471000 11 15 0 0 0 1 63 270 
1712934937 321648 21648007 13 12 1 0 0 1 27 117 
1712934937 321648 21648014 13 12 2 0 0 2 41 23 42 72 
1712934937 321736 21736000 11 16 0 0 0 1 0 89 
1712934937 321736 21736007 11 16 1 0 0 2 29 46 30 55 
1712934937 321736 21736014 11 16 2 0 0 2 7 26 8 67 
1712934937 321776 21776000 11 14 0 0 0 2 34 87 35 24 
1712934937 321776 21776007 11 14 1 0 0 2 24 78 25 34 
1712934937 321776 21776014 11 14 2 0 0 1 18 97 
1712934937 321978 21978000 13 12 0 0 0 1 18 99 
1712934937 321978 21978007 13 12 1 0 0 1 52 92 
1712934937 321978 21978014 13 12 2 0 0 1 47 129 
1712934937 321991 21991000 11 13 0 0 0 2 62 74 63 26 
1712934937 321993 21993000 13 15 0 0 0 1 16 100 
1712934937 321993 21993007 13 15 1 0 0 2 5 74 6 32 
1712934937 322126 22126014 11 16 2 0 0 2 2 81 3 40 
1712934937 322192 22192000 12 16 0 0 0 1 28 129 
1712934937 322192 22192007 12 16 1 0 0 1 45 83 
1712934937 322192 22192014 12 16 2 0 0 1 33 114 
1712934937 322352 22352000 12 14 0 0 0 1 53 103 
1712934937 322352 22352007 12 14 1 0 0 1 31 133 
1712934937 322352 22352014 12 14 2 0 0 1 41 111 
1712934937 322353 22353007 13 15 1 0 0 2 46 2 47 102 
1712934937 322353 22353014 13 15 2 0 0 1 42 110 
1712934937 322406 22406000 11 14 0 0 0 1 55 91 
1712934937 322406 22406007 11 14 1 0 0 2 32 93 33 7 
1712934937 322406 22406014 11 14 2 0 0 1 50 98 
1712934937 322616 22616000 11 14 0 0 0 2 14 67 15 52 
1712934937 322616 22616007 11 14 1 0 0 1 11 94 
1712934937 322616 22616014 11 14 2 0 0 1 48 125 
1712934937 322638 22638007 13 12 1 0 0 1 22 32 
1712934937 322638 22638014 13 12 2 0 0 1 19 85 
1712934937 322753 22753000 13 13 0 0 0 1 36 92 
1712934937 322753 22753007 13 13 1 0 0 1 29 97 
1712934937 322753 22753014 13 13 2 0 0 1 22 142 
1712934937 322800 22800000 10 12 0 0 0 2 24 92 25 2 
1712934937 322800 22800007 10 12 1 0 0 2 26 34 27 61 
1712934937 322800 22800014 10 12 2 0 0 2 58 82 59 8 
1712934937 322903 22903007 13 13 1 0 0 1 44 97 
1712934937 322903 22903014 13 13 2 0 0 1 32 97 
1712934937 322955 22955014 10 17 2 0 0 1 14 11 
1712934937 322957 22957000 12 13 0 0 0 1 59 103 
1712934937 322965 22965000 10 15 0 0 0 2 33 167 37 22 
1712934937 322965 22965007 10 15 1 0 0 1 28 140 
1712934937 323080 23080014 10 16 2 0 0 1 43 88 
1712934937 323115 23115000 10 15 0 0 0 1 25 105 
1712934937 323115 23115007 10 15 1 0 0 2 27 19 28 75 
1712934937 323115 23115014 10 15 2 0 0 1 37 77 
1712934937 323131 23131000 11 13 0 0 0 1 43 96 
1712934937 323131 23131007 11 13 1 0 0 1 46 106 
1712934937 323131 23131014 11 13 2 0 0 2 54 111 55 35 
1712934937 323203 23203007 13 13 1 0 0 1 1 88 
1712934937 323203 23203014 13 13 2 0 0 1 24 79 
1712934937 323261 23261000 11 17 0 0 0 2 30 48 31 70 
1712934937 323261 23261007 11 17 1 0 0 1 43 170 
1712934937 323271 23271000 11 15 0 0 0 2 26 98 27 51 
1712934937 323271 23271007 11 15 1 0 0 1 16 111 
1712934937 323282 23282007 12 14 1 0 0 1 51 104 
1712934937 323282 23282014 12 14 2 0 0 2 26 49 27 110 
1712934937 323304 23304014 14 12 2 0 0 1 5 78 
1712934937 323315 23315000 10 17 0 0 0 2 34 90 35 110 
1712934937 323315 23315007 10 17 1 0 0 2 24 29 25 70 
1712934937 323358 23358000 13 12 0 0 0 1 43 82 
1712934937 323358 23358007 13 12 1 0 0 1 61 83 
1712934937 323536 23536000 11 16 0 0 0 2 1 123 2 23 
1712934937 323698 23698000 13 16 0 0 0 1 34 86 
1712934937 323698 23698007 13 16 1 0 0 1 43 84 
1712934937 323698 23698014 13 16 2 0 0 1 38 101 
1712934937 323707 23707007 12 13 1 0 0 1 59 94 
1712934937 323707 23707014 12 13 2 0 0 1 46 78 
1712934937 323761 23761000 11 13 0 0 0 1 28 80 
1712934937 323761 23761007 11 13 1 0 0 1 46 77 
1712934937 323761 23761014 11 13 2 0 0 1 33 115 
1712934937 323940 23940014 10 12 2 0 0 2 55 84 56 67 
1712934937 324047 24047014 12 17 2 0 0 1 63 81 
1712934937 324116 24116000 11 14 0 0 0 2 43 140 44 110 
1712934937 324116 24116007 11 14 1 0 0 1 25 101 
1712934937 324151 24151014 11 13 2 0 0 2 19 20 63 21 
1712934937 324205 24205014 10 13 2 0 0 2 9 131 10 30 
1712934937 324250 24250007 10 16 1 0 0 1 0 124 
1712934937 324250 24250014 10 16 2 0 0 2 28 169 29 4 
1712934937 324260 24260000 10 14 0 0 0 1 57 95 
1712934937 324260 24260007 10 14 1 0 0 1 30 80 
1712934937 324260 24260014 10 14 2 0 0 1 54 88 
1712934937 324281 24281000 11 17 0 0 0 1 60 135 
1712934937 324405 24405007 10 15 1 0 0 2 1 51 2 55 
1712934937 324561 24561000 11 15 0 0 0 1 6 115 
1712934937 324561 24561007 11 15 1 0 0 1 13 96 
1712934937 324561 24561014 11 15 2 0 0 1 0 101 
1712934937 324643 24643000 13 13 0 0 0 1 30 86 
1712934937 324643 24643007 13 13 1 0 0 1 59 86 
1712934937 324643 24643014 13 13 2 0 0 1 36 80 
1712934937 324684 24684000 14 12 0 0 0 1 59 82 
1712934937 324850 24850000 10 16 0 0 0 1 63 51 
1712934937 324890 24890000 10 14 0 0 0 1 9 105 
1712934937 324957 24957007 12 15 1 0 0 1 19 82 
1712934937 324957 24957014 12 15 2 0 0 1 9 99 
1712934937 325017 25017014 12 15 2 0 0 1 49 118 
1712934937 325197 25197000 12 15 0 0 0 2 39 110 40 6 
1712934937 325197 25197007 12 15 1 0 0 1 44 123 
1712934937 325220 25220000 10 14 0 0 0 1 47 80 
1712934937 325220 25220007 10 14 1 0 0 2 8 102 13 85 
1712934937 325220 25220014 10 14 2 0 0 1 43 84 
1712934937 325251 25251014 11 15 2 0 0 1 13 84 
1712934937 325282 25282000 12 16 0 0 0 1 12 90 
1712934937 325282 25282007 12 16 1 0 0 2 36 45 37 42 
1712934937 325282 25282014 12 16 2 0 0 1 0 12 
1712934937 325307 25307007 12 17 1 0 0 2 21 7 22 87 
1712934937 325307 25307014 12 17 2 0 0 1 9 97 
1712934937 325352 25352000 12 14 0 0 0 1 4 128 
1712934937 325352 25352007 12 14 1 0 0 1 52 87 
1712934937 325352 25352014 12 14 2 0 0 2 22 37 23 82 
1712934937 325443 25443007 13 15 1 0 0 2 32 22 33 98 
1712934937 325443 25443014 13 15 2 0 0 2 34 57 35 68 
1712934937 325458 25458000 13 12 0 0 0 2 5 94 10 34 
1712934937 325458 25458007 13 12 1 0 0 2 40 34 41 65 
1712934937 325458 25458014 13 12 2 0 0 1 12 93 
1712934937 325469 25469000 14 17 0 0 0 1 63 92 
1712934937 325535 25535014 10 17 2 0 0 2 56 47 57 77 
1712934937 325796 25796000 11 14 0 0 0 2 16 114 17 107 
1712934937 325818 25818014 13 12 2 0 0 1 8 92 
1712934937 325840 25840000 10 16 0 0 0 2 23 110 24 1 
1712934937 325840 25840007 10 16 1 0 0 2 11 18 12 86 
1712934937 325846 25846014 11 16 2 0 0 1 9 98 
1712934937 325871 25871014 11 17 2 0 0 1 40 99 
1712934937 325902 25902000 12 12 0 0 0 1 49 82 
1712934937 325902 25902007 12 12 1 0 0 1 23 88 
1712934937 325902 25902014 12 12 2 0 0 1 54 79 
1712934937 326128 26128014 13 16 2 0 0 1 28 93 
1712934937 326163 26163000 13 15 0 0 0 1 0 11 
1712934937 326163 26163014 13 15 2 0 0 1 19 102 
1712934937 326486 26486007 11 14 1 0 0 1 4 105 
1712934937 326486 26486014 11 14 2 0 0 1 49 79 
1712934937 326529 26529000 14 15 0 0 0 1 13 108 
1712934937 326561 26561000 11 17 0 0 0 1 32 87 
1712934937 326561 26561007 11 17 1 0 0 2 16 49 17 43 
1712934937 326561 26561014 11 17 2 0 0 2 9 94 41 1 
1712934937 326599 26599014 14 13 2 0 0 1 4 84 
1712934937 326686 26686000 11 16 0 0 0 1 38 117 
1712934937 326693 26693007 13 17 1 0 0 1 63 91 
1712934937 326693 26693014 13 17 2 0 0 1 17 80 
1712934937 326788 26788000 13 16 0 0 0 1 46 98 
1712934937 326788 26788007 13 16 1 0 0 1 28 108 
1712934937 326788 26788014 13 16 2 0 0 1 5 121 
1712934937 326854 26854014 14 16 2 0 0 2 58 115 59 8 
1712934937 327163 27163014 13 13 2 0 0 2 7 12 8 84 
1712934937 327249 27249007 14 15 1 0 0 2 22 20 23 98 
1712934937 327249 27249014 14 15 2 0 0 2 7 30 8 86 
1712934937 327257 27257000 12 17 0 0 0 1 10 142 
1712934937 327455 27455007 10 17 1 0 0 1 3 76 
1712934937 327455 27455014 10 17 2 0 0 1 14 101 
1712934937 327526 27526000 11 16 0 0 0 1 12 123 
1712934937 327526 27526007 11 16 1 0 0 2 17 93 18 187 
1712934937 327540 27540014 10 12 2 0 0 2 16 118 17 5 
1712934937 327544 27544007 14 16 1 0 0 2 0 68 1 5 
1712934937 327544 27544014 14 16 2 0 0 1 17 82 
1712934937 327709 27709000 14 13 0 0 0 1 50 88 
1712934937 327709 27709007 14 13 1 0 0 1 29 83 
1712934937 327709 27709014 14 13 2 0 0 1 40 90 
1712934937 327787 27787000 12 13 0 0 0 1 53 96 
1712934937 327787 27787007 12 13 1 0 0 2 51 31 52 63 
1712934937 327952 27952000 12 16 0 0 0 1 13 109 
1712934937 327952 27952007 12 16 1 0 0 1 5 113 
1712934937 327952 27952014 12 16 2 0 0 1 42 152 
1712934937 328006 28006007 11 16 1 0 0 2 53 143 54 32 
1712934937 328006 28006014 11 16 2 0 0 2 20 20 21 79 
1712934937 328062 28062000 12 12 0 0 0 1 52 100 
1712934937 328062 28062007 12 12 1 0 0 1 41 88 
1712934937 328221 28221000 11 15 0 0 0 1 34 145 
1712934937 328221 28221007 11 15 1 0 0 1 39 113 
1712934937 328273 28273014 13 13 2 0 0 2 41 75 42 38 
1712934937 328287 28287014 12 15 2 0 0 2 52 33 53 98 
1712934937 328320 28320000 10 12 0 0 0 1 31 100 
1712934937 328320 28320007 10 12 1 0 0 2 7 56 8 49 
1712934937 328401 28401000 11 15 0 0 0 1 45 120 
1712934937 328401 28401007 11 15 1 0 0 2 2 84 3 2 
1712934937 328421 28421007 11 17 1 0 0 2 39 147 40 20 
1712934937 328421 28421014 11 17 2 0 0 2 9 43 10 195 
1712934937 328464 28464000 14 12 0 0 0 1 6 81 
1712934937 328488 28488000 13 12 0 0 0 2 25 64 26 78 
1712934937 328488 28488007 13 12 1 0 0 1 54 136 
1712934937 328560 28560000 10 12 0 0 0 2 32 114 33 10 
1712934937 328560 28560007 10 12 1 0 0 2 1 82 2 20 
1712934937 328615 28615000 10 13 0 0 0 1 63 81 
1712934937 328688 28688007 13 14 1 0 0 2 11 59 12 57 
1712934937 328688 28688014 13 14 2 0 0 1 15 117 
1712934937 328778 28778014 13 14 2 0 0 1 46 128 
1712934937 328949 28949007 14 17 1 0 0 2 9 61 10 53 
1712934937 328949 28949014 14 17 2 0 0 1 27 93 
1712934937 329040 29040000 10 12 0 0 0 1 38 87 
1712934937 329040 29040007 10 12 1 0 0 1 10 120 
1712934937 329040 29040014 10 12 2 0 0 1 37 79 
1712934937 329180 29180007 10 14 1 0 0 1 0 113 
1712934937 329247 29247000 12 15 0 0 0 3 38 108 53 82 54 11 
1712934937 329247 29247007 12 15 1 0 0 2 27 42 28 66 
1712934937 329247 29247014 12 15 2 0 0 2 10 33 11 69 
1712934937 329251 29251000 11 13 0 0 0 1 6 90 
1712934937 329251 29251007 11 13 1 0 0 1 14 78 
1712934937 329251 29251014 11 13 2 0 0 1 12 84 
1712934937 329293 29293014 13 13 2 0 0 1 1 94 
1712934937 329319 29319014 14 15 2 0 0 1 3 120 
1712934937 329343 29343000 13 15 0 0 0 1 6 84 
1712934937 329343 29343007 13 15 1 0 0 1 27 111 
1712934937 329343 29343014 13 15 2 0 0 1 14 92 
1712934937 329474 29474000 14 14 0 0 0 2 56 69 57 16 
1712934937 329474 29474007 14 14 1 0 0 1 45 141 
1712934937 329474 29474014 14 14 2 0 0 1 35 102 
1712934937 329479 29479000 14 13 0 0 0 2 44 7 45 73 
1712934937 329479 29479007 14 13 1 0 0 1 12 79 
1712934937 329479 29479014 14 13 2 0 0 1 37 80 
1712934937 329579 29579000 14 17 0 0 0 1 51 84 
1712934937 329579 29579007 14 17 1 0 0 1 54 81 
1712934937 329613 29613000 13 15 0 0 0 2 26 16 27 58 
1712934937 329613 29613007 13 15 1 0 0 1 41 95 
1712934937 329613 29613014 13 15 2 0 0 1 41 92 
1712934937 329643 29643000 13 15 0 0 0 2 6 24 7 105 
1712934937 329789 29789000 14 17 0 0 0 1 13 98 
1712934937 329837 29837014 12 17 2 0 0 2 42 71 43 42 
1712934937 329931 29931000 11 15 0 0 0 2 12 94 13 119 
1712934937 330287 30287014 12 17 2 0 0 1 58 86 
1712934937 330376 30376007 11 16 1 0 0 1 21 125 
1712934937 330376 30376014 11 16 2 0 0 2 51 110 52 10 
1712934937 330408 30408000 13 12 0 0 0 1 52 87 
1712934937 330408 30408007 13 12 1 0 0 1 47 102 
1712934937 330408 30408014 13 12 2 0 0 1 45 79 
1712934937 330560 30560014 10 14 2 0 0 2 53 6 54 86 
1712934937 330799 30799007 14 13 1 0 0 2 13 17 14 142 
1712934937 330799 30799014 14 13 2 0 0 1 7 92 
1712934937 330818 30818007 13 14 1 0 0 1 30 96 
1712934937 330818 30818014 13 14 2 0 0 1 11 90 
1712934937 330885 30885014 10 15 2 0 0 1 24 101 
1712934937 331083 31083000 13 15 0 0 0 1 20 114 
1712934937 331083 31083007 13 15 1 0 0 1 20 95 
1712934937 331083 31083014 13 15 2 0 0 1 38 96 
1712934937 331164 31164000 14 12 0 0 0 1 53 206 
1712934937 331164 31164007 14 12 1 0 0 1 29 86 
1712934937 331164 31164014 14 12 2 0 0 1 52 117 
1712934937 331191 31191014 11 15 2 0 0 1 54 93 
1712934937 331230 31230014 10 12 2 0 0 1 21 28 
1712934937 331281 31281014 11 15 2 0 0 1 52 141 
1712934937 331292 31292000 12 14 0 0 0 1 61 208 
1712934937 331292 31292007 12 14 1 0 0 1 27 83 
1712934937 331292 31292014 12 14 2 0 0 1 62 114 
1712934937 331342 31342000 12 16 0 0 0 1 2 90 
1712934937 331343 31343000 13 17 0 0 0 2 43 58 44 51 
1712934937 331343 31343007 13 17 1 0 0 2 17 174 18 11 
1712934937 331385 31385007 10 17 1 0 0 2 10 134 11 53 
1712934937 331385 31385014 10 17 2 0 0 2 49 34 50 156 
1712934937 331455 31455000 10 15 0 0 0 2 37 104 38 36 
1712934937 331455 31455007 10 15 1 0 0 1 51 124 
1712934937 331546 31546000 11 16 0 0 0 1 55 1 
1712934937 331602 31602007 12 12 1 0 0 1 50 131 
1712934937 331602 31602014 12 12 2 0 0 2 19 13 20 88 
1712934937 331617 31617007 12 15 1 0 0 2 33 99 34 24 
1712934937 331617 31617014 12 15 2 0 0 1 24 112 
1712934937 331690 31690000 10 16 0 0 0 2 26 38 27 80 
1712934937 331690 31690007 10 16 1 0 0 1 21 88 
1712934937 331690 31690014 10 16 2 0 0 1 48 108 
1712934937 331710 31710000 10 12 0 0 0 1 38 115 
1712934937 331710 31710007 10 12 1 0 0 2 16 7 17 96 
1712934937 331710 31710014 10 12 2 0 0 2 24 67 25 20 
1712934937 331732 31732014 12 16 2 0 0 2 17 19 18 108 
1712934937 331891 31891014 11 13 2 0 0 1 3 94 
1712934937 331931 31931014 11 17 2 0 0 1 47 113 
1712934937 331932 31932014 12 12 2 0 0 1 63 116 
1712934937 332045 32045014 10 17 2 0 0 2 16 67 17 108 
1712934937 332111 32111014 11 17 2 0 0 2 48 94 60 12 
1712934937 332132 32132000 12 14 0 0 0 2 29 52 30 49 
1712934937 332132 32132007 12 14 1 0 0 2 8 1 27 110 
1712934937 332132 32132014 12 14 2 0 0 1 63 103 
1712934937 332195 32195000 10 17 0 0 0 1 25 95 
1712934937 332195 32195007 10 17 1 0 0 3 19 43 20 74 22 82 
1712934937 332195 32195014 10 17 2 0 0 1 38 99 
1712934937 332234 32234014 14 14 2 0 0 1 26 97 
1712934937 332235 32235000 10 15 0 0 0 1 22 88 
1712934937 332235 32235007 10 15 1 0 0 1 49 89 
1712934937 332252 32252000 12 14 0 0 0 2 54 26 55 65 
1712934937 332268 32268014 13 12 2 0 0 1 22 87 
1712934937 332335 32335000 10 13 0 0 0 1 40 81 
1712934937 332335 32335007 10 13 1 0 0 1 48 90 
1712934937 332335 32335014 10 13 2 0 0 1 47 102 
1712934937 332466 32466000 11 12 0 0 0 2 44 72 51 83 
1712934937 332466 32466007 11 12 1 0 0 1 50 138 
1712934937 332466 32466014 11 12 2 0 0 1 39 85 
1712934937 332469 32469007 14 15 1 0 0 1 25 108 
1712934937 332469 32469014 14 15 2 0 0 3 26 55 27 52 30 24 
1712934937 332533 32533000 13 13 0 0 0 1 20 92 
1712934937 332533 32533007 13 13 1 0 0 2 17 9 18 82 
1712934937 332533 32533014 13 13 2 0 0 1 16 111 
1712934937 332577 32577000 12 15 0 0 0 1 27 93 
1712934937 332577 32577007 12 15 1 0 0 1 5 159 
1712934937 332577 32577014 12 15 2 0 0 1 16 83 
1712934937 332759 32759014 14 17 2 0 0 1 62 105 
1712934937 332816 32816000 11 14 0 0 0 1 39 100 
1712934937 332816 32816007 11 14 1 0 0 2 62 27 63 82 
1712934937 333006 33006000 11 12 0 0 0 2 55 114 56 24 
1712934937 333006 33006007 11 12 1 0 0 1 7 113 
1712934937 333006 33006014 11 12 2 0 0 2 14 98 15 6 
1712934937 333220 33220014 10 16 2 0 0 2 59 88 60 70 
1712934937 333259 33259000 14 13 0 0 0 2 33 155 34 83 
1712934937 333259 33259007 14 13 1 0 0 1 28 107 
1712934937 333279 33279014 14 15 2 0 0 2 46 48 47 43 
1712934937 333299 33299007 14 17 1 0 0 1 0 100 
1712934937 333299 33299014 14 17 2 0 0 1 15 129 
1712934937 333307 33307000 12 13 0 0 0 2 31 163 32 2 
1712934937 333333 33333000 13 15 0 0 0 1 0 57 
1712934937 333333 33333007 13 15 1 0 0 1 27 109 
1712934937 333333 33333014 13 15 2 0 0 1 38 108 
1712934937 333526 33526000 11 16 0 0 0 2 6 97 7 2 
1712934937 333540 33540007 10 12 1 0 0 2 0 33 1 55 
1712934937 333540 33540014 10 12 2 0 0 1 39 136 
1712934937 333547 33547000 12 13 0 0 0 1 58 108 
1712934937 333547 33547007 12 13 1 0 0 1 32 92 
1712934937 333547 33547014 12 13 2 0 0 1 59 99 
1712934937 333645 33645014 10 15 2 0 0 1 0 89 
1712934937 333692 33692014 12 14 2 0 0 2 35 97 36 20 
1712934937 333743 33743014 13 17 2 0 0 2 1 25 2 57 
1712934937 333753 33753000 13 15 0 0 0 1 43 113 
1712934937 333753 33753007 13 15 1 0 0 1 12 117 
1712934937 333789 33789000 14 15 0 0 0 1 1 113 
1712934937 333789 33789007 14 15 1 0 0 1 57 128 
1712934937 333830 33830000 10 14 0 0 0 1 44 112 
1712934937 333830 33830007 10 14 1 0 0 2 6 6 7 107 
1712934937 333876 33876014 11 12 2 0 0 1 0 79 
1712934937 333999 33999000 14 15 0 0 0 1 12 118 
1712934937 333999 33999007 14 15 1 0 0 1 51 96 
1712934937 333999 33999014 14 15 2 0 0 2 39 32 40 63 
1712934937 334030 34030000 10 16 0 0 0 1 39 98 
1712934937 334030 34030007 10 16 1 0 0 1 49 109 
1712934937 334030 34030014 10 16 2 0 0 1 34 85 
1712934937 334116 34116000 11 12 0 0 0 1 7 91 
1712934937 334116 34116007 11 12 1 0 0 1 53 89 
1712934937 334116 34116014 11 12 2 0 0 2 7 95 8 42 
1712934937 334224 34224000 14 12 0 0 0 2 0 52 1 60 
1712934937 334224 34224007 14 12 1 0 0 1 13 111 
1712934937 334224 34224014 14 12 2 0 0 2 26 126 27 110 
1712934937 334228 34228000 13 16 0 0 0 1 34 107 
1712934937 334318 34318000 13 16 0 0 0 1 53 82 
1712934937 334318 34318007 13 16 1 0 0 1 22 84 
1712934937 334318 34318014 13 16 2 0 0 1 53 74 
1712934937 334333 34333007 13 13 1 0 0 1 21 103 
1712934937 334333 34333014 13 13 2 0 0 1 42 109 
1712934937 334344 34344000 14 12 0 0 0 2 6 64 7 61 
1712934937 334344 34344007 14 12 1 0 0 1 10 113 
1712934937 334344 34344014 14 12 2 0 0 2 59 37 60 70 
1712934937 334351 34351014 11 13 2 0 0 2 51 12 52 64 
1712934937 334415 34415000 10 17 0 0 0 1 31 82 
1712934937 334415 34415007 10 17 1 0 0 1 54 87 
1712934937 334415 34415014 10 17 2 0 0 1 24 123 
1712934937 334434 34434000 14 12 0 0 0 1 49 85 
1712934937 334440 34440000 10 12 0 0 0 1 7 95 
1712934937 334440 34440007 10 12 1 0 0 1 25 101 
1712934937 334440 34440014 10 12 2 0 0 1 9 108 
1712934937 334558 34558007 13 16 1 0 0 1 36 137 
1712934937 334558 34558014 13 16 2 0 0 1 57 119 
1712934937 334617 34617007 12 15 1 0 0 2 21 41 22 100 
1712934937 334617 34617014 12 15 2 0 0 2 31 23 32 114 
1712934937 334624 34624007 14 16 1 0 0 1 0 122 
1712934937 334644 34644000 14 12 0 0 0 1 11 99 
1712934937 334644 34644007 14 12 1 0 0 1 43 107 
1712934937 334644 34644014 14 12 2 0 0 1 26 91 
1712934937 334728 34728014 13 12 2 0 0 2 50 79 51 17 
1712934937 334811 34811014 11 17 2 0 0 2 10 180 11 14 
1712934937 334858 34858000 13 16 0 0 0 1 29 85 
1712934937 334858 34858007 13 16 1 0 0 2 8 45 9 33 
1712934937 334858 34858014 13 16 2 0 0 1 32 88 
1712934937 334895 34895000 10 17 0 0 0 1 7 86 
1712934937 334895 34895007 10 17 1 0 0 1 14 94 
1712934937 334936 34936000 11 16 0 0 0 2 23 48 24 38 
1712934937 334936 34936007 11 16 1 0 0 1 37 127 
1712934937 334936 34936014 11 16 2 0 0 2 36 84 37 7 
1712934937 334972 34972007 12 16 1 0 0 2 9 34 10 57 
1712934937 334972 34972014 12 16 2 0 0 2 19 12 20 81 
1712934937 335207 35207000 12 17 0 0 0 1 33 101 
1712934937 335207 35207007 12 17 1 0 0 2 48 89 61 135 
1712934937 335207 35207014 12 17 2 0 0 2 52 123 53 68 
1712934937 335355 35355000 10 15 0 0 0 2 54 20 55 84 
1712934937 335355 35355007 10 15 1 0 0 3 21 73 22 11 26 89 
1712934937 335355 35355014 10 15 2 0 0 1 40 97 
1712934937 335532 35532007 12 12 1 0 0 2 59 33 60 78 
1712934937 335532 35532014 12 12 2 0 0 1 57 91 
1712934937 335637 35637007 12 15 1 0 0 2 54 113 55 4 
1712934937 335943 35943007 13 15 1 0 0 1 57 96 
1712934937 335943 35943014 13 15 2 0 0 2 19 44 20 52 
1712934937 335956 35956000 11 16 0 0 0 2 32 106 33 4 
1712934937 335956 35956007 11 16 1 0 0 1 50 118 
1712934937 335956 35956014 11 16 2 0 0 1 63 95 
1712934937 336040 36040000 10 16 0 0 0 2 18 4 19 90 
1712934937 336040 36040007 10 16 1 0 0 2 46 3 47 94 
1712934937 336071 36071000 11 17 0 0 0 1 17 81 
1712934937 336071 36071007 11 17 1 0 0 1 58 95 
1712934937 336071 36071014 11 17 2 0 0 1 32 85 
1712934937 336110 36110007 10 14 1 0 0 2 58 4 59 86 
1712934937 336110 36110014 10 14 2 0 0 2 8 97 9 14 
1712934937 336167 36167007 12 17 1 0 0 1 0 126 
1712934937 336167 36167014 12 17 2 0 0 1 62 92 
1712934937 336216 36216007 11 12 1 0 0 1 47 37 
1712934937 336414 36414014 14 12 2 0 0 1 48 126 
1712934937 336415 36415014 10 13 2 0 0 1 57 54 
1712934937 336465 36465000 10 15 0 0 0 1 44 98 
1712934937 336465 36465007 10 15 1 0 0 1 29 77 
1712934937 336465 36465014 10 15 2 0 0 1 50 94 
1712934937 336539 36539000 14 17 0 0 0 2 20 27 21 172 
1712934937 336539 36539007 14 17 1 0 0 2 45 15 46 81 
1712934937 336539 36539014 14 17 2 0 0 2 46 68 47 121 
1712934937 336761 36761014 11 17 2 0 0 2 44 1 45 106 
1712934937 336805 36805014 10 13 2 0 0 1 52 97 
1712934937 336806 36806000 11 14 0 0 0 2 10 18 11 76 
1712934937 336839 36839000 14 17 0 0 0 2 57 25 58 94 
1712934937 336988 36988014 13 16 2 0 0 2 28 9 29 71 
1712934937 337030 37030000 10 16 0 0 0 1 13 101 
1712934937 337114 37114007 14 16 1 0 0 2 34 76 35 26 
1712934937 337114 37114014 14 16 2 0 0 2 37 74 38 46 
1712934937 337177 37177014 12 13 2 0 0 2 57 16 58 80 
1712934937 337208 37208000 13 14 0 0 0 1 36 86 
1712934937 337208 37208007 13 14 1 0 0 2 32 55 33 32 
1712934937 337208 37208014 13 14 2 0 0 2 46 65 47 29 
1712934937 337273 37273000 13 13 0 0 0 2 13 8 14 104 
1712934937 337388 37388000 13 14 0 0 0 1 43 91 
1712934937 337388 37388007 13 14 1 0 0 1 61 114 
1712934937 337633 37633000 13 13 0 0 0 1 49 124 
1712934937 337633 37633007 13 13 1 0 0 1 36 109 
1712934937 337633 37633014 13 13 2 0 0 1 20 102 
1712934937 337665 37665000 10 15 0 0 0 2 36 47 37 50 
1712934937 337665 37665007 10 15 1 0 0 1 27 101 
1712934937 337704 37704007 14 12 1 0 0 2 22 95 23 51 
1712934937 337704 37704014 14 12 2 0 0 1 20 108 
1712934937 337729 37729014 14 13 2 0 0 2 16 272 17 35 
1712934937 337942 37942000 12 16 0 0 0 2 6 14 7 100 
1712934937 337942 37942007 12 16 1 0 0 1 22 109 
1712934937 337942 37942014 12 16 2 0 0 2 59 93 60 17 
1712934937 338016 38016000 11 12 0 0 0 1 57 105 
1712934937 338016 38016007 11 12 1 0 0 1 46 155 
1712934937 338024 38024014 14 14 2 0 0 1 12 18 
1712934937 338095 38095000 10 13 0 0 0 1 2 95 
1712934937 338103 38103000 13 15 0 0 0 1 19 117 
1712934937 338103 38103007 13 15 1 0 0 1 12 104 
1712934937 338103 38103014 13 15 2 0 0 1 52 158 
1712934937 338141 38141000 11 17 0 0 0 1 58 118 
1712934937 338176 38176007 11 16 1 0 0 1 47 108 
1712934937 338176 38176014 11 16 2 0 0 2 17 65 18 49 
1712934937 338245 38245000 10 13 0 0 0 1 33 88 
1712934937 338245 38245007 10 13 1 0 0 1 32 116 
1712934937 338245 38245014 10 13 2 0 0 2 46 16 47 69 
1712934937 338518 38518007 13 16 1 0 0 1 0 96 
1712934937 338518 38518014 13 16 2 0 0 1 20 93 
1712934937 338585 38585000 10 17 0 0 0 3 50 135 51 32 52 84 
1712934937 338585 38585007 10 17 1 0 0 2 19 125 20 47 
1712934937 338585 38585014 10 17 2 0 0 1 38 121 
1712934937 338651 38651014 11 17 2 0 0 2 4 78 5 32 
1712934937 338679 38679007 14 15 1 0 0 2 10 30 11 7 
1712934937 338679 38679014 14 15 2 0 0 1 51 104 
1712934937 338738 38738014 13 14 2 0 0 1 41 165 
1712934937 338830 38830000 10 16 0 0 0 1 12 109 
1712934937 338884 38884000 14 16 0 0 0 2 15 25 16 81 
1712934937 338884 38884007 14 16 1 0 0 2 34 99 35 40 
1712934937 338982 38982000 12 12 0 0 0 2 42 103 43 3 
1712934937 338982 38982007 12 12 1 0 0 1 15 99 
1712934937 339067 39067014 12 13 2 0 0 2 22 60 23 68 
1712934937 339091 39091000 11 13 0 0 0 1 57 79 
1712934937 339091 39091007 11 13 1 0 0 1 36 75 
1712934937 339091 39091014 11 13 2 0 0 1 57 74 
1712934937 339297 39297000 12 15 0 0 0 2 5 12 6 83 
1712934937 339297 39297007 12 15 1 0 0 2 28 33 29 64 
1712934937 339297 39297014 12 15 2 0 0 1 15 96 
1712934937 339539 39539000 14 17 0 0 0 1 26 81 
1712934937 339539 39539007 14 17 1 0 0 1 39 92 
1712934937 339539 39539014 14 17 2 0 0 1 3 89 
1712934937 339650 39650000 10 14 0 0 0 1 30 76 
1712934937 339650 39650007 10 14 1 0 0 1 52 101 
1712934937 339650 39650014 10 14 2 0 0 1 32 100 
1712934937 339698 39698000 13 14 0 0 0 2 59 143 60 158 
1712934937 339698 39698007 13 14 1 0 0 2 61 89 62 18 
1712934937 339715 39715007 10 13 1 0 0 1 9 80 
1712934937 339715 39715014 10 13 2 0 0 1 23 101 
1712934937 339830 39830000 10 14 0 0 0 2 43 41 44 50 
1712934937 339921 39921007 11 15 1 0 0 1 38 107 
1712934937 339921 39921014 11 15 2 0 0 1 27 122 
1712934937 339983 39983014 13 17 2 0 0 1 0 9 
1712934937 340151 40151000 11 17 0 0 0 2 23 41 24 77 
1712934937 340151 40151007 11 17 1 0 0 1 28 118 
1712934937 340154 40154014 14 14 2 0 0 1 63 36 
1712934937 340197 40197000 12 15 0 0 0 2 44 93 45 7 
1712934937 340207 40207000 12 13 0 0 0 1 45 93 
1712934937 340207 40207007 12 13 1 0 0 1 52 76 
1712934937 340207 40207014 12 13 2 0 0 1 53 77 
1712934937 340269 40269000 14 15 0 0 0 1 19 106 
1712934937 340269 40269007 14 15 1 0 0 1 40 110 
1712934937 340462 40462000 12 16 0 0 0 1 19 97 
1712934937 340462 40462007 12 16 1 0 0 1 52 91 
1712934937 340462 40462014 12 16 2 0 0 1 2 82 
1712934937 340526 40526007 11 14 1 0 0 1 4 117 
1712934937 340675 40675014 10 13 2 0 0 1 17 101 
1712934937 340699 40699007 14 13 1 0 0 1 5 90 
1712934937 340774 40774000 14 16 0 0 0 1 49 92 
1712934937 340774 40774007 14 16 1 0 0 2 38 2 39 81 
1712934937 340774 40774014 14 16 2 0 0 1 47 121 
1712934937 340837 40837007 12 13 1 0 0 1 56 95 
1712934937 340837 40837014 12 13 2 0 0 1 1 104 
1712934937 340867 40867000 12 13 0 0 0 2 17 29 18 51 
1712934937 340867 40867007 12 13 1 0 0 1 59 105 
1712934937 340867 40867014 12 13 2 0 0 2 35 16 36 77 
1712934937 340868 40868007 13 14 1 0 0 2 53 42 54 54 
1712934937 340868 40868014 13 14 2 0 0 1 44 110 
1712934937 340870 40870000 10 16 0 0 0 1 55 43 
1712934937 340870 40870007 10 16 1 0 0 1 52 110 
1712934937 340870 40870014 10 16 2 0 0 2 20 63 21 60 
1712934937 340953 40953000 13 15 0 0 0 1 54 123 
1712934937 340953 40953007 13 15 1 0 0 2 62 43 63 85 
1712934937 340960 40960000 10 16 0 0 0 1 22 159 
1712934937 340960 40960007 10 16 1 0 0 1 4 78 
1712934937 340960 40960014 10 16 2 0 0 2 30 16 31 68 
1712934937 341074 41074000 14 16 0 0 0 2 59 20 60 85 
1712934937 341074 41074007 14 16 1 0 0 2 24 36 25 152 
1712934937 341074 41074014 14 16 2 0 0 2 17 7 18 135 
1712934937 341145 41145014 10 15 2 0 0 1 27 111 
1712934937 341193 41193014 13 15 2 0 0 1 25 89 
1712934937 341212 41212000 12 16 0 0 0 2 11 49 12 37 
1712934937 341226 41226007 11 12 1 0 0 2 14 95 15 33 
1712934937 341226 41226014 11 12 2 0 0 1 53 119 
1712934937 341301 41301000 11 15 0 0 0 1 19 140 
1712934937 341301 41301007 11 15 1 0 0 1 14 137 
1712934937 341310 41310000 10 12 0 0 0 1 60 109 
1712934937 341338 41338000 13 16 0 0 0 1 36 79 
1712934937 341338 41338007 13 16 1 0 0 1 21 89 
1712934937 341338 41338014 13 16 2 0 0 1 39 92 
1712934937 341432 41432014 12 14 2 0 0 2 45 18 46 97 
1712934937 341519 41519000 14 17 0 0 0 3 49 5 57 78 58 31 
1712934937 341597 41597000 12 17 0 0 0 2 19 32 28 119 
1712934937 341597 41597007 12 17 1 0 0 1 41 93 
1712934937 341597 41597014 12 17 2 0 0 1 40 91 
1712934937 341729 41729000 14 17 0 0 0 1 0 11 
1712934937 341729 41729007 14 17 1 0 0 1 0 92 
1712934937 341767 41767000 12 13 0 0 0 2 51 123 52 71 
1712934937 341767 41767007 12 13 1 0 0 1 56 116 
1712934937 341767 41767014 12 13 2 0 0 1 52 83 
1712934937 341877 41877014 12 15 2 0 0 1 28 124 
1712934937 341982 41982000 12 12 0 0 0 1 35 104 
1712934937 341982 41982007 12 12 1 0 0 2 23 70 24 40 
1712934937 341983 41983000 13 13 0 0 0 2 10 61 11 35 
1712934937 341983 41983007 13 13 1 0 0 1 27 144 
1712934937 341983 41983014 13 13 2 0 0 1 43 95 
1712934937 342179 42179000 14 17 0 0 0 1 7 77 
1712934937 342179 42179007 14 17 1 0 0 1 51 85 
1712934937 342179 42179014 14 17 2 0 0 1 3 116 
1712934937 342334 42334007 14 16 1 0 0 1 63 22 
1712934937 342432 42432000 12 12 0 0 0 1 43 72 
1712934937 342432 42432007 12 12 1 0 0 1 61 89 
1712934937 342432 42432014 12 12 2 0 0 1 44 75 
1712934937 342437 42437000 12 17 0 0 0 1 12 99 
1712934937 342537 42537000 12 15 0 0 0 2 0 95 1 12 
1712934937 342537 42537007 12 15 1 0 0 1 33 238 
1712934937 342537 42537014 12 15 2 0 0 2 48 63 49 43 
1712934937 342787 42787014 12 13 2 0 0 2 3 22 4 94 
1712934937 342820 42820007 10 16 1 0 0 3 35 49 49 43 50 43 
1712934937 342820 42820014 10 16 2 0 0 1 11 109 
1712934937 342870 42870014 10 12 2 0 0 2 45 78 46 28 
1712934937 342929 42929007 14 17 1 0 0 3 28 116 29 12 56 127 
1712934937 342929 42929014 14 17 2 0 0 2 13 30 14 73 
1712934937 343065 43065000 10 15 0 0 0 1 51 104 
1712934937 343073 43073000 13 17 0 0 0 2 20 26 21 71 
1712934937 343073 43073007 13 17 1 0 0 2 22 22 23 73 
1712934937 343073 43073014 13 17 2 0 0 1 1 106 
1712934937 343108 43108014 13 16 2 0 0 1 16 87 
1712934937 343135 43135007 10 13 1 0 0 1 31 151 
1712934937 343135 43135014 10 13 2 0 0 2 29 145 30 37 
1712934937 343175 43175007 10 17 1 0 0 2 17 32 18 113 
1712934937 343175 43175014 10 17 2 0 0 1 5 97 
1712934937 343233 43233000 13 15 0 0 0 1 12 97 
1712934937 343500 43500014 10 12 2 0 0 1 29 107 
1712934937 343523 43523000 13 17 0 0 0 1 58 81 
1712934937 343523 43523007 13 17 1 0 0 1 55 100 
1712934937 343523 43523014 13 17 2 0 0 1 58 94 
1712934937 343569 43569007 14 15 1 0 0 2 32 77 33 53 
1712934937 343569 43569014 14 15 2 0 0 2 28 17 29 115 
1712934937 343590 43590000 10 12 0 0 0 1 46 104 
1712934937 343590 43590007 10 12 1 0 0 1 26 80 
1712934937 343590 43590014 10 12 2 0 0 1 46 89 
1712934937 343636 43636014 11 16 2 0 0 1 30 89 
1712934937 343642 43642000 12 16 0 0 0 2 50 46 51 38 
1712934937 343642 43642007 12 16 1 0 0 2 10 44 11 93 
1712934937 343642 43642014 12 16 2 0 0 1 59 88 
1712934937 343647 43647000 12 15 0 0 0 1 46 94 
1712934937 343647 43647007 12 15 1 0 0 1 55 84 
1712934937 343702 43702014 12 16 2 0 0 1 48 143 
1712934937 343706 43706007 11 14 1 0 0 2 55 61 56 57 
1712934937 343706 43706014 11 14 2 0 0 2 46 112 47 8 
1712934937 343760 43760007 10 14 1 0 0 2 22 131 23 18 
1712934937 343760 43760014 10 14 2 0 0 2 35 109 36 3 
1712934937 343813 43813000 13 13 0 0 0 1 17 103 
1712934937 343866 43866000 11 12 0 0 0 1 33 89 
1712934937 343866 43866007 11 12 1 0 0 2 58 68 59 28 
1712934937 343866 43866014 11 12 2 0 0 1 46 97 
1712934937 343889 43889007 14 17 1 0 0 1 0 23 
1712934937 343922 43922000 12 14 0 0 0 1 38 118 
1712934937 343922 43922007 12 14 1 0 0 2 30 86 31 34 
1712934937 343950 43950014 10 12 2 0 0 1 61 166 
1712934937 343997 43997000 12 17 0 0 0 2 19 48 20 32 
1712934937 343997 43997007 12 17 1 0 0 1 12 90 
1712934937 343997 43997014 12 17 2 0 0 1 35 92 
1712934937 344018 44018014 13 14 2 0 0 1 7 155 
1712934937 344230 44230014 10 16 2 0 0 1 17 87 
1712934937 344376 44376000 11 12 0 0 0 2 51 16 52 68 
1712934937 344376 44376007 11 12 1 0 0 2 37 45 38 37 
1712934937 344376 44376014 11 12 2 0 0 1 42 81 
1712934937 344379 44379000 14 15 0 0 0 2 54 16 55 82 
1712934937 344379 44379007 14 15 1 0 0 1 35 106 
1712934937 344379 44379014 14 15 2 0 0 2 13 7 14 89 
1712934937 344443 44443014 13 13 2 0 0 2 26 57 27 59 
1712934937 344654 44654014 14 14 2 0 0 2 7 109 8 31 
1712934937 344772 44772014 12 12 2 0 0 1 9 116 
1712934937 344780 44780000 10 14 0 0 0 1 46 101 
1712934937 344780 44780007 10 14 1 0 0 1 33 127 
1712934937 345006 45006014 11 12 2 0 0 2 52 16 53 107 
1712934937 345022 45022007 12 16 1 0 0 1 56 156 
1712934937 345022 45022014 12 16 2 0 0 1 33 183 
1712934937 345083 45083000 13 17 0 0 0 1 14 81 
1712934937 345083 45083007 13 17 1 0 0 1 49 101 
1712934937 345083 45083014 13 17 2 0 0 1 17 103 
1712934937 345130 45130000 10 16 0 0 0 2 32 106 33 5 
1712934937 345222 45222014 12 12 2 0 0 2 49 3 50 160 
1712934937 345259 45259000 14 13 0 0 0 2 39 4 40 72 
1712934937 345259 45259007 14 13 1 0 0 1 13 91 
1712934937 345259 45259014 14 13 2 0 0 1 26 87 
1712934937 345267 45267007 12 15 1 0 0 1 52 157 
1712934937 345294 45294000 14 12 0 0 0 1 54 86 
1712934937 345302 45302000 12 14 0 0 0 1 39 91 
1712934937 345302 45302007 12 14 1 0 0 1 39 86 
1712934937 345302 45302014 12 14 2 0 0 1 27 88 
1712934937 345364 45364000 14 16 0 0 0 4 44 23 45 121 51 100 52 57 
1712934937 345364 45364007 14 16 1 0 0 1 6 97 
1712934937 345370 45370000 10 16 0 0 0 1 27 102 
1712934937 345370 45370007 10 16 1 0 0 2 37 105 38 29 
1712934937 345370 45370014 10 16 2 0 0 1 23 124 
1712934937 345415 45415007 10 13 1 0 0 2 55 6 56 107 
1712934937 345415 45415014 10 13 2 0 0 1 3 117 
1712934937 345428 45428014 13 14 2 0 0 1 8 46 
1712934937 345487 45487007 12 13 1 0 0 1 63 40 
1712934937 345487 45487014 12 13 2 0 0 1 0 115 
1712934937 345612 45612000 12 12 0 0 0 2 18 66 19 49 
1712934937 345612 45612007 12 12 1 0 0 1 13 10 
1712934937 345719 45719007 14 17 1 0 0 1 61 97 
1712934937 345719 45719014 14 17 2 0 0 1 50 97 
1712934937 345720 45720000 10 12 0 0 0 2 32 65 33 34 
1712934937 345720 45720007 10 12 1 0 0 1 44 98 
1712934937 346002 46002014 12 12 2 0 0 2 38 68 39 50 
1712934937 346217 46217000 12 17 0 0 0 2 8 94 9 11 
1712934937 346309 46309000 14 13 0 0 0 1 60 88 
1712934937 346309 46309007 14 13 1 0 0 2 44 20 45 141 
1712934937 346309 46309014 14 13 2 0 0 1 59 86 
1712934937 346433 46433014 13 17 2 0 0 1 14 84 
1712934937 346484 46484007 14 14 1 0 0 2 35 78 36 12 
1712934937 346484 46484014 14 14 2 0 0 2 19 10 20 112 
1712934937 346502 46502007 12 14 1 0 0 1 1 92 
1712934937 346502 46502014 12 14 2 0 0 2 43 151 44 19 
1712934937 346518 46518000 13 12 0 0 0 1 14 101 
1712934937 346518 46518007 13 12 1 0 0 1 35 97 
1712934937 346518 46518014 13 12 2 0 0 1 10 83 
1712934937 346613 46613000 13 17 0 0 0 1 50 165 
1712934937 346707 46707007 12 15 1 0 0 1 60 97 
1712934937 346707 46707014 12 15 2 0 0 1 31 169 
1712934937 346739 46739000 14 17 0 0 0 1 41 67 
1712934937 346739 46739007 14 17 1 0 0 1 41 84 
1712934937 346739 46739014 14 17 2 0 0 1 45 84 
1712934937 346786 46786000 11 16 0 0 0 1 32 86 
1712934937 346786 46786007 11 16 1 0 0 2 13 1 14 81 
1712934937 346786 46786014 11 16 2 0 0 1 17 127 
1712934937 346802 46802007 12 14 1 0 0 1 9 140 
1712934937 346802 46802014 12 14 2 0 0 2 24 56 25 289 
1712934937 346804 46804007 14 16 1 0 0 1 59 94 
1712934937 346804 46804014 14 16 2 0 0 1 41 101 
1712934937 347040 47040000 10 12 0 0 0 1 53 90 
1712934937 347040 47040007 10 12 1 0 0 1 53 80 
1712934937 347040 47040014 10 12 2 0 0 1 42 92 
1712934937 347053 47053000 13 13 0 0 0 2 1 64 2 43 
1712934937 347053 47053007 13 13 1 0 0 1 35 92 
1712934937 347053 47053014 13 13 2 0 0 1 0 127 
1712934937 347094 47094000 14 12 0 0 0 1 41 127 
1712934937 347094 47094007 14 12 1 0 0 1 53 111 
1712934937 347175 47175000 10 15 0 0 0 1 38 85 
1712934937 347175 47175007 10 15 1 0 0 1 8 137 
1712934937 347175 47175014 10 15 2 0 0 1 19 95 
1712934937 347284 47284000 14 16 0 0 0 1 49 93 
1712934937 347284 47284007 14 16 1 0 0 2 41 22 42 79 
1712934937 347284 47284014 14 16 2 0 0 1 58 102 
1712934937 347430 47430014 10 12 2 0 0 2 19 108 20 40 
1712934937 347478 47478007 13 12 1 0 0 2 20 42 21 88 
1712934937 347478 47478014 13 12 2 0 0 2 26 112 27 59 
1712934937 347586 47586000 11 12 0 0 0 2 37 152 38 13 
1712934937 347586 47586007 11 12 1 0 0 1 42 94 
1712934937 347586 47586014 11 12 2 0 0 2 16 48 17 101 
1712934937 347608 47608000 13 16 0 0 0 1 6 79 
1712934937 347608 47608007 13 16 1 0 0 2 58 16 59 65 
1712934937 347627 47627014 12 17 2 0 0 2 34 85 35 31 
1712934937 347671 47671007 11 13 1 0 0 1 28 84 
1712934937 347671 47671014 11 13 2 0 0 1 43 99 
1712934937 347708 47708000 13 14 0 0 0 2 37 70 38 27 
1712934937 347781 47781000 11 15 0 0 0 1 49 92 
1712934937 347781 47781007 11 15 1 0 0 1 27 97 
1712934937 347781 47781014 11 15 2 0 0 1 52 93 
1712934937 347808 47808014 13 12 2 0 0 1 30 108 
1712934937 347824 47824000 14 16 0 0 0 3 4 88 8 85 9 4 
1712934937 347827 47827000 12 13 0 0 0 1 23 137 
1712934937 347827 47827007 12 13 1 0 0 1 52 105 
1712934937 347913 47913000 13 15 0 0 0 1 56 86 
1712934937 347913 47913007 13 15 1 0 0 1 36 78 
1712934937 347913 47913014 13 15 2 0 0 1 51 86 
1712934937 348053 48053014 13 17 2 0 0 1 53 101 
1712934937 348092 48092000 12 14 0 0 0 1 15 110 
1712934937 348138 48138014 13 12 2 0 0 2 57 160 58 11 
1712934937 348148 48148014 13 16 2 0 0 1 14 119 
1712934937 348176 48176000 11 14 0 0 0 1 51 104 
1712934937 348176 48176007 11 14 1 0 0 2 14 66 15 102 
1712934937 348176 48176014 11 14 2 0 0 1 8 107 
1712934937 348307 48307007 12 13 1 0 0 1 11 77 
1712934937 348307 48307014 12 13 2 0 0 1 21 90 
1712934937 348380 48380007 10 14 1 0 0 1 59 84 
1712934937 348380 48380014 10 14 2 0 0 1 56 94 
1712934937 348389 48389000 14 17 0 0 0 1 58 131 
1712934937 348389 48389007 14 17 1 0 0 1 57 87 
1712934937 348389 48389014 14 17 2 0 0 1 49 95 
1712934937 348407 48407014 12 17 2 0 0 2 44 59 45 64 
1712934937 348470 48470000 10 14 0 0 0 2 22 62 23 44 
1712934937 348470 48470007 10 14 1 0 0 1 55 112 
1712934937 348591 48591014 11 15 2 0 0 1 5 116 
1712934937 348629 48629000 14 17 0 0 0 1 16 106 
1712934937 348629 48629007 14 17 1 0 0 2 53 28 54 85 
1712934937 348713 48713014 13 17 2 0 0 1 58 76 
1712934937 348877 48877007 12 13 1 0 0 1 16 106 
1712934937 348877 48877014 12 13 2 0 0 2 19 83 20 21 
1712934937 348956 48956000 11 14 0 0 0 1 58 115 
1712934937 348956 48956007 11 14 1 0 0 2 24 13 25 86 
1712934937 348974 48974007 14 14 1 0 0 1 55 112 
1712934937 348974 48974014 14 14 2 0 0 1 20 89 
1712934937 349034 49034007 14 14 1 0 0 2 56 81 57 31 
1712934937 349034 49034014 14 14 2 0 0 2 32 57 33 43 
1712934937 349117 49117000 12 13 0 0 0 1 54 91 
1712934937 349117 49117007 12 13 1 0 0 1 43 80 
1712934937 349128 49128000 13 12 0 0 0 1 32 125 
1712934937 349128 49128007 13 12 1 0 0 2 22 20 23 88 
1712934937 349240 49240000 10 16 0 0 0 1 14 101 
1712934937 349240 49240007 10 16 1 0 0 1 46 124 
1712934937 349240 49240014 10 16 2 0 0 1 8 114 
1712934937 349327 49327000 12 13 0 0 0 2 35 52 36 33 
1712934937 349327 49327007 12 13 1 0 0 1 22 90 
1712934937 349327 49327014 12 13 2 0 0 1 62 110 
1712934937 349328 49328000 13 14 0 0 0 1 34 99 
1712934937 349379 49379000 14 17 0 0 0 1 43 131 
1712934937 349379 49379007 14 17 1 0 0 1 13 94 
1712934937 349379 49379014 14 17 2 0 0 1 52 90 
1712934937 349415 49415014 10 17 2 0 0 2 32 86 33 25 
1712934937 349533 49533014 13 15 2 0 0 1 17 97 
1712934937 349562 49562014 12 14 2 0 0 2 6 63 7 83 
1712934937 349635 49635014 10 15 2 0 0 1 55 111 
1712934937 349800 49800000 10 12 0 0 0 1 8 79 
1712934937 349800 49800007 10 12 1 0 0 1 23 119 
1712934937 349800 49800014 10 12 2 0 0 1 18 77 
1712934937 349883 49883000 13 17 0 0 0 2 41 94 42 29 
1712934937 349964 49964000 14 14 0 0 0 2 10 98 11 3 
1712934937 349964 49964007 14 14 1 0 0 2 35 26 36 89 
1712934937 349964 49964014 14 14 2 0 0 2 30 18 31 73 
1712934937 350035 50035000 10 13 0 0 0 1 59 88 
1712934937 350035 50035007 10 13 1 0 0 2 17 8 18 92 
1712934937 350168 50168014 13 14 2 0 0 2 49 52 50 47 
1712934937 350240 50240000 10 14 0 0 0 1 2 102 
1712934937 350240 50240007 10 14 1 0 0 1 35 74 
1712934937 350245 50245000 10 13 0 0 0 1 59 121 
1712934937 350277 50277000 12 15 0 0 0 1 16 89 
1712934937 350277 50277007 12 15 1 0 0 1 46 85 
1712934937 350277 50277014 12 15 2 0 0 2 39 35 40 60 
1712934937 350417 50417000 12 17 0 0 0 1 44 87 
1712934937 350417 50417007 12 17 1 0 0 1 44 96 
1712934937 350417 50417014 12 17 2 0 0 2 11 9 12 107 
1712934937 350425 50425007 10 13 1 0 0 1 0 79 
1712934937 350425 50425014 10 13 2 0 0 1 3 85 
1712934937 350541 50541014 11 15 2 0 0 1 2 92 
1712934937 350552 50552014 12 14 2 0 0 2 18 42 19 73 
1712934937 350673 50673000 13 15 0 0 0 1 36 176 
1712934937 350673 50673007 13 15 1 0 0 1 56 87 
1712934937 350673 50673014 13 15 2 0 0 1 30 84 
1712934937 350676 50676000 11 12 0 0 0 1 17 191 
1712934937 350676 50676007 11 12 1 0 0 1 24 85 
1712934937 350676 50676014 11 12 2 0 0 1 30 95 
1712934937 350756 50756000 11 14 0 0 0 1 5 87 
1712934937 350756 50756007 11 14 1 0 0 1 42 92 
1712934937 350756 50756014 11 14 2 0 0 1 16 82 
1712934937 350924 50924000 14 14 0 0 0 2 22 65 32 92 
1712934937 350924 50924007 14 14 1 0 0 1 23 100 
1712934937 350924 50924014 14 14 2 0 0 1 3 99 
1712934937 351019 51019000 14 13 0 0 0 1 32 93 
1712934937 351121 51121014 11 13 2 0 0 2 36 25 37 85 
1712934937 351123 51123007 13 15 1 0 0 2 18 30 19 91 
1712934937 351123 51123014 13 15 2 0 0 2 24 118 25 77 
1712934937 351438 51438000 13 12 0 0 0 1 34 72 
1712934937 351438 51438007 13 12 1 0 0 1 50 80 
1712934937 351438 51438014 13 12 2 0 0 1 29 91 
1712934937 351516 51516000 11 12 0 0 0 2 57 73 58 3 
1712934937 351516 51516007 11 12 1 0 0 1 35 67 
1712934937 351550 51550000 10 16 0 0 0 1 22 82 
1712934937 351550 51550007 10 16 1 0 0 2 35 15 36 64 
1712934937 351550 51550014 10 16 2 0 0 1 20 101 
1712934937 351581 51581007 11 17 1 0 0 1 0 94 
1712934937 351581 51581014 11 17 2 0 0 1 30 86 
1712934937 351673 51673000 13 13 0 0 0 2 0 99 1 15 
1712934937 351673 51673007 13 13 1 0 0 3 50 88 51 39 53 3 
1712934937 351673 51673014 13 13 2 0 0 2 47 52 48 72 
1712934937 351735 51735000 10 15 0 0 0 1 52 83 
1712934937 351735 51735007 10 15 1 0 0 1 36 90 
1712934937 351735 51735014 10 15 2 0 0 1 31 80 
1712934937 351824 51824000 14 14 0 0 0 1 9 85 
1712934937 351824 51824007 14 14 1 0 0 1 24 88 
1712934937 351824 51824014 14 14 2 0 0 2 18 51 19 42 
1712934937 351914 51914000 14 14 0 0 0 2 26 38 27 85 
1712934937 351914 51914007 14 14 1 0 0 1 5 100 
1712934937 351916 51916000 11 16 0 0 0 2 15 50 16 62 
1712934937 351916 51916007 11 16 1 0 0 1 36 109 
1712934937 351916 51916014 11 16 2 0 0 2 61 72 62 28 
1712934937 351969 51969007 14 15 1 0 0 2 25 113 26 15 
1712934937 351969 51969014 14 15 2 0 0 1 42 129 
1712934937 351996 51996007 11 12 1 0 0 1 12 97 
1712934937 351996 51996014 11 12 2 0 0 1 14 98 
1712934937 352057 52057000 12 13 0 0 0 1 56 89 
1712934937 352057 52057007 12 13 1 0 0 1 25 112 
1712934937 352180 52180014 10 16 2 0 0 3 45 30 59 65 60 41 
1712934937 352198 52198000 13 16 0 0 0 2 9 26 10 61 
1712934937 352393 52393000 13 13 0 0 0 1 37 78 
1712934937 352426 52426000 11 16 0 0 0 2 47 3 48 126 
1712934937 352431 52431014 11 15 2 0 0 2 41 8 42 97 
1712934937 352515 52515000 10 15 0 0 0 2 20 89 21 3 
1712934937 352515 52515007 10 15 1 0 0 2 58 78 59 36 
1712934937 352963 52963000 13 13 0 0 0 1 36 120 
1712934937 352963 52963007 13 13 1 0 0 1 19 110 
1712934937 352963 52963014 13 13 2 0 0 1 52 97 
1712934937 352988 52988000 13 14 0 0 0 1 62 92 
1712934937 352988 52988007 13 14 1 0 0 1 14 85 
1712934937 352988 52988014 13 14 2 0 0 1 53 76 
1712934937 353021 53021000 11 17 0 0 0 2 24 149 25 28 
1712934937 353021 53021007 11 17 1 0 0 1 37 215 
1712934937 353078 53078000 13 14 0 0 0 2 17 10 18 102 
1712934937 353083 53083007 13 13 1 0 0 1 13 8 
1712934937 353100 53100000 10 12 0 0 0 2 1 83 2 6 
1712934937 353130 53130000 10 12 0 0 0 2 42 20 43 161 
1712934937 353130 53130007 10 12 1 0 0 2 7 9 8 84 
1712934937 353131 53131000 11 13 0 0 0 1 60 117 
1712934937 353268 53268000 13 12 0 0 0 1 62 85 
1712934937 353268 53268007 13 12 1 0 0 1 49 106 
1712934937 353268 53268014 13 12 2 0 0 1 50 80 
1712934937 353269 53269007 14 13 1 0 0 1 62 115 
1712934937 353269 53269014 14 13 2 0 0 1 5 144 
1712934937 353353 53353007 13 13 1 0 0 2 42 82 43 41 
1712934937 353473 53473000 13 13 0 0 0 1 19 113 
1712934937 353473 53473007 13 13 1 0 0 1 12 95 
1712934937 353473 53473014 13 13 2 0 0 2 0 74 1 26 
1712934937 353494 53494007 14 16 1 0 0 2 54 71 55 29 
1712934937 353494 53494014 14 16 2 0 0 1 14 166 
1712934937 353557 53557000 12 13 0 0 0 1 21 84 
1712934937 353557 53557007 12 13 1 0 0 1 17 128 
1712934937 353557 53557014 12 13 2 0 0 1 18 86 
1712934937 353597 53597007 12 17 1 0 0 2 49 94 50 11 
1712934937 353597 53597014 12 17 2 0 0 1 21 99 
1712934937 353652 53652007 12 12 1 0 0 1 37 139 
1712934937 353652 53652014 12 12 2 0 0 2 13 123 31 146 
1712934937 353959 53959007 14 13 1 0 0 2 38 49 39 104 
1712934937 354117 54117000 12 15 0 0 0 2 12 49 13 37 
1712934937 354117 54117007 12 15 1 0 0 1 11 105 
1712934937 354195 54195000 10 15 0 0 0 2 33 61 34 57 
1712934937 354195 54195007 10 15 1 0 0 1 4 97 
1712934937 354293 54293014 13 17 2 0 0 2 54 8 55 86 
1712934937 354302 54302014 12 14 2 0 0 1 4 9 
1712934937 354469 54469000 14 13 0 0 0 3 15 35 16 115 19 65 
1712934937 354469 54469007 14 13 1 0 0 3 21 195 22 36 39 128 
1712934937 354560 54560000 10 14 0 0 0 2 11 101 12 96 
1712934937 354560 54560007 10 14 1 0 0 1 31 88 
1712934937 354560 54560014 10 14 2 0 0 1 17 77 
1712934937 354575 54575014 10 17 2 0 0 2 50 10 51 179 
1712934937 354654 54654007 14 12 1 0 0 2 59 27 60 76 
1712934937 354654 54654014 14 12 2 0 0 1 14 151 
1712934937 354889 54889007 14 13 1 0 0 1 35 103 
1712934937 354889 54889014 14 13 2 0 0 2 29 19 30 96 
1712934937 355022 55022000 12 14 0 0 0 2 37 93 38 39 
1712934937 355022 55022007 12 14 1 0 0 1 35 149 
1712934937 355022 55022014 12 14 2 0 0 2 30 48 31 43 
1712934937 355139 55139007 14 17 1 0 0 1 58 104 
1712934937 355139 55139014 14 17 2 0 0 2 14 15 15 103 
1712934937 355157 55157000 12 17 0 0 0 1 24 145 
1712934937 355157 55157007 12 17 1 0 0 2 50 88 51 45 
1712934937 355403 55403007 13 17 1 0 0 3 8 99 9 27 24 104 
1712934937 355403 55403014 13 17 2 0 0 1 6 113 
1712934937 355412 55412000 12 14 0 0 0 1 55 97 
1712934937 355431 55431014 11 15 2 0 0 1 37 92 
1712934937 355508 55508000 13 14 0 0 0 2 43 30 44 74 
1712934937 355593 55593000 13 15 0 0 0 1 14 123 
1712934937 355593 55593007 13 15 1 0 0 2 9 172 10 24 
1712934937 355837 55837000 12 13 0 0 0 4 1 70 2 70 17 77 18 17 
1712934937 355837 55837007 12 13 1 0 0 2 42 11 43 90 
1712934937 355837 55837014 12 13 2 0 0 1 34 98 
1712934937 355920 55920000 10 12 0 0 0 3 10 27 11 127 21 22 
1712934937 355920 55920007 10 12 1 0 0 2 62 3 63 139 
1712934937 355940 55940000 10 14 0 0 0 1 11 102 
1712934937 355940 55940007 10 14 1 0 0 2 14 77 15 23 
1712934937 355940 55940014 10 14 2 0 0 1 47 104 
1712934937 356013 56013007 13 15 1 0 0 1 40 96 
1712934937 356013 56013014 13 15 2 0 0 1 41 86 
1712934937 356021 56021014 11 17 2 0 0 1 7 93 
1712934937 356152 56152000 12 16 0 0 0 1 30 147 
1712934937 356152 56152007 12 16 1 0 0 1 0 107 
1712934937 356152 56152014 12 16 2 0 0 2 11 17 12 165 
1712934937 356200 56200000 10 16 0 0 0 1 48 94 
1712934937 356200 56200007 10 16 1 0 0 3 0 46 8 33 9 62 
1712934937 356200 56200014 10 16 2 0 0 1 26 114 
1712934937 356207 56207014 12 17 2 0 0 2 61 106 62 32 
1712934937 356249 56249000 14 17 0 0 0 1 9 88 
1712934937 356354 56354000 14 14 0 0 0 1 35 84 
1712934937 356354 56354007 14 14 1 0 0 1 51 76 
1712934937 356354 56354014 14 14 2 0 0 1 37 85 
1712934937 356430 56430000 10 12 0 0 0 1 16 108 
1712934937 356430 56430007 10 12 1 0 0 1 47 92 
1712934937 356430 56430014 10 12 2 0 0 1 17 127 
1712934937 356518 56518000 13 16 0 0 0 1 35 84 
1712934937 356518 56518007 13 16 1 0 0 1 37 96 
1712934937 356518 56518014 13 16 2 0 0 1 23 76 
1712934937 356535 56535014 10 15 2 0 0 1 5 79 
1712934937 356567 56567000 12 17 0 0 0 2 52 11 53 181 
1712934937 356667 56667000 12 15 0 0 0 1 40 91 
1712934937 356667 56667007 12 15 1 0 0 1 58 96 
1712934937 356667 56667014 12 15 2 0 0 1 0 43 
1712934937 356718 56718007 13 12 1 0 0 1 37 101 
1712934937 356718 56718014 13 12 2 0 0 1 8 77 
1712934937 356795 56795000 10 17 0 0 0 2 3 35 4 91 
1712934937 356815 56815014 10 13 2 0 0 1 63 88 
1712934937 356832 56832007 12 12 1 0 0 2 59 74 60 74 
1712934937 356832 56832014 12 12 2 0 0 2 28 16 29 115 
1712934937 357037 57037007 12 13 1 0 0 2 11 74 12 18 
1712934937 357037 57037014 12 13 2 0 0 1 9 98 
1712934937 357084 57084007 14 12 1 0 0 1 60 53 
1712934937 357191 57191014 11 17 2 0 0 1 0 29 
1712934937 357284 57284000 14 14 0 0 0 1 2 84 
1712934937 357284 57284007 14 14 1 0 0 1 56 83 
1712934937 357311 57311007 11 17 1 0 0 1 61 122 
1712934937 357311 57311014 11 17 2 0 0 1 4 91 
1712934937 357334 57334000 14 16 0 0 0 2 40 27 41 55 
1712934937 357334 57334007 14 16 1 0 0 2 17 28 18 107 
1712934937 357334 57334014 14 16 2 0 0 1 30 166 
1712934937 357443 57443007 13 17 1 0 0 1 61 8 
1712934937 357476 57476014 11 14 2 0 0 1 5 110 
1712934937 357522 57522000 12 12 0 0 0 3 32 1 37 113 46 97 
1712934937 357522 57522007 12 12 1 0 0 2 18 108 19 13 
1712934937 357522 57522014 12 12 2 0 0 1 46 89 
1712934937 357542 57542000 12 14 0 0 0 1 35 89 
1712934937 357542 57542007 12 14 1 0 0 1 48 94 
1712934937 357542 57542014 12 14 2 0 0 1 36 76 
1712934937 357556 57556000 11 16 0 0 0 2 30 27 31 113 
1712934937 357556 57556007 11 16 1 0 0 2 27 39 28 76 
1712934937 357556 57556014 11 16 2 0 0 1 63 112 
1712934937 357634 57634000 14 16 0 0 0 1 41 95 
1712934937 357634 57634007 14 16 1 0 0 3 24 88 34 53 35 3 
1712934937 357634 57634014 14 16 2 0 0 2 20 90 21 31 
1712934937 357654 57654000 14 12 0 0 0 1 8 86 
1712934937 357654 57654007 14 12 1 0 0 1 5 91 
1712934937 357657 57657000 12 15 0 0 0 1 22 88 
1712934937 357657 57657007 12 15 1 0 0 1 14 100 
1712934937 357657 57657014 12 15 2 0 0 1 16 96 
1712934937 357672 57672000 12 12 0 0 0 3 30 135 31 22 60 85 
1712934937 357672 57672007 12 12 1 0 0 1 42 153 
1712934937 357759 57759000 14 15 0 0 0 1 54 125 
1712934937 357759 57759007 14 15 1 0 0 1 3 150 
1712934937 357789 57789000 14 15 0 0 0 2 17 64 18 57 
1712934937 357789 57789007 14 15 1 0 0 1 39 116 
1712934937 357789 57789014 14 15 2 0 0 1 8 185 
1712934937 357834 57834000 14 12 0 0 0 2 55 81 56 22 
1712934937 357834 57834007 14 12 1 0 0 1 36 89 
1712934937 357834 57834014 14 12 2 0 0 2 26 71 27 21 
1712934937 357880 57880000 10 16 0 0 0 2 16 110 17 48 
1712934937 357880 57880007 10 16 1 0 0 2 47 8 48 98 
1712934937 357930 57930014 10 12 2 0 0 1 62 85 
1712934937 357931 57931000 11 13 0 0 0 1 52 107 
1712934937 357982 57982014 12 16 2 0 0 1 57 89 
1712934937 357994 57994000 14 16 0 0 0 1 40 82 
1712934937 357994 57994007 14 16 1 0 0 2 16 1 24 110 
1712934937 357994 57994014 14 16 2 0 0 1 41 77 
1712934937 358022 58022000 12 14 0 0 0 1 3 89 
1712934937 358057 58057000 12 13 0 0 0 2 11 62 12 31 
1712934937 358057 58057007 12 13 1 0 0 1 33 108 
1712934937 358057 58057014 12 13 2 0 0 2 52 92 53 29 
1712934937 358247 58247000 12 17 0 0 0 1 26 110 
1712934937 358247 58247007 12 17 1 0 0 1 47 103 
1712934937 358248 58248000 13 12 0 0 0 1 40 84 
1712934937 358248 58248007 13 12 1 0 0 1 16 76 
1712934937 358248 58248014 13 12 2 0 0 1 34 88 
1712934937 358300 58300014 10 16 2 0 0 1 59 10 
1712934937 358457 58457000 12 17 0 0 0 1 49 143 
1712934937 358457 58457007 12 17 1 0 0 1 42 94 
1712934937 358775 58775014 10 17 2 0 0 2 6 79 7 31 
1712934937 358786 58786007 11 16 1 0 0 1 57 86 
1712934937 358786 58786014 11 16 2 0 0 1 42 135 
1712934937 358880 58880014 10 14 2 0 0 1 31 89 
1712934937 358899 58899007 14 15 1 0 0 1 29 33 
1712934937 359015 59015000 10 17 0 0 0 1 62 96 
1712934937 359015 59015007 10 17 1 0 0 1 50 72 
1712934937 359015 59015014 10 17 2 0 0 1 63 79 
1712934937 359120 59120000 10 14 0 0 0 1 28 143 
1712934937 359155 59155014 10 13 2 0 0 1 34 89 
1712934937 359170 59170000 10 16 0 0 0 1 14 120 
1712934937 359218 59218007 13 16 1 0 0 2 33 23 34 126 
1712934937 359218 59218014 13 16 2 0 0 2 28 77 29 27 
1712934937 359234 59234000 14 14 0 0 0 1 39 95 
1712934937 359234 59234007 14 14 1 0 0 2 38 7 39 87 
1712934937 359234 59234014 14 14 2 0 0 1 41 136 
1712934937 359285 59285000 10 17 0 0 0 1 59 82 
1712934937 359285 59285007 10 17 1 0 0 1 25 87 
1712934937 359285 59285014 10 17 2 0 0 2 36 37 37 73 
1712934937 359297 59297007 12 17 1 0 0 2 47 5 48 153 
1712934937 359297 59297014 12 17 2 0 0 2 51 14 52 96 
1712934937 359332 59332000 12 16 0 0 0 1 5 124 
1712934937 359387 59387000 12 17 0 0 0 1 7 177 
1712934937 359387 59387007 12 17 1 0 0 1 34 75 
1712934937 359387 59387014 12 17 2 0 0 1 8 110 
1712934937 359550 59550007 10 12 1 0 0 1 57 9 
1712934937 359571 59571000 11 15 0 0 0 1 48 122 
1712934937 359701 59701014 11 13 2 0 0 1 42 110 
1712934937 359712 59712007 12 12 1 0 0 2 40 71 41 44 
1712934937 359712 59712014 12 12 2 0 0 1 34 96 
1712934937 359899 59899000 14 13 0 0 0 1 44 100 
1712934937 359899 59899007 14 13 1 0 0 2 19 42 20 59 
1712934937 360158 60158000 13 14 0 0 0 1 45 83 
1712934937 360166 60166000 11 16 0 0 0 1 32 110 
1712934937 360166 60166007 11 16 1 0 0 2 9 46 10 57 
1712934937 360236 60236007 11 14 1 0 0 2 50 131 51 24 
1712934937 360236 60236014 11 14 2 0 0 2 11 120 12 37 
1712934937 360279 60279000 14 15 0 0 0 1 21 87 
1712934937 360279 60279007 14 15 1 0 0 1 10 75 
1712934937 360279 60279014 14 15 2 0 0 1 14 78 
1712934937 360323 60323000 13 17 0 0 0 2 10 104 11 23 
1712934937 360496 60496000 11 16 0 0 0 1 25 15 
1712934937 360528 60528000 13 12 0 0 0 1 35 112 
1712934937 360528 60528007 13 12 1 0 0 2 11 5 12 132 
1712934937 360615 60615000 10 15 0 0 0 1 5 97 
1712934937 360662 60662000 12 14 0 0 0 2 49 32 50 58 
1712934937 360662 60662007 12 14 1 0 0 1 21 113 
1712934937 360662 60662014 12 14 2 0 0 2 11 11 12 79 
1712934937 360757 60757000 12 13 0 0 0 1 58 85 
1712934937 360782 60782000 12 14 0 0 0 1 23 89 
1712934937 360782 60782007 12 14 1 0 0 1 36 142 
1712934937 360782 60782014 12 14 2 0 0 1 23 89 
1712934937 360820 60820014 10 16 2 0 0 2 3 104 4 4 
1712934937 360874 60874000 14 16 0 0 0 2 44 7 45 108 
1712934937 360874 60874007 14 16 1 0 0 1 12 114 
1712934937 360874 60874014 14 16 2 0 0 1 3 12 
1712934937 360928 60928014 13 16 2 0 0 1 50 133 
1712934937 361033 61033007 13 13 1 0 0 2 27 5 28 99 
1712934937 361033 61033014 13 13 2 0 0 1 21 115 
1712934937 361129 61129000 14 13 0 0 0 1 57 94 
1712934937 361296 61296014 11 12 2 0 0 1 62 95 
1712934937 361350 61350000 10 12 0 0 0 3 28 57 37 19 38 124 
1712934937 361350 61350007 10 12 1 0 0 2 19 39 20 66 
1712934937 361350 61350014 10 12 2 0 0 2 5 30 6 92 
1712934937 361417 61417000 12 13 0 0 0 1 40 94 
1712934937 361417 61417007 12 13 1 0 0 1 47 103 
1712934937 361417 61417014 12 13 2 0 0 2 3 18 4 119 
1712934937 361443 61443000 13 15 0 0 0 1 63 90 
1712934937 361499 61499014 14 17 2 0 0 2 6 55 7 33 
1712934937 361532 61532000 12 14 0 0 0 2 31 43 32 75 
1712934937 361532 61532007 12 14 1 0 0 1 19 134 
1712934937 361688 61688014 13 14 2 0 0 1 5 103 
1712934937 361739 61739000 14 17 0 0 0 1 0 47 
1712934937 361795 61795000 10 13 0 0 0 1 41 85 
1712934937 361795 61795007 10 13 1 0 0 1 32 83 
1712934937 361795 61795014 10 13 2 0 0 1 37 78 
1712934937 361812 61812000 12 12 0 0 0 2 41 66 42 19 
1712934937 361812 61812007 12 12 1 0 0 1 49 151 
1712934937 361812 61812014 12 12 2 0 0 1 30 89 
1712934937 362033 62033014 13 17 2 0 0 2 40 10 41 98 
1712934937 362118 62118014 13 12 2 0 0 2 6 89 7 1 
1712934937 362160 62160000 10 12 0 0 0 1 9 101 
1712934937 362160 62160007 10 12 1 0 0 1 42 101 
1712934937 362160 62160014 10 12 2 0 0 1 7 82 
1712934937 362210 62210000 10 14 0 0 0 3 5 45 20 16 21 81 
1712934937 362210 62210007 10 14 1 0 0 2 34 97 35 42 
1712934937 362237 62237014 12 17 2 0 0 1 63 27 
1712934937 362321 62321014 11 17 2 0 0 1 15 81 
1712934937 362372 62372000 12 14 0 0 0 1 37 76 
1712934937 362372 62372007 12 14 1 0 0 2 50 31 51 51 
1712934937 362372 62372014 12 14 2 0 0 1 40 93 
1712934937 362520 62520000 10 12 0 0 0 1 32 94 
1712934937 362520 62520007 10 12 1 0 0 2 13 18 14 61 
1712934937 362520 62520014 10 12 2 0 0 1 52 93 
1712934937 362565 62565000 10 15 0 0 0 1 46 101 
1712934937 362565 62565007 10 15 1 0 0 2 30 7 31 82 
1712934937 362565 62565014 10 15 2 0 0 1 25 93 
1712934937 362594 62594000 14 14 0 0 0 1 4 87 
1712934937 362712 62712000 12 12 0 0 0 2 1 79 2 10 
1712934937 362712 62712007 12 12 1 0 0 1 7 114 
1712934937 362778 62778014 13 12 2 0 0 2 11 66 12 58 
1712934937 362788 62788000 13 16 0 0 0 1 21 87 
1712934937 362788 62788007 13 16 1 0 0 1 1 82 
1712934937 362912 62912000 12 14 0 0 0 1 10 91 
1712934937 362912 62912007 12 14 1 0 0 2 36 71 43 88 
1712934937 362912 62912014 12 14 2 0 0 2 25 29 26 69 
1712934937 362982 62982007 12 12 1 0 0 2 21 169 22 21 
1712934937 362982 62982014 12 12 2 0 0 2 34 30 35 82 
1712934937 363024 63024000 14 12 0 0 0 1 56 97 
1712934937 363024 63024007 14 12 1 0 0 2 19 66 20 37 
1712934937 363024 63024014 14 12 2 0 0 1 59 89 
1712934937 363105 63105000 10 15 0 0 0 1 18 84 
1712934937 363105 63105007 10 15 1 0 0 1 47 90 
1712934937 363105 63105014 10 15 2 0 0 1 32 122 
1712934937 363244 63244000 14 16 0 0 0 1 25 133 
1712934937 363244 63244007 14 16 1 0 0 1 21 199 
1712934937 363312 63312000 12 12 0 0 0 1 52 88 
1712934937 363312 63312007 12 12 1 0 0 1 3 78 
1712934937 363312 63312014 12 12 2 0 0 1 53 95 
1712934937 363403 63403000 13 13 0 0 0 1 43 14 
1712934937 363403 63403007 13 13 1 0 0 1 3 97 
1712934937 363403 63403014 13 13 2 0 0 1 38 89 
1712934937 363467 63467000 12 17 0 0 0 2 15 58 16 19 
1712934937 363467 63467007 12 17 1 0 0 1 54 87 
1712934937 363467 63467014 12 17 2 0 0 1 29 81 
1712934937 363499 63499000 14 13 0 0 0 1 25 87 
1712934937 363499 63499007 14 13 1 0 0 1 55 80 
1712934937 363499 63499014 14 13 2 0 0 1 14 86 
1712934937 363591 63591007 11 15 1 0 0 2 7 100 8 6 
1712934937 363591 63591014 11 15 2 0 0 2 40 47 41 45 
1712934937 363604 63604014 14 16 2 0 0 1 51 33 
1712934937 363759 63759000 14 15 0 0 0 2 51 102 52 15 
1712934937 363759 63759007 14 15 1 0 0 2 27 108 33 115 
1712934937 363759 63759014 14 15 2 0 0 2 11 25 12 191 
1712934937 363844 63844007 14 16 1 0 0 2 17 3 18 104 
1712934937 363844 63844014 14 16 2 0 0 1 33 96 
1712934937 363872 63872000 12 14 0 0 0 1 30 140 
1712934937 363872 63872007 12 14 1 0 0 1 13 125 
1712934937 363885 63885014 10 15 2 0 0 2 17 29 18 86 
1712934937 363988 63988000 13 16 0 0 0 1 1 150 
1712934937 363988 63988007 13 16 1 0 0 1 22 77 
1712934937 363988 63988014 13 16 2 0 0 1 5 86 
1712934937 363991 63991014 11 13 2 0 0 2 58 22 59 77 
1712934937 364004 64004000 14 14 0 0 0 2 58 23 59 108 
1712934937 364004 64004007 14 14 1 0 0 2 57 98 58 20 
1712934937 364082 64082000 12 14 0 0 0 2 28 50 29 52 
1712934937 364082 64082007 12 14 1 0 0 1 3 84 
1712934937 364117 64117000 12 13 0 0 0 1 11 98 
1712934937 364234 64234014 14 16 2 0 0 1 10 135 
1712934937 364276 64276000 11 16 0 0 0 1 41 82 
1712934937 364276 64276007 11 16 1 0 0 4 4 19 5 98 8 83 17 121 
1712934937 364276 64276014 11 16 2 0 0 2 37 33 38 134 
1712934937 364497 64497000 12 15 0 0 0 1 16 88 
1712934937 364585 64585000 10 13 0 0 0 1 62 113 
1712934937 364585 64585007 10 13 1 0 0 1 50 86 
1712934937 364585 64585014 10 13 2 0 0 1 46 81 
1712934937 364643 64643000 13 17 0 0 0 2 51 37 52 81 
1712934937 364644 64644014 14 12 2 0 0 2 61 22 62 71 
1712934937 364685 64685007 10 17 1 0 0 1 46 119 
1712934937 364685 64685014 10 17 2 0 0 2 44 4 45 98 
1712934937 364710 64710000 10 12 0 0 0 1 4 103 
1712934937 364710 64710007 10 12 1 0 0 1 63 88 
1712934937 364772 64772000 12 14 0 0 0 2 22 6 23 104 
1712934937 364772 64772007 12 14 1 0 0 2 40 106 41 23 
1712934937 364772 64772014 12 14 2 0 0 2 55 106 56 29 
1712934937 364781 64781014 11 17 2 0 0 2 4 90 5 29 
1712934937 364884 64884000 14 12 0 0 0 1 30 91 
1712934937 364884 64884007 14 12 1 0 0 1 44 117 
1712934937 364909 64909014 14 13 2 0 0 1 0 4 
1712934937 364991 64991007 11 17 1 0 0 2 3 83 4 19 
1712934937 364991 64991014 11 17 2 0 0 1 49 103 
1712934937 365124 65124007 14 12 1 0 0 4 51 75 52 164 53 86 54 110 
1712934937 365133 65133000 13 15 0 0 0 1 23 183 
1712934937 365449 65449000 14 13 0 0 0 2 15 77 16 21 
1712934937 365449 65449007 14 13 1 0 0 1 20 122 
1712934937 365625 65625014 10 15 2 0 0 2 7 9 8 101 
1712934937 365646 65646000 11 12 0 0 0 1 59 137 
1712934937 365646 65646007 11 12 1 0 0 1 8 98 
1712934937 365646 65646014 11 12 2 0 0 1 46 103 
1712934937 365682 65682000 12 12 0 0 0 1 0 118 
1712934937 365751 65751014 11 15 2 0 0 1 63 43 
1712934937 365765 65765000 10 17 0 0 0 1 33 91 
1712934937 365765 65765007 10 17 1 0 0 2 36 75 37 28 
1712934937 365765 65765014 10 17 2 0 0 2 5 70 6 23 
1712934937 365770 65770000 10 16 0 0 0 1 8 82 
1712934937 365770 65770007 10 16 1 0 0 2 1 43 2 51 
1712934937 365845 65845014 10 13 2 0 0 1 61 107 
1712934937 365905 65905000 10 13 0 0 0 1 59 92 
1712934937 365905 65905007 10 13 1 0 0 1 17 132 
1712934937 366013 66013014 13 13 2 0 0 1 37 123 
1712934937 366048 66048007 13 12 1 0 0 1 45 167 
1712934937 366048 66048014 13 12 2 0 0 2 14 94 15 27 
1712934937 366165 66165014 10 15 2 0 0 1 47 98 
1712934937 366194 66194007 14 14 1 0 0 1 58 106 
1712934937 366194 66194014 14 14 2 0 0 2 29 66 30 44 
1712934937 366287 66287000 12 17 0 0 0 1 26 84 
1712934937 366287 66287007 12 17 1 0 0 2 15 80 16 78 
1712934937 366287 66287014 12 17 2 0 0 1 29 88 
1712934937 366316 66316000 11 16 0 0 0 1 40 98 
1712934937 366356 66356000 11 14 0 0 0 3 41 142 58 75 59 135 
1712934937 366356 66356007 11 14 1 0 0 2 33 9 34 144 
1712934937 366408 66408014 13 12 2 0 0 2 43 6 44 2 
1712934937 366434 66434000 14 14 0 0 0 2 46 61 47 28 
1712934937 366434 66434007 14 14 1 0 0 1 43 95 
1712934937 366434 66434014 14 14 2 0 0 1 51 140 
1712934937 366493 66493000 13 13 0 0 0 1 58 80 
1712934937 366493 66493007 13 13 1 0 0 1 10 99 
1712934937 366553 66553007 13 13 1 0 0 1 28 35 
1712934937 366659 66659000 14 17 0 0 0 2 31 17 32 157 
1712934937 366659 66659007 14 17 1 0 0 1 22 91 
1712934937 366659 66659014 14 17 2 0 0 2 53 63 54 10 
1712934937 366670 66670000 10 16 0 0 0 1 25 134 
1712934937 366670 66670007 10 16 1 0 0 1 47 82 
1712934937 366670 66670014 10 16 2 0 0 1 25 84 
1712934937 366684 66684000 14 12 0 0 0 1 38 101 
1712934937 366684 66684007 14 12 1 0 0 1 36 84 
1712934937 366684 66684014 14 12 2 0 0 1 36 94 
1712934937 366723 66723000 13 15 0 0 0 1 40 91 
1712934937 366723 66723007 13 15 1 0 0 2 32 65 33 30 
1712934937 366723 66723014 13 15 2 0 0 2 51 74 52 28 
1712934937 366741 66741000 11 15 0 0 0 1 5 86 
1712934937 366741 66741007 11 15 1 0 0 2 41 3 50 91 
1712934937 366741 66741014 11 15 2 0 0 1 3 87 
1712934937 366818 66818007 13 14 1 0 0 2 54 108 55 2 
1712934937 366818 66818014 13 14 2 0 0 1 30 108 
1712934937 366878 66878014 13 14 2 0 0 2 3 86 4 12 
1712934937 366907 66907007 12 13 1 0 0 3 47 15 48 200 49 120 
1712934937 366907 66907014 12 13 2 0 0 1 38 151 
1712934937 366994 66994014 14 16 2 0 0 1 6 123 
1712934937 367104 67104000 14 12 0 0 0 1 9 101 
1712934937 367104 67104007 14 12 1 0 0 1 46 97 
1712934937 367150 67150000 10 16 0 0 0 2 28 59 29 57 
1712934937 367150 67150007 10 16 1 0 0 2 9 68 10 14 
1712934937 367150 67150014 10 16 2 0 0 1 5 105 
1712934937 367271 67271007 11 17 1 0 0 1 10 118 
1712934937 367273 67273000 13 13 0 0 0 1 6 110 
1712934937 367273 67273007 13 13 1 0 0 1 20 130 
1712934937 367273 67273014 13 13 2 0 0 1 17 98 
1712934937 367375 67375007 10 13 1 0 0 2 6 67 7 17 
1712934937 367375 67375014 10 13 2 0 0 1 37 84 
1712934937 367378 67378007 13 16 1 0 0 2 48 97 49 8 
1712934937 367378 67378014 13 16 2 0 0 1 42 112 
1712934937 367392 67392007 12 12 1 0 0 3 5 152 10 112 41 30 
1712934937 367392 67392014 12 12 2 0 0 2 30 38 31 74 
1712934937 367428 67428000 13 12 0 0 0 1 38 98 
1712934937 367428 67428007 13 12 1 0 0 2 9 12 10 100 
1712934937 367433 67433000 13 17 0 0 0 1 50 101 
1712934937 367436 67436000 11 14 0 0 0 1 63 102 
1712934937 367438 67438014 13 16 2 0 0 1 5 110 
1712934937 367486 67486000 11 16 0 0 0 1 0 14 
1712934937 367563 67563014 13 15 2 0 0 2 16 1 17 188 
1712934937 367631 67631007 11 17 1 0 0 1 54 83 
1712934937 367631 67631014 11 17 2 0 0 1 57 95 
1712934937 367791 67791007 11 15 1 0 0 1 12 201 
1712934937 367791 67791014 11 15 2 0 0 2 35 69 36 36 
1712934937 367881 67881000 11 15 0 0 0 3 30 62 31 5 37 75 
1712934937 367881 67881007 11 15 1 0 0 1 15 81 
1712934937 367881 67881014 11 15 2 0 0 2 30 38 31 58 
1712934937 367950 67950000 10 12 0 0 0 1 0 80 
1712934937 367950 67950007 10 12 1 0 0 2 56 9 57 67 
1712934937 367950 67950014 10 12 2 0 0 1 1 113 
1712934937 367992 67992000 12 12 0 0 0 2 18 4 19 80 
1712934937 367992 67992007 12 12 1 0 0 2 28 54 29 88 
1712934937 368113 68113000 13 13 0 0 0 2 12 56 13 168 
1712934937 368113 68113007 13 13 1 0 0 2 61 171 62 55 
1712934937 368241 68241000 11 15 0 0 0 1 36 92 
1712934937 368241 68241007 11 15 1 0 0 1 23 145 
1712934937 368241 68241014 11 15 2 0 0 2 9 43 10 44 
1712934937 368254 68254007 14 16 1 0 0 2 24 21 25 32 
1712934937 368312 68312014 12 14 2 0 0 2 13 80 14 26 
1712934937 368379 68379014 14 15 2 0 0 2 2 88 3 30 
1712934937 368480 68480007 10 14 1 0 0 2 55 180 56 8 
1712934937 368480 68480014 10 14 2 0 0 2 52 123 53 14 
1712934937 368639 68639014 14 17 2 0 0 2 2 98 3 12 
1712934937 368648 68648007 13 14 1 0 0 2 22 68 23 34 
1712934937 368648 68648014 13 14 2 0 0 2 17 99 18 5 
1712934937 368807 68807014 12 17 2 0 0 2 29 87 30 43 
1712934937 368831 68831000 11 17 0 0 0 2 59 158 60 3 
1712934937 368901 68901014 11 15 2 0 0 2 46 7 47 96 
1712934937 368920 68920000 10 16 0 0 0 1 21 100 
1712934937 368976 68976000 11 12 0 0 0 1 5 105 
1712934937 368976 68976007 11 12 1 0 0 2 34 37 35 79 
1712934937 368976 68976014 11 12 2 0 0 1 15 108 
1712934937 368992 68992000 12 16 0 0 0 2 20 95 21 13 
1712934937 368992 68992007 12 16 1 0 0 1 7 88 
1712934937 368992 68992014 12 16 2 0 0 1 10 92 
1712934937 369312 69312014 12 12 2 0 0 1 7 130 
1712934937 369390 69390000 10 12 0 0 0 2 9 39 10 51 
1712934937 369457 69457000 12 13 0 0 0 1 32 71 
1712934937 369479 69479014 14 17 2 0 0 1 40 93 
1712934937 369499 69499000 14 13 0 0 0 1 24 92 
1712934937 369499 69499007 14 13 1 0 0 1 58 93 
1712934937 369499 69499014 14 13 2 0 0 1 27 86 
1712934937 369524 69524007 14 14 1 0 0 1 51 191 
1712934937 369524 69524014 14 14 2 0 0 1 20 88 
1712934937 369902 69902000 12 14 0 0 0 1 26 121 
1712934937 369902 69902007 12 14 1 0 0 1 14 112 
1712934937 369902 69902014 12 14 2 0 0 1 45 85 
1712934937 370075 70075000 10 13 0 0 0 1 28 107 
1712934937 370159 70159000 14 13 0 0 0 1 36 153 
1712934937 370159 70159007 14 13 1 0 0 1 49 111 
1712934937 370159 70159014 14 13 2 0 0 1 24 103 
1712934937 370259 70259000 14 17 0 0 0 1 47 93 
1712934937 370428 70428000 13 12 0 0 0 1 58 118 
1712934937 370462 70462014 12 16 2 0 0 1 54 126 
1712934937 370683 70683000 13 15 0 0 0 1 37 119 
1712934937 370683 70683007 13 15 1 0 0 1 20 101 
1712934937 370683 70683014 13 15 2 0 0 2 61 49 62 36 
1712934937 370747 70747000 12 13 0 0 0 2 35 145 36 11 
1712934937 370747 70747007 12 13 1 0 0 2 4 14 5 121 
1712934937 370874 70874014 14 14 2 0 0 2 7 122 8 15 
1712934937 371011 71011000 11 13 0 0 0 1 0 133 
1712934937 371084 71084000 14 14 0 0 0 2 26 62 27 41 
1712934937 371084 71084007 14 14 1 0 0 1 12 106 
1712934937 371084 71084014 14 14 2 0 0 1 3 99 
1712934937 371090 71090014 10 14 2 0 0 1 24 103 
1712934937 371281 71281000 11 13 0 0 0 1 63 95 
1712934937 371281 71281007 11 13 1 0 0 1 50 125 
1712934937 371281 71281014 11 13 2 0 0 2 18 25 19 140 
1712934937 371400 71400000 10 12 0 0 0 2 5 86 6 16 
1712934937 371400 71400007 10 12 1 0 0 2 23 72 24 94 
1712934937 371400 71400014 10 12 2 0 0 1 17 83 
1712934937 371432 71432007 12 14 1 0 0 2 60 66 61 45 
1712934937 371432 71432014 12 14 2 0 0 1 42 108 
1712934937 371508 71508000 13 12 0 0 0 1 9 96 
1712934937 371508 71508007 13 12 1 0 0 2 38 36 39 149 
1712934937 371508 71508014 13 12 2 0 0 1 10 75 
1712934937 371591 71591000 11 17 0 0 0 1 15 151 
1712934937 371591 71591007 11 17 1 0 0 1 4 104 
1712934937 371591 71591014 11 17 2 0 0 1 18 85 
1712934937 371600 71600000 10 14 0 0 0 1 53 124 
1712934937 371600 71600007 10 14 1 0 0 1 50 167 
1712934937 371600 71600014 10 14 2 0 0 1 60 90 
1712934937 371610 71610014 10 12 2 0 0 1 13 98 
1712934937 371640 71640000 10 12 0 0 0 1 62 105 
1712934937 371850 71850000 10 12 0 0 0 2 26 70 27 60 
1712934937 371850 71850007 10 12 1 0 0 2 10 94 11 30 
1712934937 371860 71860000 10 16 0 0 0 1 3 96 
1712934937 371868 71868007 13 12 1 0 0 1 13 86 
1712934937 371868 71868014 13 12 2 0 0 1 13 93 
1712934937 371872 71872007 12 16 1 0 0 1 50 81 
1712934937 371872 71872014 12 16 2 0 0 1 57 97 
1712934937 371956 71956007 11 16 1 0 0 1 55 95 
1712934937 371956 71956014 11 16 2 0 0 1 49 111 
1712934937 371997 71997000 12 15 0 0 0 1 44 118 
1712934937 371997 71997007 12 15 1 0 0 1 14 94 
1712934937 371997 71997014 12 15 2 0 0 2 23 73 24 11 
1712934937 371998 71998000 13 16 0 0 0 1 0 84 
1712934937 371998 71998007 13 16 1 0 0 2 29 148 30 33 
1712934937 371998 71998014 13 16 2 0 0 1 6 88 
1712934937 372422 72422000 12 14 0 0 0 1 9 97 
1712934937 372422 72422007 12 14 1 0 0 1 20 132 
1712934937 372422 72422014 12 14 2 0 0 1 7 117 
1712934937 372425 72425007 10 17 1 0 0 2 3 100 4 27 
1712934937 372425 72425014 10 17 2 0 0 2 20 46 21 77 
1712934937 372508 72508000 13 16 0 0 0 1 1 97 
1712934937 372590 72590000 10 14 0 0 0 1 46 82 
1712934937 372590 72590007 10 14 1 0 0 1 55 99 
1712934937 372727 72727007 12 13 1 0 0 2 43 161 44 8 
1712934937 372735 72735000 10 15 0 0 0 1 55 111 
1712934937 372759 72759000 14 15 0 0 0 3 19 114 20 14 45 77 
1712934937 372759 72759007 14 15 1 0 0 2 31 41 32 59 
1712934937 372759 72759014 14 15 2 0 0 1 55 112 
1712934937 372783 72783014 13 15 2 0 0 2 22 16 23 102 
1712934937 372839 72839000 14 17 0 0 0 1 55 94 
1712934937 372839 72839007 14 17 1 0 0 1 14 83 
1712934937 372839 72839014 14 17 2 0 0 1 52 83 
1712934937 373016 73016000 11 14 0 0 0 1 10 20 
1712934937 373040 73040000 10 14 0 0 0 1 45 137 
1712934937 373040 73040007 10 14 1 0 0 1 19 125 
1712934937 373040 73040014 10 14 2 0 0 1 17 97 
1712934937 373172 73172014 12 14 2 0 0 2 7 92 20 112 
1712934937 373194 73194000 14 12 0 0 0 1 43 79 
1712934937 373194 73194007 14 12 1 0 0 1 61 96 
1712934937 373194 73194014 14 12 2 0 0 1 29 80 
1712934937 373248 73248000 13 12 0 0 0 1 5 87 
1712934937 373248 73248007 13 12 1 0 0 1 25 83 
1712934937 373248 73248014 13 12 2 0 0 1 23 85 
1712934937 373263 73263000 13 15 0 0 0 1 50 100 
1712934937 373268 73268000 13 14 0 0 0 1 51 81 
1712934937 373268 73268007 13 14 1 0 0 1 6 167 
1712934937 373268 73268014 13 14 2 0 0 1 52 80 
1712934937 373483 73483014 13 13 2 0 0 2 3 69 4 60 
1712934937 373542 73542014 12 12 2 0 0 2 44 65 45 54 
1712934937 373590 73590000 10 12 0 0 0 1 31 83 
1712934937 373590 73590007 10 12 1 0 0 1 29 81 
1712934937 373590 73590014 10 12 2 0 0 2 14 63 15 14 
1712934937 373767 73767000 12 15 0 0 0 2 1 48 5 79 
1712934937 373767 73767007 12 15 1 0 0 1 24 86 
1712934937 373767 73767014 12 15 2 0 0 1 8 88 
1712934937 373784 73784000 14 14 0 0 0 2 0 40 1 99 
1712934937 373784 73784007 14 14 1 0 0 2 54 8 57 90 
1712934937 373784 73784014 14 14 2 0 0 1 21 87 
1712934937 373942 73942000 12 16 0 0 0 1 19 86 
1712934937 373950 73950000 10 12 0 0 0 1 38 77 
1712934937 373950 73950007 10 12 1 0 0 1 50 91 
1712934937 373950 73950014 10 12 2 0 0 1 41 96 
1712934937 374084 74084000 14 14 0 0 0 2 55 50 56 50 
1712934937 374087 74087000 12 17 0 0 0 1 38 103 
1712934937 374087 74087007 12 17 1 0 0 1 35 103 
1712934937 374087 74087014 12 17 2 0 0 1 27 116 
1712934937 374152 74152014 12 16 2 0 0 3 35 61 36 80 37 3 
1712934937 374211 74211007 11 15 1 0 0 1 9 88 
1712934937 374211 74211014 11 15 2 0 0 1 23 97 
1712934937 374222 74222000 12 14 0 0 0 1 59 85 
1712934937 374222 74222007 12 14 1 0 0 1 29 88 
1712934937 374222 74222014 12 14 2 0 0 1 50 95 
1712934937 374237 74237014 12 17 2 0 0 1 32 93 
1712934937 374308 74308007 13 16 1 0 0 2 42 60 43 55 
1712934937 374308 74308014 13 16 2 0 0 2 15 38 16 49 
1712934937 374314 74314014 14 16 2 0 0 1 8 111 
1712934937 374337 74337000 12 15 0 0 0 1 2 82 
1712934937 374337 74337007 12 15 1 0 0 2 20 57 21 31 
1712934937 374337 74337014 12 15 2 0 0 1 12 119 
1712934937 374419 74419014 14 13 2 0 0 1 15 80 
1712934937 374482 74482000 12 16 0 0 0 2 54 52 55 42 
1712934937 374482 74482007 12 16 1 0 0 1 39 89 
1712934937 374559 74559000 14 15 0 0 0 2 43 71 44 67 
1712934937 374559 74559007 14 15 1 0 0 1 36 125 
1712934937 374559 74559014 14 15 2 0 0 2 1 73 2 40 
1712934937 374786 74786000 11 14 0 0 0 2 59 31 60 85 
1712934937 374816 74816007 11 14 1 0 0 2 17 101 23 122 
1712934937 374816 74816014 11 14 2 0 0 1 31 199 
1712934937 374851 74851014 11 13 2 0 0 1 2 100 
1712934937 374853 74853000 13 15 0 0 0 1 50 108 
1712934937 374853 74853007 13 15 1 0 0 3 25 66 26 18 55 1 
1712934937 374853 74853014 13 15 2 0 0 2 34 15 35 123 
1712934937 374885 74885007 10 17 1 0 0 1 14 100 
1712934937 374885 74885014 10 17 2 0 0 2 21 39 22 59 
1712934937 374942 74942007 12 14 1 0 0 2 10 75 11 6 
1712934937 374977 74977000 12 13 0 0 0 2 22 78 23 17 
1712934937 374977 74977007 12 13 1 0 0 2 12 64 13 27 
1712934937 374977 74977014 12 13 2 0 0 2 57 68 58 27 
1712934937 374995 74995000 10 13 0 0 0 1 27 81 
1712934937 374995 74995007 10 13 1 0 0 1 11 95 
1712934937 374995 74995014 10 13 2 0 0 1 16 79 
1712934937 375008 75008000 13 14 0 0 0 2 34 91 35 6 
1712934937 375008 75008007 13 14 1 0 0 1 53 87 
1712934937 375008 75008014 13 14 2 0 0 1 60 99 
1712934937 375023 75023000 13 17 0 0 0 1 27 75 
1712934937 375023 75023007 13 17 1 0 0 1 62 83 
1712934937 375023 75023014 13 17 2 0 0 1 25 88 
1712934937 375069 75069000 14 15 0 0 0 1 0 124 
1712934937 375069 75069007 14 15 1 0 0 1 63 78 
1712934937 375100 75100000 10 16 0 0 0 1 20 83 
1712934937 375100 75100007 10 16 1 0 0 1 13 83 
1712934937 375100 75100014 10 16 2 0 0 1 19 85 
1712934937 375162 75162000 12 12 0 0 0 1 27 108 
1712934937 375184 75184007 14 16 1 0 0 2 16 48 17 59 
1712934937 375184 75184014 14 16 2 0 0 2 38 98 39 4 
1712934937 375199 75199007 14 13 1 0 0 2 0 44 1 39 
1712934937 375199 75199014 14 13 2 0 0 1 45 141 
1712934937 375241 75241014 11 13 2 0 0 2 6 73 7 57 
1712934937 375646 75646014 11 16 2 0 0 1 53 82 
1712934937 375986 75986000 11 14 0 0 0 1 41 102 
1712934937 375986 75986007 11 14 1 0 0 1 8 109 
1712934937 375986 75986014 11 14 2 0 0 1 33 92 
1712934937 375999 75999000 14 15 0 0 0 2 52 168 53 25 
1712934937 375999 75999007 14 15 1 0 0 2 47 65 48 39 
1712934937 375999 75999014 14 15 2 0 0 1 4 155 
1712934937 376053 76053000 13 15 0 0 0 1 22 56 
1712934937 376178 76178000 13 14 0 0 0 2 42 8 43 226 
1712934937 376178 76178007 13 14 1 0 0 2 2 11 3 87 
1712934937 376219 76219014 14 13 2 0 0 1 51 111 
1712934937 376319 76319000 14 17 0 0 0 1 7 79 
1712934937 376319 76319007 14 17 1 0 0 1 42 119 
1712934937 376319 76319014 14 17 2 0 0 2 25 2 26 81 
1712934937 376350 76350014 10 12 2 0 0 2 49 38 50 47 
1712934937 376426 76426007 11 16 1 0 0 2 5 102 6 9 
1712934937 376426 76426014 11 16 2 0 0 2 11 84 12 23 
1712934937 376453 76453000 13 13 0 0 0 2 3 108 4 1 
1712934937 376453 76453007 13 13 1 0 0 2 41 31 42 65 
1712934937 376453 76453014 13 13 2 0 0 2 24 98 25 4 
1712934937 376476 76476007 11 12 1 0 0 1 63 14 
1712934937 376476 76476014 11 12 2 0 0 1 35 123 
1712934937 376542 76542000 12 12 0 0 0 1 32 94 
1712934937 376607 76607000 12 17 0 0 0 2 46 54 47 32 
1712934937 376607 76607007 12 17 1 0 0 2 34 149 35 2 
1712934937 376607 76607014 12 17 2 0 0 1 61 129 
1712934937 376744 76744000 14 16 0 0 0 1 24 114 
1712934937 376744 76744007 14 16 1 0 0 1 52 102 
1712934937 376768 76768000 13 16 0 0 0 1 4 118 
1712934937 376768 76768007 13 16 1 0 0 1 39 92 
1712934937 376768 76768014 13 16 2 0 0 2 7 10 8 79 
1712934937 376773 76773014 13 15 2 0 0 2 61 61 62 39 
1712934937 377156 77156000 11 14 0 0 0 2 5 79 15 116 
1712934937 377156 77156007 11 14 1 0 0 1 61 171 
1712934937 377172 77172000 12 12 0 0 0 4 2 285 3 57 33 24 34 176 
1712934937 377172 77172007 12 12 1 0 0 2 3 56 4 149 
1712934937 377317 77317014 12 13 2 0 0 2 6 30 7 80 
1712934937 377497 77497000 12 13 0 0 0 2 16 98 17 8 
1712934937 377497 77497007 12 13 1 0 0 2 23 35 30 85 
1712934937 377497 77497014 12 13 2 0 0 2 49 87 50 12 
1712934937 377547 77547000 12 15 0 0 0 2 28 114 29 17 
1712934937 377547 77547007 12 15 1 0 0 1 54 115 
1712934937 377547 77547014 12 15 2 0 0 1 50 103 
1712934937 377550 77550007 10 12 1 0 0 1 12 179 
1712934937 377550 77550014 10 12 2 0 0 2 20 21 21 78 
1712934937 377664 77664014 14 12 2 0 0 2 51 98 52 3 
1712934937 377960 77960000 10 14 0 0 0 1 59 85 
1712934937 378076 78076000 11 16 0 0 0 2 36 81 37 5 
1712934937 378076 78076007 11 16 1 0 0 1 13 136 
1712934937 378076 78076014 11 16 2 0 0 2 18 9 19 72 
1712934937 378107 78107014 12 17 2 0 0 1 2 122 
1712934937 378163 78163000 13 13 0 0 0 1 55 116 
1712934937 378163 78163007 13 13 1 0 0 2 29 75 30 70 
1712934937 378163 78163014 13 13 2 0 0 1 28 232 
1712934937 378216 78216014 11 12 2 0 0 2 21 18 22 86 
1712934937 378248 78248014 13 14 2 0 0 2 44 125 45 15 
1712934937 378358 78358014 13 16 2 0 0 2 35 58 36 40 
1712934937 378420 78420000 10 12 0 0 0 1 6 85 
1712934937 378420 78420007 10 12 1 0 0 1 31 93 
1712934937 378420 78420014 10 12 2 0 0 1 7 135 
1712934937 378465 78465000 10 15 0 0 0 1 59 78 
1712934937 378465 78465007 10 15 1 0 0 1 59 82 
1712934937 378465 78465014 10 15 2 0 0 1 54 103 
1712934937 378486 78486007 11 12 1 0 0 1 3 119 
1712934937 378486 78486014 11 12 2 0 0 1 21 300 
1712934937 378524 78524007 14 14 1 0 0 1 0 31 
1712934937 378524 78524014 14 14 2 0 0 2 38 121 39 48 
1712934937 378562 78562000 12 16 0 0 0 1 52 1 
1712934937 378808 78808000 13 16 0 0 0 1 56 114 
1712934937 378808 78808007 13 16 1 0 0 1 12 100 
1712934937 378808 78808014 13 16 2 0 0 2 25 58 26 26 
1712934937 378863 78863007 13 17 1 0 0 1 19 105 
1712934937 378863 78863014 13 17 2 0 0 2 39 129 40 1 
1712934937 378884 78884000 14 14 0 0 0 2 42 30 43 56 
1712934937 378884 78884007 14 14 1 0 0 1 11 89 
1712934937 378884 78884014 14 14 2 0 0 2 14 27 15 67 
1712934937 378916 78916000 11 16 0 0 0 1 7 101 
1712934937 378916 78916007 11 16 1 0 0 1 19 138 
1712934937 378916 78916014 11 16 2 0 0 1 1 78 
1712934937 378942 78942000 12 12 0 0 0 1 21 124 
1712934937 378942 78942007 12 12 1 0 0 1 41 75 
1712934937 378942 78942014 12 12 2 0 0 2 29 17 30 69 
1712934937 379027 79027014 12 13 2 0 0 2 9 49 10 85 
1712934937 379135 79135014 10 13 2 0 0 2 52 24 53 80 
1712934937 379304 79304000 14 14 0 0 0 1 58 123 
1712934937 379304 79304007 14 14 1 0 0 1 36 108 
1712934937 379304 79304014 14 14 2 0 0 1 48 103 
1712934937 379360 79360014 10 16 2 0 0 1 33 35 
1712934937 379372 79372007 12 16 1 0 0 2 9 59 10 24 
1712934937 379372 79372014 12 16 2 0 0 1 20 102 
1712934937 379400 79400007 10 14 1 0 0 2 4 93 5 8 
1712934937 379400 79400014 10 14 2 0 0 1 15 111 
1712934937 379483 79483000 13 13 0 0 0 1 61 76 
1712934937 379483 79483007 13 13 1 0 0 1 49 84 
1712934937 379483 79483014 13 13 2 0 0 1 56 94 
1712934937 379570 79570007 10 16 1 0 0 1 13 107 
1712934937 379570 79570014 10 16 2 0 0 2 40 100 41 112 
1712934937 379579 79579000 14 13 0 0 0 1 22 81 
1712934937 379596 79596007 11 12 1 0 0 1 5 102 
1712934937 379596 79596014 11 12 2 0 0 1 58 77 
1712934937 379597 79597000 12 13 0 0 0 1 53 109 
1712934937 379597 79597007 12 13 1 0 0 2 31 49 32 38 
1712934937 379597 79597014 12 13 2 0 0 1 38 88 
1712934937 379619 79619000 14 17 0 0 0 1 0 112 
1712934937 379649 79649014 14 17 2 0 0 2 46 182 47 18 
1712934937 379700 79700000 10 14 0 0 0 1 56 125 
1712934937 379744 79744000 14 16 0 0 0 1 21 155 
1712934937 379744 79744007 14 16 1 0 0 1 0 111 
1712934937 379938 79938000 13 12 0 0 0 1 4 127 
1712934937 379938 79938007 13 12 1 0 0 2 37 62 38 37 
1712934937 379938 79938014 13 12 2 0 0 1 4 102 
1712934937 380083 80083007 13 13 1 0 0 2 11 91 12 18 
1712934937 380083 80083014 13 13 2 0 0 2 14 72 15 29 
1712934937 380163 80163000 13 15 0 0 0 2 11 33 12 56 
1712934937 380163 80163007 13 15 1 0 0 1 22 90 
1712934937 380163 80163014 13 15 2 0 0 1 5 80 
1712934937 380204 80204000 14 14 0 0 0 1 27 103 
1712934937 380204 80204007 14 14 1 0 0 1 36 94 
1712934937 380204 80204014 14 14 2 0 0 1 23 77 
1712934937 380230 80230000 10 16 0 0 0 1 28 84 
1712934937 380230 80230007 10 16 1 0 0 1 39 150 
1712934937 380230 80230014 10 16 2 0 0 1 9 78 
1712934937 380558 80558000 13 14 0 0 0 2 32 93 33 10 
1712934937 380558 80558007 13 14 1 0 0 2 47 83 48 21 
1712934937 380626 80626000 11 16 0 0 0 2 7 3 8 78 
1712934937 380626 80626007 11 16 1 0 0 2 30 43 31 46 
1712934937 380655 80655000 10 15 0 0 0 1 12 99 
1712934937 380655 80655007 10 15 1 0 0 1 29 92 
1712934937 380655 80655014 10 15 2 0 0 1 28 105 
1712934937 380722 80722000 12 16 0 0 0 1 58 92 
1712934937 380722 80722007 12 16 1 0 0 1 6 78 
1712934937 380722 80722014 12 16 2 0 0 1 60 84 
1712934937 380724 80724000 14 12 0 0 0 2 42 65 43 60 
1712934937 380724 80724007 14 12 1 0 0 2 53 86 54 8 
1712934937 380724 80724014 14 12 2 0 0 1 23 89 
1712934937 380731 80731014 11 13 2 0 0 2 1 1 2 114 
1712934937 380736 80736014 11 12 2 0 0 1 46 51 
1712934937 380967 80967000 12 15 0 0 0 1 25 115 
1712934937 380967 80967007 12 15 1 0 0 1 21 98 
1712934937 380967 80967014 12 15 2 0 0 1 56 105 
1712934937 380991 80991000 11 15 0 0 0 2 55 9 56 77 
1712934937 380991 80991007 11 15 1 0 0 1 49 82 
1712934937 380991 80991014 11 15 2 0 0 1 42 121 
1712934937 381256 81256014 11 16 2 0 0 2 2 76 3 12 
1712934937 381330 81330007 10 12 1 0 0 2 5 42 6 109 
1712934937 381330 81330014 10 12 2 0 0 2 52 107 53 19 
1712934937 381394 81394014 14 16 2 0 0 2 55 22 56 84 
1712934937 381422 81422014 12 14 2 0 0 1 58 84 
1712934937 381431 81431014 11 17 2 0 0 2 11 72 12 14 
1712934937 381608 81608000 13 14 0 0 0 1 36 83 
1712934937 381690 81690007 10 12 1 0 0 2 23 71 24 12 
1712934937 381690 81690014 10 12 2 0 0 2 25 41 26 97 
1712934937 381882 81882007 12 12 1 0 0 2 13 41 14 47 
1712934937 381882 81882014 12 12 2 0 0 1 19 127 
1712934937 381964 81964007 14 16 1 0 0 1 33 95 
1712934937 381964 81964014 14 16 2 0 0 2 6 8 7 77 
1712934937 381967 81967007 12 13 1 0 0 1 61 5 
1712934937 381967 81967014 12 13 2 0 0 2 1 55 2 84 
1712934937 382076 82076007 11 14 1 0 0 1 59 131 
1712934937 382076 82076014 11 14 2 0 0 2 34 89 35 22 
1712934937 382119 82119000 14 15 0 0 0 1 4 83 
1712934937 382203 82203000 13 15 0 0 0 2 14 84 15 90 
1712934937 382203 82203007 13 15 1 0 0 1 35 107 
1712934937 382228 82228000 13 16 0 0 0 1 41 77 
1712934937 382228 82228007 13 16 1 0 0 1 7 94 
1712934937 382228 82228014 13 16 2 0 0 1 49 85 
1712934937 382367 82367000 12 17 0 0 0 1 50 91 
1712934937 382367 82367007 12 17 1 0 0 1 53 79 
1712934937 382367 82367014 12 17 2 0 0 1 26 211 
1712934937 382572 82572000 12 12 0 0 0 1 6 113 
1712934937 382572 82572007 12 12 1 0 0 1 34 80 
1712934937 382572 82572014 12 12 2 0 0 1 6 80 
1712934937 382617 82617000 12 15 0 0 0 2 16 108 17 13 
1712934937 382617 82617007 12 15 1 0 0 2 43 101 44 20 
1712934937 382626 82626000 11 12 0 0 0 1 47 102 
1712934937 382626 82626007 11 12 1 0 0 1 41 122 
1712934937 382626 82626014 11 12 2 0 0 1 16 122 
1712934937 382646 82646014 11 14 2 0 0 2 57 224 58 4 
1712934937 382652 82652000 12 14 0 0 0 2 34 106 35 14 
1712934937 382670 82670000 10 14 0 0 0 1 14 22 
1712934937 382740 82740000 10 12 0 0 0 2 31 42 32 317 
1712934937 382877 82877014 12 17 2 0 0 1 35 82 
1712934937 383038 83038000 13 16 0 0 0 2 25 103 26 61 
1712934937 383038 83038007 13 16 1 0 0 1 38 75 
1712934937 383038 83038014 13 16 2 0 0 1 38 75 
1712934937 383170 83170000 10 16 0 0 0 1 56 104 
1712934937 383190 83190000 10 12 0 0 0 2 48 12 49 44 
1712934937 383219 83219000 14 17 0 0 0 1 9 121 
1712934937 383219 83219007 14 17 1 0 0 2 32 13 33 111 
1712934937 383219 83219014 14 17 2 0 0 2 51 15 52 105 
1712934937 383363 83363014 13 17 2 0 0 1 48 99 
1712934937 383560 83560000 10 16 0 0 0 1 15 109 
1712934937 383560 83560007 10 16 1 0 0 1 26 84 
1712934937 383560 83560014 10 16 2 0 0 1 6 86 
1712934937 383651 83651000 11 17 0 0 0 2 10 55 11 88 
1712934937 383651 83651007 11 17 1 0 0 2 59 134 60 38 
1712934937 383690 83690000 10 14 0 0 0 2 50 74 51 57 
1712934937 383692 83692000 12 16 0 0 0 1 59 82 
1712934937 383692 83692007 12 16 1 0 0 1 38 84 
1712934937 383692 83692014 12 16 2 0 0 1 56 79 
1712934937 383729 83729014 14 17 2 0 0 2 0 106 1 17 
1712934937 383762 83762007 12 14 1 0 0 1 59 91 
1712934937 383762 83762014 12 14 2 0 0 1 37 170 
1712934937 383928 83928007 13 12 1 0 0 1 52 100 
1712934937 383928 83928014 13 12 2 0 0 2 44 23 45 73 
1712934937 384048 84048000 13 12 0 0 0 1 30 105 
1712934937 384048 84048007 13 12 1 0 0 1 59 113 
1712934937 384144 84144000 14 12 0 0 0 2 31 104 32 142 
1712934937 384144 84144007 14 12 1 0 0 2 11 97 12 28 
1712934937 384243 84243007 13 15 1 0 0 2 46 106 47 35 
1712934937 384243 84243014 13 15 2 0 0 2 5 63 6 43 
1712934937 384492 84492014 12 12 2 0 0 1 0 109 
1712934937 384512 84512007 12 14 1 0 0 1 2 109 
1712934937 384596 84596000 11 14 0 0 0 1 3 145 
1712934937 384789 84789000 14 15 0 0 0 1 9 85 
1712934937 384789 84789007 14 15 1 0 0 1 15 83 
1712934937 384789 84789014 14 15 2 0 0 1 2 93 
1712934937 384819 84819000 14 15 0 0 0 1 0 96 
1712934937 384975 84975014 10 15 2 0 0 2 22 75 23 39 
1712934937 385004 85004014 14 14 2 0 0 2 57 2 58 92 
1712934937 385136 85136014 11 14 2 0 0 1 42 112 
1712934937 385314 85314014 14 12 2 0 0 1 63 80 
1712934937 385351 85351000 11 13 0 0 0 2 10 67 11 32 
1712934937 385464 85464007 14 12 1 0 0 2 37 13 38 118 
1712934937 385464 85464014 14 12 2 0 0 3 25 75 26 208 27 33 
1712934937 385482 85482000 12 12 0 0 0 2 57 70 58 172 
1712934937 385685 85685000 10 17 0 0 0 1 58 118 
1712934937 385685 85685007 10 17 1 0 0 1 36 107 
1712934937 385685 85685014 10 17 2 0 0 1 52 95 
1712934937 385714 85714000 14 16 0 0 0 1 47 104 
1712934937 385714 85714007 14 16 1 0 0 1 27 94 
1712934937 385714 85714014 14 16 2 0 0 1 9 111 
1712934937 385759 85759014 14 13 2 0 0 1 55 126 
1712934937 385876 85876014 11 16 2 0 0 1 4 121 
1712934937 385942 85942014 12 16 2 0 0 2 23 11 24 96 
1712934937 385945 85945014 10 13 2 0 0 1 16 133 
1712934937 386125 86125000 10 13 0 0 0 1 27 112 
1712934937 386125 86125007 10 13 1 0 0 2 41 61 42 64 
1712934937 386126 86126000 11 14 0 0 0 1 28 76 
1712934937 386126 86126007 11 14 1 0 0 1 6 86 
1712934937 386126 86126014 11 14 2 0 0 2 15 95 16 12 
1712934937 386172 86172000 12 12 0 0 0 2 45 72 46 78 
1712934937 386172 86172007 12 12 1 0 0 1 52 107 
1712934937 386197 86197000 12 13 0 0 0 1 34 112 
1712934937 386197 86197007 12 13 1 0 0 2 39 67 40 41 
1712934937 386197 86197014 12 13 2 0 0 2 29 76 30 34 
1712934937 386270 86270000 10 14 0 0 0 2 56 7 57 213 
1712934937 386432 86432007 12 14 1 0 0 1 29 126 
1712934937 386432 86432014 12 14 2 0 0 2 36 64 37 48 
1712934937 386485 86485000 10 13 0 0 0 4 33 18 34 74 42 1 44 3 
1712934937 386485 86485007 10 13 1 0 0 1 30 91 
1712934937 386485 86485014 10 13 2 0 0 1 2 122 
1712934937 386555 86555000 10 17 0 0 0 1 48 104 
1712934937 386555 86555007 10 17 1 0 0 1 5 124 
1712934937 386555 86555014 10 17 2 0 0 1 13 133 
1712934937 386570 86570007 10 14 1 0 0 2 40 34 41 85 
1712934937 386570 86570014 10 14 2 0 0 2 34 80 35 53 
1712934937 386682 86682007 12 12 1 0 0 2 1 115 2 8 
1712934937 386682 86682014 12 12 2 0 0 1 17 115 
1712934937 386721 86721007 11 15 1 0 0 1 11 116 
1712934937 386721 86721014 11 15 2 0 0 2 39 91 40 4 
1712934937 386764 86764000 14 16 0 0 0 1 22 86 
1712934937 386764 86764007 14 16 1 0 0 1 58 115 
1712934937 386926 86926000 11 16 0 0 0 1 38 106 
1712934937 386926 86926007 11 16 1 0 0 2 58 79 59 19 
1712934937 386951 86951014 11 17 2 0 0 1 48 88 
1712934937 387007 87007014 12 13 2 0 0 2 56 23 57 91 
1712934937 387034 87034000 14 16 0 0 0 1 13 111 
1712934937 387034 87034007 14 16 1 0 0 1 39 107 
1712934937 387034 87034014 14 16 2 0 0 1 1 100 
1712934937 387036 87036000 11 12 0 0 0 2 46 41 47 55 
1712934937 387036 87036007 11 12 1 0 0 1 38 107 
1712934937 387044 87044014 14 14 2 0 0 1 57 14 
1712934937 387048 87048000 13 12 0 0 0 2 11 102 12 9 
1712934937 387113 87113000 13 17 0 0 0 1 10 80 
1712934937 387113 87113007 13 17 1 0 0 2 33 25 34 105 
1712934937 387120 87120007 10 12 1 0 0 1 13 132 
1712934937 387120 87120014 10 12 2 0 0 2 40 99 41 73 
1712934937 387193 87193007 13 13 1 0 0 1 31 102 
1712934937 387193 87193014 13 13 2 0 0 1 57 82 
1712934937 387280 87280000 10 16 0 0 0 2 13 101 14 17 
1712934937 387280 87280007 10 16 1 0 0 1 24 115 
1712934937 387280 87280014 10 16 2 0 0 1 13 105 
1712934937 387328 87328000 13 16 0 0 0 1 59 99 
1712934937 387328 87328007 13 16 1 0 0 1 63 129 
1712934937 387377 87377014 12 17 2 0 0 2 5 49 6 56 
1712934937 387586 87586000 11 16 0 0 0 1 15 124 
1712934937 387586 87586007 11 16 1 0 0 1 55 116 
1712934937 387638 87638000 13 14 0 0 0 1 23 125 
1712934937 387638 87638007 13 14 1 0 0 1 25 165 
1712934937 387645 87645000 10 15 0 0 0 1 7 115 
1712934937 387658 87658000 13 16 0 0 0 1 49 201 
1712934937 387658 87658007 13 16 1 0 0 1 30 117 
1712934937 387658 87658014 13 16 2 0 0 1 36 84 
1712934937 387659 87659007 14 17 1 0 0 3 48 35 61 65 62 48 
1712934937 387659 87659014 14 17 2 0 0 1 24 112 
1712934937 387665 87665007 10 17 1 0 0 2 6 18 7 83 
1712934937 387665 87665014 10 17 2 0 0 1 2 103 
1712934937 387685 87685000 10 13 0 0 0 1 4 84 
1712934937 387685 87685007 10 13 1 0 0 1 25 112 
1712934937 387685 87685014 10 13 2 0 0 1 14 86 
1712934937 388065 88065000 10 15 0 0 0 2 24 101 25 6 
1712934937 388065 88065007 10 15 1 0 0 1 5 105 
1712934937 388065 88065014 10 15 2 0 0 1 42 98 
1712934937 388098 88098014 13 12 2 0 0 1 54 96 
1712934937 388229 88229007 14 17 1 0 0 2 13 37 14 62 
1712934937 388229 88229014 14 17 2 0 0 2 16 66 17 30 
1712934937 388335 88335014 10 15 2 0 0 2 55 53 56 60 
1712934937 388431 88431000 11 15 0 0 0 1 41 121 
1712934937 388431 88431007 11 15 1 0 0 2 51 73 61 152 
1712934937 388431 88431014 11 15 2 0 0 1 49 86 
1712934937 388553 88553014 13 17 2 0 0 1 55 106 
1712934937 388629 88629014 14 15 2 0 0 2 27 6 28 14 
1712934937 388675 88675014 10 13 2 0 0 1 4 84 
1712934937 388824 88824007 14 12 1 0 0 2 40 11 41 88 
1712934937 388824 88824014 14 12 2 0 0 1 46 133 
1712934937 388844 88844000 14 14 0 0 0 2 10 59 11 30 
1712934937 388844 88844007 14 14 1 0 0 1 7 80 
1712934937 388844 88844014 14 14 2 0 0 2 22 30 23 114 
1712934937 388928 88928000 13 14 0 0 0 1 45 70 
1712934937 388928 88928007 13 14 1 0 0 2 17 57 18 43 
1712934937 388928 88928014 13 14 2 0 0 1 41 133 
1712934937 389071 89071000 11 13 0 0 0 1 36 87 
1712934937 389071 89071007 11 13 1 0 0 2 54 201 55 32 
1712934937 389071 89071014 11 13 2 0 0 1 30 87 
1712934937 389084 89084000 14 14 0 0 0 1 57 128 
1712934937 389124 89124000 14 12 0 0 0 2 9 105 10 31 
1712934937 389124 89124007 14 12 1 0 0 1 1 89 
1712934937 389124 89124014 14 12 2 0 0 2 40 139 41 1 
1712934937 389343 89343014 13 15 2 0 0 2 62 58 63 30 
1712934937 389385 89385000 10 15 0 0 0 1 56 120 
1712934937 389385 89385007 10 15 1 0 0 1 57 85 
1712934937 389478 89478000 13 12 0 0 0 1 54 76 
1712934937 389478 89478007 13 12 1 0 0 2 54 42 55 40 
1712934937 389478 89478014 13 12 2 0 0 1 58 94 
1712934937 389533 89533014 13 13 2 0 0 1 17 121 
1712934937 389546 89546014 11 14 2 0 0 1 1 95 
1712934937 389568 89568000 13 12 0 0 0 1 6 108 
1712934937 389576 89576014 11 14 2 0 0 1 60 76 
1712934937 389596 89596014 11 16 2 0 0 2 44 33 45 71 
1712934937 389670 89670014 10 12 2 0 0 1 48 127 
1712934937 389693 89693000 13 17 0 0 0 2 25 5 26 101 
1712934937 389693 89693007 13 17 1 0 0 1 22 94 
1712934937 389736 89736014 11 12 2 0 0 2 57 14 58 136 
1712934937 389737 89737000 12 13 0 0 0 4 19 67 20 89 21 54 47 16 
1712934937 389737 89737007 12 13 1 0 0 4 13 97 14 44 22 72 23 51 
1712934937 389737 89737014 12 13 2 0 0 2 30 75 31 47 
1712934937 389761 89761000 11 13 0 0 0 1 14 22 
1712934937 389775 89775007 10 15 1 0 0 1 46 98 
1712934937 389775 89775014 10 15 2 0 0 1 10 104 
1712934937 389808 89808000 13 12 0 0 0 1 1 98 
1712934937 389832 89832000 12 12 0 0 0 1 10 111 
1712934937 389832 89832007 12 12 1 0 0 2 41 8 42 91 
1712934937 389832 89832014 12 12 2 0 0 1 17 121 
1712934937 389874 89874000 14 12 0 0 0 1 10 110 
1712934937 389874 89874007 14 12 1 0 0 2 26 238 27 76 
1712934937 389957 89957000 12 17 0 0 0 1 33 82 
1712934937 389957 89957007 12 17 1 0 0 1 33 80 
1712934937 389957 89957014 12 17 2 0 0 1 31 92 
1712934937 390186 90186000 11 12 0 0 0 1 42 84 
1712934937 390186 90186007 11 12 1 0 0 1 19 90 
1712934937 390186 90186014 11 12 2 0 0 1 52 80 
1712934937 390205 90205007 10 13 1 0 0 1 61 122 
1712934937 390205 90205014 10 13 2 0 0 2 1 63 2 50 
1712934937 390207 90207000 12 15 0 0 0 2 2 16 3 117 
1712934937 390207 90207007 12 15 1 0 0 1 0 105 
1712934937 390262 90262007 12 16 1 0 0 2 55 60 56 86 
1712934937 390262 90262014 12 16 2 0 0 2 11 14 12 88 
1712934937 390283 90283007 13 13 1 0 0 1 61 98 
1712934937 390283 90283014 13 13 2 0 0 2 7 61 8 28 
1712934937 390343 90343000 13 13 0 0 0 1 36 165 
1712934937 390343 90343007 13 13 1 0 0 1 11 175 
1712934937 390343 90343014 13 13 2 0 0 1 27 86 
1712934937 390428 90428000 13 14 0 0 0 1 0 68 
1712934937 390498 90498000 13 12 0 0 0 2 4 88 5 5 
1712934937 390508 90508000 13 16 0 0 0 1 62 126 
1712934937 390660 90660000 10 12 0 0 0 1 29 108 
1712934937 390660 90660007 10 12 1 0 0 1 34 107 
1712934937 390660 90660014 10 12 2 0 0 2 48 97 49 4 
1712934937 390674 90674014 14 14 2 0 0 1 62 100 
1712934937 390715 90715007 10 13 1 0 0 1 57 103 
1712934937 390715 90715014 10 13 2 0 0 1 49 87 
1712934937 390762 90762007 12 12 1 0 0 1 44 109 
1712934937 390762 90762014 12 12 2 0 0 1 47 130 
1712934937 390771 90771000 11 15 0 0 0 1 17 91 
1712934937 390771 90771007 11 15 1 0 0 2 14 67 15 35 
1712934937 390771 90771014 11 15 2 0 0 1 12 86 
1712934937 390873 90873000 13 15 0 0 0 1 60 93 
1712934937 390873 90873007 13 15 1 0 0 1 27 75 
1712934937 390873 90873014 13 15 2 0 0 1 63 111 
1712934937 390909 90909000 14 15 0 0 0 2 38 85 39 4 
1712934937 390909 90909007 14 15 1 0 0 1 38 91 
1712934937 390909 90909014 14 15 2 0 0 2 21 8 22 74 
1712934937 390939 90939007 14 15 1 0 0 1 53 97 
1712934937 391038 91038014 13 12 2 0 0 2 48 22 49 112 
1712934937 391083 91083000 13 15 0 0 0 1 5 77 
1712934937 391083 91083007 13 15 1 0 0 1 4 76 
1712934937 391083 91083014 13 15 2 0 0 1 6 94 
1712934937 391106 91106000 11 14 0 0 0 1 45 77 
1712934937 391106 91106007 11 14 1 0 0 2 10 31 11 63 
1712934937 391106 91106014 11 14 2 0 0 1 58 83 
1712934937 391210 91210000 10 16 0 0 0 1 39 102 
1712934937 391210 91210007 10 16 1 0 0 1 15 107 
1712934937 391210 91210014 10 16 2 0 0 2 38 71 39 95 
1712934937 391294 91294007 14 16 1 0 0 1 2 126 
1712934937 391294 91294014 14 16 2 0 0 1 38 109 
1712934937 391468 91468000 13 16 0 0 0 1 36 100 
1712934937 391501 91501000 11 13 0 0 0 2 2 97 3 15 
1712934937 391501 91501007 11 13 1 0 0 1 55 97 
1712934937 391501 91501014 11 13 2 0 0 1 2 100 
1712934937 391539 91539000 14 15 0 0 0 1 11 94 
1712934937 391539 91539007 14 15 1 0 0 1 42 86 
1712934937 391539 91539014 14 15 2 0 0 1 13 82 
1712934937 391620 91620007 10 12 1 0 0 1 41 103 
1712934937 391620 91620014 10 12 2 0 0 3 35 68 36 46 48 20 
1712934937 391695 91695014 10 15 2 0 0 1 49 158 
1712934937 391732 91732000 12 16 0 0 0 1 14 101 
1712934937 391732 91732007 12 16 1 0 0 1 33 139 
1712934937 391732 91732014 12 16 2 0 0 2 43 168 44 17 
1712934937 391753 91753000 13 13 0 0 0 1 31 98 
1712934937 391753 91753007 13 13 1 0 0 2 24 14 25 148 
1712934937 391753 91753014 13 13 2 0 0 1 62 195 
1712934937 391943 91943000 13 17 0 0 0 2 6 4 7 74 
1712934937 391943 91943007 13 17 1 0 0 1 40 71 
1712934937 391943 91943014 13 17 2 0 0 1 10 80 
1712934937 391990 91990000 10 16 0 0 0 2 38 96 39 8 
1712934937 391990 91990007 10 16 1 0 0 2 28 70 29 40 
1712934937 391990 91990014 10 16 2 0 0 1 54 129 
1712934937 391999 91999000 14 13 0 0 0 1 19 110 
1712934937 392029 92029007 14 13 1 0 0 1 0 59 
1712934937 392029 92029014 14 13 2 0 0 1 60 78 
1712934937 392042 92042014 12 14 2 0 0 2 28 78 29 60 
1712934937 392244 92244000 14 12 0 0 0 2 48 17 49 87 
1712934937 392244 92244007 14 12 1 0 0 1 54 51 
1712934937 392261 92261014 11 17 2 0 0 1 56 19 
1712934937 392355 92355014 10 15 2 0 0 1 63 87 
1712934937 392413 92413000 13 13 0 0 0 1 45 93 
1712934937 392413 92413007 13 13 1 0 0 1 30 110 
1712934937 392413 92413014 13 13 2 0 0 1 47 90 
1712934937 392494 92494007 14 16 1 0 0 1 15 123 
1712934937 392512 92512007 12 16 1 0 0 2 32 44 33 31 
1712934937 392512 92512014 12 16 2 0 0 2 10 34 11 94 
1712934937 392520 92520014 10 12 2 0 0 1 17 110 
1712934937 392697 92697014 12 15 2 0 0 1 9 106 
1712934937 392707 92707014 12 13 2 0 0 2 7 102 8 3 
1712934937 392767 92767000 12 13 0 0 0 1 34 84 
1712934937 392767 92767007 12 13 1 0 0 2 3 11 4 75 
1712934937 392768 92768000 13 14 0 0 0 1 38 66 
1712934937 392768 92768007 13 14 1 0 0 2 48 55 49 37 
1712934937 392768 92768014 13 14 2 0 0 1 32 103 
1712934937 392811 92811000 11 15 0 0 0 1 2 128 
1712934937 392898 92898014 13 12 2 0 0 1 2 133 
1712934937 393115 93115000 10 13 0 0 0 2 51 50 52 40 
1712934937 393196 93196014 11 16 2 0 0 2 20 4 21 104 
1712934937 393208 93208000 13 16 0 0 0 1 35 82 
1712934937 393208 93208007 13 16 1 0 0 1 26 131 
1712934937 393208 93208014 13 16 2 0 0 1 24 136 
1712934937 393232 93232000 12 16 0 0 0 2 8 40 9 42 
1712934937 393232 93232007 12 16 1 0 0 1 4 78 
1712934937 393232 93232014 12 16 2 0 0 1 16 104 
1712934937 393364 93364014 14 16 2 0 0 2 61 158 62 61 
1712934937 393435 93435000 10 15 0 0 0 1 1 89 
1712934937 393439 93439014 14 13 2 0 0 1 54 132 
1712934937 393444 93444014 14 12 2 0 0 3 37 11 39 13 40 130 
1712934937 393568 93568014 13 16 2 0 0 2 45 9 46 81 
1712934937 393583 93583000 13 13 0 0 0 1 16 83 
1712934937 393583 93583007 13 13 1 0 0 1 24 86 
1712934937 393583 93583014 13 13 2 0 0 1 20 83 
1712934937 393774 93774000 14 12 0 0 0 1 27 134 
1712934937 393774 93774007 14 12 1 0 0 1 53 91 
1712934937 393774 93774014 14 12 2 0 0 1 21 85 
1712934937 393825 93825000 10 15 0 0 0 2 10 35 11 45 
1712934937 393825 93825007 10 15 1 0 0 1 46 96 
1712934937 393825 93825014 10 15 2 0 0 1 5 82 
1712934937 393888 93888014 13 12 2 0 0 1 50 122 
1712934937 394047 94047014 12 15 2 0 0 1 36 110 
1712934937 394058 94058000 13 14 0 0 0 1 37 134 
1712934937 394058 94058007 13 14 1 0 0 1 15 102 
1712934937 394088 94088000 13 14 0 0 0 1 13 36 
1712934937 394088 94088007 13 14 1 0 0 1 45 155 
1712934937 394088 94088014 13 14 2 0 0 1 48 96 
1712934937 394415 94415014 10 17 2 0 0 1 53 100 
1712934937 394537 94537007 12 13 1 0 0 2 39 40 40 58 
1712934937 394537 94537014 12 13 2 0 0 1 10 96 
1712934937 394726 94726000 11 16 0 0 0 1 8 174 
1712934937 394729 94729007 14 13 1 0 0 1 9 128 
1712934937 394729 94729014 14 13 2 0 0 1 4 119 
1712934937 394912 94912014 12 16 2 0 0 2 7 15 8 98 
1712934937 394925 94925000 10 17 0 0 0 1 47 108 
1712934937 394925 94925007 10 17 1 0 0 1 53 85 
1712934937 394946 94946007 11 14 1 0 0 2 58 19 59 83 
1712934937 394946 94946014 11 14 2 0 0 1 21 117 
1712934937 394980 94980000 10 12 0 0 0 1 49 78 
1712934937 394980 94980007 10 12 1 0 0 2 45 9 46 71 
1712934937 394980 94980014 10 12 2 0 0 1 50 97 
1712934937 395040 95040014 10 12 2 0 0 1 52 133 
1712934937 395074 95074000 14 16 0 0 0 1 29 112 
1712934937 395074 95074007 14 16 1 0 0 1 1 92 
1712934937 395203 95203000 13 13 0 0 0 2 8 58 9 45 
1712934937 395203 95203007 13 13 1 0 0 3 21 5 23 124 24 52 
1712934937 395203 95203014 13 13 2 0 0 1 44 113 
1712934937 395270 95270000 10 14 0 0 0 1 41 120 
1712934937 395270 95270007 10 14 1 0 0 1 62 171 
1712934937 395290 95290000 10 16 0 0 0 1 18 87 
1712934937 395290 95290007 10 16 1 0 0 1 34 135 
1712934937 395290 95290014 10 16 2 0 0 2 8 33 9 52 
1712934937 395386 95386000 11 16 0 0 0 2 48 76 59 72 
1712934937 395386 95386007 11 16 1 0 0 1 10 85 
1712934937 395386 95386014 11 16 2 0 0 1 62 84 
1712934937 395416 95416000 11 16 0 0 0 1 53 105 
1712934937 395416 95416007 11 16 1 0 0 2 15 62 16 31 
1712934937 395416 95416014 11 16 2 0 0 2 29 84 30 1 
1712934937 395422 95422000 12 16 0 0 0 2 19 55 20 46 
1712934937 395511 95511000 11 15 0 0 0 1 52 80 
1712934937 395536 95536000 11 16 0 0 0 2 62 5 63 90 
1712934937 395597 95597014 12 17 2 0 0 2 14 4 15 130 
1712934937 395648 95648014 13 14 2 0 0 2 2 28 3 111 
1712934937 395688 95688000 13 12 0 0 0 2 52 103 53 14 
1712934937 395688 95688007 13 12 1 0 0 1 30 102 
1712934937 395688 95688014 13 12 2 0 0 2 25 54 26 61 
1712934937 395748 95748007 13 12 1 0 0 2 62 64 63 22 
1712934937 395748 95748014 13 12 2 0 0 1 49 88 
1712934937 396007 96007000 12 13 0 0 0 1 50 86 
1712934937 396007 96007007 12 13 1 0 0 1 28 79 
1712934937 396007 96007014 12 13 2 0 0 1 50 92 
1712934937 396110 96110000 10 14 0 0 0 3 15 73 16 130 25 12 
1712934937 396110 96110007 10 14 1 0 0 2 16 9 17 117 
1712934937 396119 96119000 14 17 0 0 0 1 50 90 
1712934937 396119 96119007 14 17 1 0 0 2 41 135 42 49 
1712934937 396119 96119014 14 17 2 0 0 1 44 261 
1712934937 396178 96178000 13 16 0 0 0 1 57 152 
1712934937 396178 96178007 13 16 1 0 0 1 9 77 
1712934937 396178 96178014 13 16 2 0 0 1 61 89 
1712934937 396218 96218000 13 14 0 0 0 1 24 81 
1712934937 396218 96218007 13 14 1 0 0 1 13 112 
1712934937 396218 96218014 13 14 2 0 0 3 6 5 7 72 8 9 
1712934937 396288 96288000 13 12 0 0 0 1 10 95 
1712934937 396288 96288007 13 12 1 0 0 2 16 59 17 68 
1712934937 396364 96364000 14 16 0 0 0 1 2 133 
1712934937 396364 96364007 14 16 1 0 0 2 8 63 9 30 
1712934937 396404 96404007 14 14 1 0 0 2 8 19 22 81 
1712934937 396404 96404014 14 14 2 0 0 1 58 87 
1712934937 396516 96516014 11 12 2 0 0 2 22 68 23 62 
1712934937 396607 96607000 12 13 0 0 0 1 47 93 
1712934937 396607 96607007 12 13 1 0 0 2 33 68 34 64 
1712934937 396607 96607014 12 13 2 0 0 1 30 91 
1712934937 396643 96643007 13 13 1 0 0 1 27 119 
1712934937 396643 96643014 13 13 2 0 0 1 20 117 
1712934937 396699 96699000 14 15 0 0 0 2 15 95 23 172 
1712934937 396699 96699007 14 15 1 0 0 2 29 7 30 223 
1712934937 396699 96699014 14 15 2 0 0 1 23 103 
1712934937 396746 96746014 11 14 2 0 0 2 46 76 47 70 
1712934937 396857 96857000 12 17 0 0 0 1 47 123 
1712934937 396857 96857007 12 17 1 0 0 2 3 32 4 95 
1712934937 396864 96864000 14 12 0 0 0 1 61 82 
1712934937 396864 96864007 14 12 1 0 0 1 48 86 
1712934937 396864 96864014 14 12 2 0 0 1 59 103 
1712934937 396921 96921000 11 15 0 0 0 2 25 69 26 28 
1712934937 396921 96921007 11 15 1 0 0 2 29 31 30 85 
1712934937 396921 96921014 11 15 2 0 0 1 10 112 
1712934937 396945 96945014 10 15 2 0 0 1 5 112 
1712934937 396951 96951000 11 15 0 0 0 1 10 120 
1712934937 397018 97018007 13 16 1 0 0 1 47 111 
1712934937 397033 97033007 13 13 1 0 0 1 2 83 
1712934937 397033 97033014 13 13 2 0 0 1 47 82 
1712934937 397093 97093007 13 13 1 0 0 1 60 111 
1712934937 397093 97093014 13 13 2 0 0 1 40 155 
1712934937 397149 97149000 14 15 0 0 0 1 36 108 
1712934937 397149 97149007 14 15 1 0 0 1 28 84 
1712934937 397149 97149014 14 15 2 0 0 1 57 97 
1712934937 397348 97348000 13 16 0 0 0 3 8 5 15 14 16 75 
1712934937 397348 97348007 13 16 1 0 0 1 6 97 
1712934937 397423 97423000 13 13 0 0 0 1 19 100 
1712934937 397423 97423007 13 13 1 0 0 4 20 53 21 63 43 29 44 14 
1712934937 397423 97423014 13 13 2 0 0 1 28 180 
1712934937 397434 97434000 14 12 0 0 0 1 17 116 
1712934937 397434 97434007 14 12 1 0 0 2 41 68 42 33 
1712934937 397496 97496000 11 14 0 0 0 1 15 95 
1712934937 397496 97496007 11 14 1 0 0 1 31 89 
1712934937 397496 97496014 11 14 2 0 0 1 31 79 
1712934937 397583 97583014 13 17 2 0 0 1 44 117 
1712934937 397626 97626000 11 12 0 0 0 1 9 115 
1712934937 397626 97626007 11 12 1 0 0 2 52 19 53 104 
1712934937 397627 97627007 12 13 1 0 0 1 62 164 
1712934937 397691 97691000 11 17 0 0 0 1 43 86 
1712934937 397691 97691007 11 17 1 0 0 1 12 81 
1712934937 397691 97691014 11 17 2 0 0 1 46 84 
1712934937 397772 97772000 12 14 0 0 0 2 44 33 45 73 
1712934937 397806 97806000 11 12 0 0 0 1 24 82 
1712934937 397806 97806007 11 12 1 0 0 1 52 97 
1712934937 397806 97806014 11 12 2 0 0 2 34 90 35 12 
1712934937 397881 97881000 11 15 0 0 0 2 1 208 2 33 
1712934937 397987 97987007 12 13 1 0 0 1 54 70 
1712934937 397987 97987014 12 13 2 0 0 2 21 43 22 62 
1712934937 398170 98170000 10 16 0 0 0 2 40 81 41 137 
1712934937 398170 98170007 10 16 1 0 0 1 11 82 
1712934937 398170 98170014 10 16 2 0 0 1 39 105 
1712934937 398203 98203014 13 13 2 0 0 1 56 93 
1712934937 398366 98366007 11 14 1 0 0 2 56 63 57 50 
1712934937 398366 98366014 11 14 2 0 0 2 43 93 44 15 
1712934937 398712 98712014 12 12 2 0 0 2 51 10 62 166 
1712934937 398845 98845007 10 13 1 0 0 2 52 38 53 86 
1712934937 398856 98856007 11 12 1 0 0 1 7 110 
1712934937 398856 98856014 11 12 2 0 0 1 23 141 
1712934937 398958 98958000 13 12 0 0 0 1 20 86 
1712934937 398958 98958007 13 12 1 0 0 3 31 31 44 20 45 96 
1712934937 398958 98958014 13 12 2 0 0 1 16 85 
1712934937 399063 99063014 13 15 2 0 0 2 14 126 15 13 
1712934937 399162 99162000 12 12 0 0 0 1 40 141 
1712934937 399162 99162007 12 12 1 0 0 2 44 55 45 39 
1712934937 399176 99176000 11 14 0 0 0 2 9 39 10 64 
1712934937 399176 99176007 11 14 1 0 0 1 42 96 
1712934937 399176 99176014 11 14 2 0 0 1 50 93 
1712934937 399183 99183014 13 15 2 0 0 1 52 24 
1712934937 399212 99212014 12 14 2 0 0 2 40 29 41 25 
1712934937 399287 99287000 12 17 0 0 0 2 19 127 25 1 
1712934937 399287 99287007 12 17 1 0 0 3 6 114 15 27 16 5 
1712934937 399287 99287014 12 17 2 0 0 1 3 142 
1712934937 399362 99362000 12 14 0 0 0 1 51 77 
1712934937 399362 99362007 12 14 1 0 0 1 23 87 
1712934937 399362 99362014 12 14 2 0 0 1 57 153 
1712934937 399403 99403000 13 13 0 0 0 1 1 177 
1712934937 399403 99403007 13 13 1 0 0 2 24 20 25 78 
1712934937 399403 99403014 13 13 2 0 0 1 11 114 
1712934937 399462 99462000 12 12 0 0 0 1 19 108 
1712934937 399462 99462007 12 12 1 0 0 1 60 92 
1712934937 399475 99475000 10 13 0 0 0 1 41 129 
1712934937 399475 99475007 10 13 1 0 0 1 40 154 
1712934937 399475 99475014 10 13 2 0 0 2 53 39 54 91 
1712934937 399555 99555000 10 15 0 0 0 2 41 88 48 157 
1712934937 399555 99555007 10 15 1 0 0 1 56 116 
1712934937 399555 99555014 10 15 2 0 0 1 36 80 
1712934937 399641 99641014 11 17 2 0 0 1 45 94 
1712934937 399661 99661000 11 13 0 0 0 1 33 104 
1712934937 399661 99661007 11 13 1 0 0 1 58 92 
1712934937 399747 99747000 12 15 0 0 0 1 42 202 
1712934937 399747 99747007 12 15 1 0 0 2 29 10 30 99 
1712934937 399747 99747014 12 15 2 0 0 1 32 100 
1712934937 399805 99805007 10 13 1 0 0 2 2 33 3 82 
1712934937 399805 99805014 10 13 2 0 0 1 10 122 
1712934937 399815 99815000 10 17 0 0 0 1 11 92 
1712934937 399815 99815007 10 17 1 0 0 2 23 1 24 107 
1712934937 399815 99815014 10 17 2 0 0 1 12 91 
1712934938 400000 0 10 16 0 0 0 3 1 94 2 16 3 63 
1712934938 400000 7 10 16 1 0 0 1 11 150 
1712934938 400000 14 10 16 2 0 0 1 6 99 
1712934938 400066 66000 11 16 0 0 0 1 0 89 
1712934938 400066 66007 11 16 1 0 0 1 50 22 
1712934938 400107 107000 12 15 0 0 0 2 30 79 31 22 
1712934938 400193 193007 13 17 1 0 0 1 55 122 
1712934938 400267 267000 12 13 0 0 0 1 15 94 
1712934938 400267 267007 12 13 1 0 0 2 59 47 60 100 
1712934938 400275 275014 10 15 2 0 0 1 58 105 
1712934938 400397 397014 12 17 2 0 0 2 57 26 58 53 
1712934938 400519 519014 14 13 2 0 0 2 0 108 1 28 
1712934938 400537 537000 12 13 0 0 0 1 27 109 
1712934938 400537 537007 12 13 1 0 0 1 23 86 
1712934938 400537 537014 12 13 2 0 0 2 42 65 43 113 
1712934938 400555 555000 10 13 0 0 0 1 62 27 
1712934938 400577 577000 12 17 0 0 0 2 4 52 5 33 
1712934938 400586 586000 11 14 0 0 0 1 14 79 
1712934938 400586 586007 11 14 1 0 0 2 38 76 39 55 
1712934938 400586 586014 11 14 2 0 0 1 17 206 
1712934938 400635 635014 10 15 2 0 0 1 0 94 
1712934938 400694 694000 14 14 0 0 0 2 61 72 62 16 
1712934938 400694 694007 14 14 1 0 0 1 26 81 
1712934938 400694 694014 14 14 2 0 0 1 44 90 
1712934938 400695 695000 10 15 0 0 0 1 7 85 
1712934938 400695 695007 10 15 1 0 0 2 48 38 49 44 
1712934938 400695 695014 10 15 2 0 0 1 21 114 
1712934938 400697 697014 12 17 2 0 0 1 43 123 
1712934938 400699 699007 14 13 1 0 0 1 63 89 
1712934938 400699 699014 14 13 2 0 0 1 31 98 
1712934938 400704 704007 14 12 1 0 0 2 27 24 28 83 
1712934938 400704 704014 14 12 2 0 0 1 54 115 
1712934938 400737 737000 12 15 0 0 0 1 56 82 
1712934938 400737 737007 12 15 1 0 0 1 62 77 
1712934938 400737 737014 12 15 2 0 0 1 54 107 
1712934938 400781 781014 11 17 2 0 0 1 56 85 
1712934938 400828 828014 13 16 2 0 0 1 4 107 
1712934938 400845 845000 10 15 0 0 0 1 58 88 
1712934938 400878 878014 13 12 2 0 0 1 9 103 
1712934938 400889 889014 14 17 2 0 0 1 21 6 
1712934938 400913 913000 13 17 0 0 0 2 21 71 22 73 
1712934938 400913 913007 13 17 1 0 0 2 55 40 56 72 
1712934938 400926 926014 11 12 2 0 0 2 39 121 40 2 
1712934938 401092 1092000 12 16 0 0 0 1 44 108 
1712934938 401291 1291014 11 17 2 0 0 1 57 106 
1712934938 401298 1298000 13 12 0 0 0 1 19 91 
1712934938 401298 1298007 13 12 1 0 0 1 24 91 
1712934938 401298 1298014 13 12 2 0 0 1 30 95 
1712934938 401334 1334000 14 12 0 0 0 1 42 128 
1712934938 401334 1334007 14 12 1 0 0 2 44 46 45 53 
1712934938 401359 1359000 14 13 0 0 0 2 6 25 7 69 
1712934938 401376 1376000 11 12 0 0 0 1 35 114 
1712934938 401376 1376007 11 12 1 0 0 1 23 78 
1712934938 401376 1376014 11 12 2 0 0 1 45 107 
1712934938 401441 1441000 11 17 0 0 0 2 43 42 44 52 
1712934938 401441 1441007 11 17 1 0 0 1 19 141 
1712934938 401487 1487014 12 15 2 0 0 1 24 114 
1712934938 401492 1492014 12 14 2 0 0 1 3 83 
1712934938 401583 1583014 13 15 2 0 0 3 55 4 59 121 60 6 
1712934938 401595 1595007 10 15 1 0 0 2 55 60 56 21 
1712934938 401595 1595014 10 15 2 0 0 1 49 151 
1712934938 401604 1604000 14 12 0 0 0 1 23 98 
1712934938 401604 1604007 14 12 1 0 0 1 37 81 
1712934938 401604 1604014 14 12 2 0 0 1 21 86 
1712934938 401610 1610000 10 12 0 0 0 2 61 40 62 41 
1712934938 401610 1610007 10 12 1 0 0 2 41 38 42 86 
1712934938 401610 1610014 10 12 2 0 0 1 31 136 
1712934938 401907 1907014 12 15 2 0 0 1 47 100 
1712934938 402026 2026000 11 14 0 0 0 2 10 61 11 30 
1712934938 402026 2026007 11 14 1 0 0 1 27 95 
1712934938 402026 2026014 11 14 2 0 0 1 41 94 
1712934938 402127 2127000 12 13 0 0 0 1 5 84 
1712934938 402127 2127007 12 13 1 0 0 2 21 72 22 14 
1712934938 402127 2127014 12 13 2 0 0 1 14 82 
1712934938 402338 2338007 13 14 1 0 0 1 43 101 
1712934938 402338 2338014 13 14 2 0 0 3 39 19 40 186 41 17 
1712934938 402483 2483000 13 15 0 0 0 1 2 49 
1712934938 402483 2483007 13 15 1 0 0 1 17 120 
1712934938 402483 2483014 13 15 2 0 0 2 15 28 16 70 
1712934938 402494 2494000 14 14 0 0 0 2 17 29 18 66 
1712934938 402494 2494007 14 14 1 0 0 2 4 14 5 69 
1712934938 402522 2522007 12 12 1 0 0 2 5 29 6 72 
1712934938 402522 2522014 12 12 2 0 0 1 22 107 
1712934938 402603 2603000 13 15 0 0 0 2 28 62 29 46 
1712934938 402603 2603007 13 15 1 0 0 2 26 76 27 6 
1712934938 402603 2603014 13 15 2 0 0 1 56 92 
1712934938 402651 2651000 11 15 0 0 0 2 11 49 12 51 
1712934938 402658 2658000 13 16 0 0 0 1 32 124 
1712934938 402688 2688007 13 16 1 0 0 2 13 66 14 18 
1712934938 402688 2688014 13 16 2 0 0 1 5 94 
1712934938 402739 2739000 14 13 0 0 0 1 37 95 
1712934938 402739 2739007 14 13 1 0 0 1 11 91 
1712934938 402780 2780000 10 12 0 0 0 1 13 90 
1712934938 402780 2780007 10 12 1 0 0 2 18 32 19 87 
1712934938 402780 2780014 10 12 2 0 0 1 34 180 
1712934938 402819 2819007 14 15 1 0 0 1 48 13 
1712934938 402841 2841007 11 13 1 0 0 2 11 2 12 130 
1712934938 402841 2841014 11 13 2 0 0 1 34 100 
1712934938 402868 2868000 13 16 0 0 0 2 26 47 27 144 
1712934938 402902 2902000 12 14 0 0 0 1 3 90 
1712934938 402923 2923014 13 17 2 0 0 2 3 26 4 77 
1712934938 403181 3181014 11 17 2 0 0 1 56 36 
1712934938 403254 3254007 14 12 1 0 0 2 9 155 10 54 
1712934938 403254 3254014 14 12 2 0 0 1 10 103 
1712934938 403291 3291000 11 13 0 0 0 1 58 203 
1712934938 403291 3291007 11 13 1 0 0 1 32 91 
1712934938 403307 3307007 12 17 1 0 0 1 52 138 
1712934938 403307 3307014 12 17 2 0 0 1 36 115 
1712934938 403384 3384014 14 16 2 0 0 2 46 113 47 6 
1712934938 403526 3526014 11 14 2 0 0 1 44 103 
1712934938 403533 3533014 13 15 2 0 0 3 44 3 46 8 47 191 
1712934938 403575 3575000 10 15 0 0 0 1 49 99 
1712934938 403575 3575007 10 15 1 0 0 1 60 195 
1712934938 403575 3575014 10 15 2 0 0 1 44 97 
1712934938 403691 3691014 11 17 2 0 0 2 11 162 12 1 
1712934938 403700 3700000 10 14 0 0 0 2 14 85 15 13 
1712934938 403700 3700007 10 14 1 0 0 1 35 91 
1712934938 403796 3796000 11 14 0 0 0 1 4 89 
1712934938 403908 3908000 13 12 0 0 0 2 27 41 28 50 
1712934938 403908 3908007 13 12 1 0 0 2 24 51 25 29 
1712934938 403908 3908014 13 12 2 0 0 1 12 100 
1712934938 404030 4030000 10 14 0 0 0 1 12 91 
1712934938 404030 4030007 10 14 1 0 0 1 35 91 
1712934938 404030 4030014 10 14 2 0 0 1 8 82 
1712934938 404127 4127000 12 15 0 0 0 2 12 66 13 44 
1712934938 404193 4193014 13 15 2 0 0 2 17 30 18 62 
1712934938 404257 4257014 12 13 2 0 0 1 32 15 
1712934938 404300 4300014 10 14 2 0 0 1 46 86 
1712934938 404489 4489000 14 17 0 0 0 2 58 70 59 11 
1712934938 404503 4503000 13 13 0 0 0 2 1 39 2 55 
1712934938 404589 4589000 14 15 0 0 0 1 49 103 
1712934938 404589 4589007 14 15 1 0 0 1 24 143 
1712934938 404589 4589014 14 15 2 0 0 1 37 103 
1712934938 404678 4678000 13 14 0 0 0 1 40 213 
1712934938 404678 4678007 13 14 1 0 0 2 23 63 24 79 
1712934938 404678 4678014 13 14 2 0 0 1 48 102 
1712934938 404683 4683014 13 13 2 0 0 2 3 58 4 84 
1712934938 404868 4868000 13 12 0 0 0 1 18 183 
1712934938 404868 4868007 13 12 1 0 0 2 22 113 46 38 
1712934938 404868 4868014 13 12 2 0 0 1 23 87 
1712934938 404893 4893000 13 13 0 0 0 2 41 14 42 89 
1712934938 405065 5065007 10 17 1 0 0 2 44 85 45 26 
1712934938 405065 5065014 10 17 2 0 0 2 36 84 37 31 
1712934938 405175 5175000 10 13 0 0 0 2 37 112 38 16 
1712934938 405190 5190007 10 16 1 0 0 1 38 98 
1712934938 405190 5190014 10 16 2 0 0 2 25 1 26 111 
1712934938 405200 5200014 10 14 2 0 0 1 63 139 
1712934938 405243 5243000 13 15 0 0 0 2 62 7 63 241 
1712934938 405243 5243007 13 15 1 0 0 1 9 99 
1712934938 405244 5244000 14 16 0 0 0 1 31 77 
1712934938 405244 5244007 14 16 1 0 0 1 6 79 
1712934938 405244 5244014 14 16 2 0 0 2 38 14 39 78 
1712934938 405414 5414000 14 12 0 0 0 1 29 94 
1712934938 405414 5414007 14 12 1 0 0 1 23 142 
1712934938 405453 5453000 13 15 0 0 0 1 25 98 
1712934938 405453 5453007 13 15 1 0 0 1 40 101 
1712934938 405566 5566000 11 14 0 0 0 1 6 85 
1712934938 405593 5593000 13 17 0 0 0 1 52 134 
1712934938 405593 5593007 13 17 1 0 0 2 3 2 4 153 
1712934938 405633 5633000 13 15 0 0 0 2 0 78 1 46 
1712934938 405633 5633007 13 15 1 0 0 1 34 163 
1712934938 405633 5633014 13 15 2 0 0 2 52 23 53 91 
1712934938 405681 5681014 11 15 2 0 0 1 63 112 
1712934938 405719 5719000 14 17 0 0 0 1 13 94 
1712934938 405781 5781014 11 13 2 0 0 1 59 146 
1712934938 405841 5841014 11 13 2 0 0 2 36 75 37 66 
1712934938 405922 5922014 12 16 2 0 0 1 33 12 
1712934938 405987 5987014 12 15 2 0 0 1 0 152 
1712934938 406069 6069000 14 13 0 0 0 1 43 128 
1712934938 406160 6160000 10 14 0 0 0 1 30 142 
1712934938 406231 6231000 11 13 0 0 0 1 12 96 
1712934938 406231 6231007 11 13 1 0 0 2 8 53 9 60 
1712934938 406231 6231014 11 13 2 0 0 1 51 124 
1712934938 406453 6453000 13 13 0 0 0 1 42 101 
1712934938 406453 6453007 13 13 1 0 0 1 63 96 
1712934938 406541 6541000 11 17 0 0 0 2 22 5 23 97 
1712934938 406541 6541007 11 17 1 0 0 2 12 47 13 65 
1712934938 406541 6541014 11 17 2 0 0 1 15 89 
1712934938 406563 6563007 13 15 1 0 0 1 55 139 
1712934938 406685 6685000 10 17 0 0 0 1 4 91 
1712934938 406685 6685007 10 17 1 0 0 1 55 99 
1712934938 406782 6782007 12 12 1 0 0 1 13 113 
1712934938 406782 6782014 12 12 2 0 0 2 50 99 51 24 
1712934938 406897 6897000 12 13 0 0 0 1 14 110 
1712934938 406897 6897007 12 13 1 0 0 1 53 127 
1712934938 407302 7302007 12 16 1 0 0 2 54 53 55 74 
1712934938 407302 7302014 12 16 2 0 0 2 21 39 22 82 
1712934938 407338 7338000 13 16 0 0 0 1 58 85 
1712934938 407338 7338007 13 16 1 0 0 1 40 81 
1712934938 407376 7376000 11 12 0 0 0 2 27 139 28 50 
1712934938 407376 7376007 11 12 1 0 0 2 4 8 5 110 
1712934938 407563 7563007 13 13 1 0 0 2 9 7 10 98 
1712934938 407563 7563014 13 13 2 0 0 1 53 104 
1712934938 407574 7574000 14 12 0 0 0 1 7 89 
1712934938 407574 7574007 14 12 1 0 0 1 7 120 
1712934938 407581 7581007 11 13 1 0 0 1 54 92 
1712934938 407585 7585000 10 17 0 0 0 1 22 159 
1712934938 407585 7585007 10 17 1 0 0 1 11 79 
1712934938 407585 7585014 10 17 2 0 0 1 20 97 
1712934938 407629 7629014 14 13 2 0 0 1 21 102 
1712934938 407633 7633014 13 17 2 0 0 1 61 116 
1712934938 407655 7655007 10 15 1 0 0 1 63 5 
1712934938 407706 7706007 11 12 1 0 0 1 5 94 
1712934938 407706 7706014 11 12 2 0 0 2 23 80 24 19 
1712934938 407823 7823000 13 15 0 0 0 1 41 116 
1712934938 407847 7847000 12 15 0 0 0 1 33 160 
1712934938 407847 7847007 12 15 1 0 0 1 30 88 
1712934938 407847 7847014 12 15 2 0 0 2 23 18 24 56 
1712934938 407867 7867014 12 17 2 0 0 2 5 33 6 163 
1712934938 408094 8094000 14 16 0 0 0 2 3 27 4 74 
1712934938 408094 8094007 14 16 1 0 0 1 38 103 
1712934938 408094 8094014 14 16 2 0 0 2 42 106 43 15 
1712934938 408202 8202000 12 16 0 0 0 2 41 57 42 37 
1712934938 408202 8202007 12 16 1 0 0 1 34 83 
1712934938 408202 8202014 12 16 2 0 0 1 55 96 
1712934938 408249 8249000 14 15 0 0 0 1 42 146 
1712934938 408249 8249007 14 15 1 0 0 2 3 72 4 97 
1712934938 408384 8384014 14 12 2 0 0 2 59 1 60 123 
1712934938 408432 8432014 12 12 2 0 0 2 49 47 50 69 
1712934938 408475 8475014 10 13 2 0 0 2 1 16 2 96 
1712934938 408598 8598007 13 16 1 0 0 1 8 126 
1712934938 408775 8775000 10 13 0 0 0 1 2 97 
1712934938 408807 8807014 12 15 2 0 0 1 9 145 
1712934938 408828 8828000 13 12 0 0 0 2 21 68 22 50 
1712934938 408828 8828007 13 12 1 0 0 1 39 121 
1712934938 408859 8859014 14 13 2 0 0 1 18 124 
1712934938 408874 8874014 14 16 2 0 0 2 37 100 38 10 
1712934938 408881 8881014 11 17 2 0 0 1 63 123 
1712934938 408987 8987000 12 15 0 0 0 1 24 82 
1712934938 408987 8987007 12 15 1 0 0 1 54 91 
1712934938 408987 8987014 12 15 2 0 0 1 29 85 
1712934938 409179 9179000 14 15 0 0 0 1 8 100 
1712934938 409179 9179007 14 15 1 0 0 1 49 83 
1712934938 409179 9179014 14 15 2 0 0 2 8 20 9 133 
1712934938 409322 9322014 12 14 2 0 0 1 51 115 
1712934938 409365 9365000 10 15 0 0 0 1 44 80 
1712934938 409365 9365007 10 15 1 0 0 1 34 87 
1712934938 409365 9365014 10 15 2 0 0 1 33 76 
1712934938 409389 9389000 14 15 0 0 0 1 38 97 
1712934938 409389 9389007 14 15 1 0 0 1 32 96 
1712934938 409389 9389014 14 15 2 0 0 1 8 103 
1712934938 409396 9396014 11 16 2 0 0 2 51 65 52 106 
1712934938 409564 9564007 14 16 1 0 0 1 7 87 
1712934938 409564 9564014 14 16 2 0 0 1 32 94 
1712934938 409626 9626007 11 12 1 0 0 2 6 80 7 87 
1712934938 409626 9626014 11 12 2 0 0 1 61 114 
1712934938 409664 9664000 14 14 0 0 0 1 53 99 
1712934938 409664 9664007 14 14 1 0 0 2 56 33 57 73 
1712934938 409699 9699000 14 13 0 0 0 1 24 93 
1712934938 409762 9762000 12 16 0 0 0 2 14 127 17 17 
1712934938 409762 9762007 12 16 1 0 0 2 35 92 36 25 
1712934938 409762 9762014 12 16 2 0 0 1 12 91 
1712934938 409927 9927014 12 13 2 0 0 1 48 121 
1712934938 410183 10183014 13 17 2 0 0 2 47 77 48 19 
1712934938 410185 10185007 10 13 1 0 0 1 6 88 
1712934938 410383 10383000 13 13 0 0 0 1 0 118 
1712934938 410456 10456007 11 14 1 0 0 1 62 114 
1712934938 410456 10456014 11 14 2 0 0 2 1 62 2 27 
1712934938 410522 10522014 12 14 2 0 0 1 5 120 
1712934938 410544 10544014 14 12 2 0 0 2 7 40 8 111 
1712934938 410629 10629014 14 13 2 0 0 2 59 92 60 39 
1712934938 410630 10630014 10 14 2 0 0 1 4 94 
1712934938 410649 10649014 14 15 2 0 0 1 50 96 
1712934938 410801 10801000 11 17 0 0 0 1 17 104 
1712934938 410801 10801007 11 17 1 0 0 2 35 90 36 9 
1712934938 410801 10801014 11 17 2 0 0 1 17 116 
1712934938 410853 10853000 13 15 0 0 0 1 21 96 
1712934938 410853 10853007 13 15 1 0 0 1 35 118 
1712934938 410853 10853014 13 15 2 0 0 1 49 88 
1712934938 410907 10907000 12 15 0 0 0 1 49 84 
1712934938 410907 10907007 12 15 1 0 0 1 8 88 
1712934938 410907 10907014 12 15 2 0 0 1 36 85 
1712934938 410935 10935000 10 13 0 0 0 1 40 109 
1712934938 410935 10935007 10 13 1 0 0 2 24 40 25 61 
1712934938 410935 10935014 10 13 2 0 0 1 33 104 
1712934938 410940 10940007 10 12 1 0 0 1 36 113 
1712934938 410940 10940014 10 12 2 0 0 2 37 36 38 57 
1712934938 411011 11011000 11 17 0 0 0 1 33 79 
1712934938 411011 11011007 11 17 1 0 0 1 0 111 
1712934938 411029 11029007 14 17 1 0 0 1 45 122 
1712934938 411029 11029014 14 17 2 0 0 2 16 72 17 29 
1712934938 411141 11141014 11 15 2 0 0 2 37 187 38 77 
1712934938 411205 11205000 10 13 0 0 0 1 7 92 
1712934938 411205 11205007 10 13 1 0 0 1 56 99 
1712934938 411205 11205014 10 13 2 0 0 1 17 81 
1712934938 411215 11215014 10 17 2 0 0 2 61 107 62 76 
1712934938 411251 11251014 11 17 2 0 0 2 2 15 3 96 
1712934938 411292 11292000 12 16 0 0 0 2 49 95 50 35 
1712934938 411292 11292007 12 16 1 0 0 1 48 19 
1712934938 411378 11378000 13 12 0 0 0 1 29 86 
1712934938 411402 11402000 12 12 0 0 0 1 62 87 
1712934938 411442 11442000 12 16 0 0 0 1 5 94 
1712934938 411442 11442007 12 16 1 0 0 1 14 94 
1712934938 411498 11498007 13 12 1 0 0 2 61 72 62 16 
1712934938 411498 11498014 13 12 2 0 0 1 1 142 
1712934938 411516 11516000 11 12 0 0 0 1 6 87 
1712934938 411516 11516007 11 12 1 0 0 1 56 100 
1712934938 411516 11516014 11 12 2 0 0 1 14 77 
1712934938 411653 11653014 13 17 2 0 0 1 8 24 
1712934938 411675 11675000 10 15 0 0 0 1 24 91 
1712934938 411675 11675007 10 15 1 0 0 1 60 78 
1712934938 411723 11723007 13 15 1 0 0 2 55 87 56 25 
1712934938 411736 11736000 11 16 0 0 0 1 43 98 
1712934938 411736 11736007 11 16 1 0 0 1 25 109 
1712934938 411736 11736014 11 16 2 0 0 1 46 129 
1712934938 411916 11916000 11 16 0 0 0 1 2 124 
1712934938 412134 12134000 14 12 0 0 0 1 1 199 
1712934938 412134 12134007 14 12 1 0 0 1 21 90 
1712934938 412134 12134014 14 12 2 0 0 1 18 125 
1712934938 412306 12306007 11 16 1 0 0 2 49 4 50 123 
1712934938 412306 12306014 11 16 2 0 0 1 19 119 
1712934938 412321 12321000 11 13 0 0 0 2 30 104 31 39 
1712934938 412321 12321007 11 13 1 0 0 1 8 99 
1712934938 412449 12449000 14 15 0 0 0 2 46 45 47 64 
1712934938 412580 12580000 10 14 0 0 0 1 27 102 
1712934938 412580 12580007 10 14 1 0 0 1 50 101 
1712934938 412666 12666007 11 16 1 0 0 1 10 118 
1712934938 412666 12666014 11 16 2 0 0 2 47 59 48 43 
1712934938 412717 12717000 12 13 0 0 0 1 29 131 
1712934938 412767 12767000 12 15 0 0 0 1 52 104 
1712934938 412767 12767007 12 15 1 0 0 1 12 76 
1712934938 412767 12767014 12 15 2 0 0 1 57 83 
1712934938 412822 12822000 12 16 0 0 0 1 44 134 
1712934938 412822 12822007 12 16 1 0 0 1 13 88 
1712934938 412822 12822014 12 16 2 0 0 1 16 82 
1712934938 412871 12871007 11 17 1 0 0 1 63 78 
1712934938 412871 12871014 11 17 2 0 0 1 2 94 
1712934938 412928 12928000 13 14 0 0 0 1 48 94 
1712934938 412928 12928007 13 14 1 0 0 2 49 102 50 12 
1712934938 412973 12973000 13 17 0 0 0 1 62 115 
1712934938 413085 13085014 10 15 2 0 0 1 56 121 
1712934938 413110 13110000 10 16 0 0 0 2 44 207 45 45 
1712934938 413110 13110007 10 16 1 0 0 1 29 78 
1712934938 413110 13110014 10 16 2 0 0 1 55 84 
1712934938 413197 13197000 12 13 0 0 0 1 0 63 
1712934938 413238 13238007 13 12 1 0 0 1 0 17 
1712934938 413238 13238014 13 12 2 0 0 1 17 139 
1712934938 413263 13263000 13 13 0 0 0 2 24 57 25 23 
1712934938 413263 13263007 13 13 1 0 0 2 3 113 4 14 
1712934938 413349 13349014 14 15 2 0 0 1 0 20 
1712934938 413449 13449000 14 13 0 0 0 1 34 105 
1712934938 413449 13449007 14 13 1 0 0 2 6 2 7 106 
1712934938 413485 13485007 10 13 1 0 0 1 8 159 
1712934938 413485 13485014 10 13 2 0 0 2 61 178 62 88 
1712934938 413538 13538000 13 12 0 0 0 1 8 87 
1712934938 413538 13538007 13 12 1 0 0 1 13 98 
1712934938 413551 13551000 11 13 0 0 0 1 0 118 
1712934938 413599 13599000 14 13 0 0 0 1 28 107 
1712934938 413772 13772000 12 12 0 0 0 1 20 114 
1712934938 413775 13775007 10 15 1 0 0 2 46 106 47 52 
1712934938 413775 13775014 10 15 2 0 0 1 0 165 
1712934938 413810 13810000 10 14 0 0 0 1 50 93 
1712934938 413810 13810007 10 14 1 0 0 2 11 83 12 15 
1712934938 413810 13810014 10 14 2 0 0 1 49 103 
1712934938 413855 13855014 10 17 2 0 0 2 55 59 56 40 
1712934938 413869 13869007 14 13 1 0 0 1 54 137 
1712934938 413869 13869014 14 13 2 0 0 2 33 74 34 59 
1712934938 413902 13902007 12 16 1 0 0 1 2 81 
1712934938 413902 13902014 12 16 2 0 0 1 44 84 
1712934938 413907 13907014 12 15 2 0 0 1 0 110 
1712934938 413926 13926000 11 16 0 0 0 1 5 111 
1712934938 413926 13926007 11 16 1 0 0 1 26 103 
1712934938 413926 13926014 11 16 2 0 0 1 6 119 
1712934938 414013 14013007 13 13 1 0 0 2 46 41 47 80 
1712934938 414013 14013014 13 13 2 0 0 2 41 136 42 71 
1712934938 414179 14179007 14 17 1 0 0 1 3 89 
1712934938 414179 14179014 14 17 2 0 0 1 58 80 
1712934938 414205 14205014 10 13 2 0 0 1 59 105 
1712934938 414305 14305000 10 17 0 0 0 1 44 103 
1712934938 414305 14305007 10 17 1 0 0 1 27 106 
1712934938 414305 14305014 10 17 2 0 0 1 49 100 
1712934938 414335 14335000 10 17 0 0 0 1 7 141 
1712934938 414335 14335007 10 17 1 0 0 2 17 23 18 67 
1712934938 414335 14335014 10 17 2 0 0 1 0 51 
1712934938 414337 14337000 12 13 0 0 0 1 34 93 
1712934938 414478 14478007 13 16 1 0 0 1 54 121 
1712934938 414478 14478014 13 16 2 0 0 1 19 110 
1712934938 414682 14682014 12 16 2 0 0 1 35 137 
1712934938 414753 14753000 13 15 0 0 0 1 41 80 
1712934938 414753 14753007 13 15 1 0 0 1 26 96 
1712934938 414753 14753014 13 15 2 0 0 1 23 85 
1712934938 414778 14778007 13 16 1 0 0 2 46 44 47 58 
1712934938 414778 14778014 13 16 2 0 0 2 51 86 52 16 
1712934938 414823 14823000 13 13 0 0 0 1 5 92 
1712934938 414823 14823007 13 13 1 0 0 1 49 78 
1712934938 414823 14823014 13 13 2 0 0 1 6 80 
1712934938 414854 14854007 14 14 1 0 0 1 0 116 
1712934938 414877 14877000 12 13 0 0 0 2 14 124 15 14 
1712934938 414877 14877007 12 13 1 0 0 2 48 60 49 50 
1712934938 414897 14897014 12 15 2 0 0 1 0 164 
1712934938 414899 14899000 14 17 0 0 0 2 33 96 34 30 
1712934938 414899 14899007 14 17 1 0 0 1 11 134 
1712934938 414919 14919000 14 13 0 0 0 1 19 89 
1712934938 414919 14919007 14 13 1 0 0 1 57 106 
1712934938 414957 14957007 12 15 1 0 0 1 49 178 
1712934938 414996 14996000 11 12 0 0 0 2 6 85 7 13 
1712934938 415036 15036000 11 16 0 0 0 1 26 69 
1712934938 415175 15175000 10 17 0 0 0 2 14 160 15 53 
1712934938 415175 15175007 10 17 1 0 0 1 3 84 
1712934938 415316 15316007 11 14 1 0 0 1 50 107 
1712934938 415316 15316014 11 14 2 0 0 1 32 130 
1712934938 415431 15431007 11 15 1 0 0 1 51 93 
1712934938 415506 15506000 11 12 0 0 0 2 32 86 33 20 
1712934938 415576 15576014 11 16 2 0 0 2 9 90 10 90 
1712934938 415637 15637000 12 17 0 0 0 1 38 95 
1712934938 415637 15637007 12 17 1 0 0 2 24 2 25 81 
1712934938 415637 15637014 12 17 2 0 0 2 49 63 50 14 
1712934938 415639 15639014 14 13 2 0 0 2 59 65 60 26 
1712934938 415664 15664000 14 14 0 0 0 1 21 163 
1712934938 415664 15664007 14 14 1 0 0 1 26 259 
1712934938 415790 15790000 10 14 0 0 0 1 27 18 
1712934938 415822 15822000 12 16 0 0 0 1 4 123 
1712934938 415822 15822007 12 16 1 0 0 1 18 96 
1712934938 415822 15822014 12 16 2 0 0 1 4 91 
1712934938 415887 15887014 12 15 2 0 0 2 51 66 52 55 
1712934938 415926 15926000 11 12 0 0 0 1 0 5 
1712934938 416056 16056000 11 16 0 0 0 1 23 88 
1712934938 416057 16057000 12 17 0 0 0 1 55 98 
1712934938 416077 16077000 12 13 0 0 0 1 45 114 
1712934938 416077 16077007 12 13 1 0 0 2 30 171 42 69 
1712934938 416077 16077014 12 13 2 0 0 1 57 132 
1712934938 416383 16383007 13 13 1 0 0 1 53 16 
1712934938 416413 16413014 13 13 2 0 0 2 49 138 50 20 
1712934938 416422 16422014 12 16 2 0 0 2 60 112 61 4 
1712934938 416697 16697014 12 15 2 0 0 1 30 97 
1712934938 416747 16747000 12 17 0 0 0 2 35 148 36 44 
1712934938 416747 16747007 12 17 1 0 0 1 20 119 
1712934938 416765 16765000 10 17 0 0 0 1 11 94 
1712934938 416765 16765007 10 17 1 0 0 1 7 86 
1712934938 416856 16856000 11 12 0 0 0 2 11 175 12 5 
1712934938 416856 16856007 11 12 1 0 0 2 29 51 30 57 
1712934938 416856 16856014 11 12 2 0 0 1 48 107 
1712934938 416880 16880014 10 12 2 0 0 1 10 76 
1712934938 416933 16933007 13 17 1 0 0 1 24 148 
1712934938 416933 16933014 13 17 2 0 0 2 52 17 53 126 
1712934938 416980 16980000 10 16 0 0 0 2 4 18 5 107 
1712934938 416980 16980007 10 16 1 0 0 1 59 174 
1712934938 416980 16980014 10 16 2 0 0 2 56 90 57 18 
1712934938 417047 17047007 12 17 1 0 0 1 4 111 
1712934938 417047 17047014 12 17 2 0 0 2 44 97 45 15 
1712934938 417099 17099014 14 15 2 0 0 2 61 35 62 63 
1712934938 417116 17116014 11 14 2 0 0 2 52 53 53 80 
1712934938 417162 17162000 12 12 0 0 0 1 14 96 
1712934938 417162 17162007 12 12 1 0 0 2 26 140 27 53 
1712934938 417162 17162014 12 12 2 0 0 1 18 104 
1712934938 417350 17350000 10 14 0 0 0 1 35 167 
1712934938 417419 17419000 14 17 0 0 0 2 51 12 52 81 
1712934938 417456 17456000 11 12 0 0 0 1 15 79 
1712934938 417456 17456007 11 12 1 0 0 1 46 93 
1712934938 417456 17456014 11 12 2 0 0 1 24 90 
1712934938 417560 17560007 10 14 1 0 0 1 63 9 
1712934938 417560 17560014 10 14 2 0 0 3 30 21 54 40 55 85 
1712934938 417565 17565000 10 13 0 0 0 1 12 95 
1712934938 417565 17565007 10 13 1 0 0 1 29 93 
1712934938 417565 17565014 10 13 2 0 0 1 21 105 
1712934938 417673 17673014 13 13 2 0 0 2 18 85 19 52 
1712934938 417761 17761007 11 17 1 0 0 1 62 56 
1712934938 417761 17761014 11 17 2 0 0 2 54 69 55 35 
1712934938 417765 17765000 10 15 0 0 0 1 9 144 
1712934938 417826 17826000 11 16 0 0 0 1 49 126 
1712934938 417826 17826007 11 16 1 0 0 2 37 27 38 78 
1712934938 417826 17826014 11 16 2 0 0 1 39 97 
1712934938 417857 17857007 12 17 1 0 0 2 55 82 56 51 
1712934938 417857 17857014 12 17 2 0 0 1 43 132 
1712934938 417882 17882000 12 12 0 0 0 2 50 35 51 49 
1712934938 417882 17882007 12 12 1 0 0 1 11 106 
1712934938 417882 17882014 12 12 2 0 0 1 63 77 
1712934938 417911 17911007 11 17 1 0 0 2 2 76 3 21 
1712934938 417999 17999007 14 15 1 0 0 1 1 1 
1712934938 418001 18001014 11 17 2 0 0 2 16 134 17 13 
1712934938 418068 18068000 13 12 0 0 0 2 47 15 48 84 
1712934938 418068 18068007 13 12 1 0 0 1 24 77 
1712934938 418068 18068014 13 12 2 0 0 2 58 43 59 59 
1712934938 418090 18090014 10 16 2 0 0 2 16 53 17 98 
1712934938 418191 18191014 11 15 2 0 0 1 12 128 
1712934938 418212 18212007 12 12 1 0 0 1 57 110 
1712934938 418365 18365014 10 15 2 0 0 1 35 137 
1712934938 418415 18415000 10 17 0 0 0 1 33 86 
1712934938 418415 18415007 10 17 1 0 0 1 29 145 
1712934938 418415 18415014 10 17 2 0 0 1 14 84 
1712934938 418451 18451000 11 17 0 0 0 2 6 8 7 98 
1712934938 418451 18451007 11 17 1 0 0 1 14 111 
1712934938 418451 18451014 11 17 2 0 0 1 17 95 
1712934938 418456 18456000 11 16 0 0 0 1 1 123 
1712934938 418456 18456007 11 16 1 0 0 2 28 13 29 87 
1712934938 418456 18456014 11 16 2 0 0 1 16 106 
1712934938 418464 18464007 14 12 1 0 0 2 61 27 62 150 
1712934938 418464 18464014 14 12 2 0 0 2 59 107 60 2 
1712934938 418571 18571007 11 17 1 0 0 1 10 95 
1712934938 418571 18571014 11 17 2 0 0 1 55 80 
1712934938 418828 18828000 13 16 0 0 0 2 51 45 52 46 
1712934938 418828 18828007 13 16 1 0 0 2 44 45 45 50 
1712934938 418828 18828014 13 16 2 0 0 1 26 96 
1712934938 418830 18830000 10 12 0 0 0 1 3 22 
1712934938 418879 18879000 14 13 0 0 0 1 0 111 
1712934938 418936 18936000 11 16 0 0 0 1 34 185 
1712934938 418936 18936007 11 16 1 0 0 2 33 129 34 104 
1712934938 418936 18936014 11 16 2 0 0 1 37 103 
1712934938 419147 19147000 12 17 0 0 0 1 36 85 
1712934938 419147 19147007 12 17 1 0 0 2 33 54 34 57 
1712934938 419147 19147014 12 17 2 0 0 1 31 158 
1712934938 419180 19180000 10 14 0 0 0 1 16 101 
1712934938 419180 19180007 10 14 1 0 0 1 43 90 
1712934938 419180 19180014 10 14 2 0 0 1 34 105 
1712934938 419224 19224007 14 16 1 0 0 1 44 129 
1712934938 419224 19224014 14 16 2 0 0 2 12 14 13 112 
1712934938 419316 19316000 11 12 0 0 0 1 14 98 
1712934938 419316 19316007 11 12 1 0 0 1 56 101 
1712934938 419316 19316014 11 12 2 0 0 1 15 122 
1712934938 419361 19361014 11 15 2 0 0 1 25 82 
1712934938 419437 19437014 12 13 2 0 0 2 42 38 43 101 
1712934938 419439 19439007 14 15 1 0 0 1 8 79 
1712934938 419439 19439014 14 15 2 0 0 1 19 90 
1712934938 419535 19535000 10 15 0 0 0 1 61 104 
1712934938 419535 19535007 10 15 1 0 0 1 45 114 
1712934938 419535 19535014 10 15 2 0 0 2 13 108 14 1 
1712934938 419537 19537014 12 17 2 0 0 2 5 29 6 54 
1712934938 419565 19565007 10 15 1 0 0 2 61 46 62 36 
1712934938 419746 19746000 11 16 0 0 0 2 31 25 32 67 
1712934938 419760 19760000 10 12 0 0 0 1 55 79 
1712934938 419760 19760007 10 12 1 0 0 2 7 4 8 78 
1712934938 419887 19887007 12 13 1 0 0 2 37 95 38 20 
1712934938 419887 19887014 12 13 2 0 0 2 23 83 24 43 
1712934938 419947 19947014 12 13 2 0 0 1 11 98 
1712934938 419969 19969000 14 17 0 0 0 2 30 84 31 16 
1712934938 419969 19969007 14 17 1 0 0 1 19 124 
1712934938 420116 20116000 11 14 0 0 0 2 54 37 55 74 
1712934938 420116 20116007 11 14 1 0 0 2 42 100 43 7 
1712934938 420116 20116014 11 14 2 0 0 1 48 94 
1712934938 420191 20191000 11 17 0 0 0 2 2 1 3 73 
1712934938 420272 20272000 12 14 0 0 0 1 41 107 
1712934938 420272 20272007 12 14 1 0 0 1 63 112 
1712934938 420283 20283000 13 13 0 0 0 3 28 30 29 57 38 114 
1712934938 420283 20283007 13 13 1 0 0 1 22 145 
1712934938 420283 20283014 13 13 2 0 0 1 43 94 
1712934938 420290 20290000 10 14 0 0 0 1 63 121 
1712934938 420290 20290007 10 14 1 0 0 2 24 33 25 91 
1712934938 420290 20290014 10 14 2 0 0 2 15 2 16 106 
1712934938 420477 20477000 12 15 0 0 0 1 53 105 
1712934938 420477 20477007 12 15 1 0 0 1 46 112 
1712934938 420477 20477014 12 15 2 0 0 2 14 125 15 56 
1712934938 420497 20497014 12 17 2 0 0 1 23 90 
1712934938 420504 20504000 14 12 0 0 0 1 42 124 
1712934938 420504 20504007 14 12 1 0 0 1 38 88 
1712934938 420504 20504014 14 12 2 0 0 2 61 60 62 49 
1712934938 420544 20544007 14 16 1 0 0 1 29 93 
1712934938 420544 20544014 14 16 2 0 0 2 5 11 6 83 
1712934938 420550 20550014 10 16 2 0 0 1 35 98 
1712934938 420599 20599000 14 17 0 0 0 1 30 74 
1712934938 420599 20599007 14 17 1 0 0 2 48 15 49 96 
1712934938 420599 20599014 14 17 2 0 0 2 45 17 46 66 
1712934938 420852 20852014 12 12 2 0 0 2 60 117 61 27 
1712934938 420914 20914000 14 14 0 0 0 1 8 81 
1712934938 420914 20914007 14 14 1 0 0 1 7 88 
1712934938 420914 20914014 14 14 2 0 0 1 10 84 
1712934938 420922 20922000 12 16 0 0 0 1 59 88 
1712934938 420922 20922007 12 16 1 0 0 2 45 2 46 106 
1712934938 420922 20922014 12 16 2 0 0 1 34 97 
1712934938 420947 20947014 12 17 2 0 0 1 0 5 
1712934938 420953 20953000 13 17 0 0 0 2 34 78 35 29 
1712934938 421109 21109014 14 17 2 0 0 2 57 38 58 94 
1712934938 421136 21136000 11 14 0 0 0 1 63 83 
1712934938 421136 21136007 11 14 1 0 0 1 29 99 
1712934938 421175 21175014 10 17 2 0 0 1 49 26 
1712934938 421227 21227000 12 15 0 0 0 2 5 33 6 66 
1712934938 421248 21248000 13 12 0 0 0 1 46 112 
1712934938 421248 21248007 13 12 1 0 0 2 2 189 12 79 
1712934938 421248 21248014 13 12 2 0 0 1 35 173 
1712934938 421268 21268000 13 14 0 0 0 1 62 5 
1712934938 421268 21268014 13 14 2 0 0 1 13 133 
1712934938 421336 21336014 11 16 2 0 0 2 6 41 7 72 
1712934938 421385 21385000 10 17 0 0 0 2 38 7 39 82 
1712934938 421385 21385007 10 17 1 0 0 1 0 88 
1712934938 421479 21479000 14 15 0 0 0 1 53 85 
1712934938 421518 21518007 13 12 1 0 0 1 57 86 
1712934938 421518 21518014 13 12 2 0 0 1 19 87 
1712934938 421800 21800000 10 12 0 0 0 1 41 103 
1712934938 421800 21800007 10 12 1 0 0 1 51 93 
1712934938 421820 21820000 10 14 0 0 0 1 42 88 
1712934938 421820 21820007 10 14 1 0 0 1 28 83 
1712934938 421820 21820014 10 14 2 0 0 1 53 92 
1712934938 421857 21857007 12 15 1 0 0 1 61 108 
1712934938 421885 21885000 10 13 0 0 0 1 20 107 
1712934938 421885 21885007 10 13 1 0 0 1 32 97 
1712934938 421893 21893000 13 15 0 0 0 1 4 108 
1712934938 421899 21899000 14 15 0 0 0 1 26 90 
1712934938 421899 21899007 14 15 1 0 0 1 43 113 
1712934938 421899 21899014 14 15 2 0 0 2 22 22 23 55 
1712934938 421941 21941014 11 15 2 0 0 1 13 136 
1712934938 421972 21972000 12 16 0 0 0 2 52 59 53 33 
1712934938 421972 21972007 12 16 1 0 0 1 24 97 
1712934938 421972 21972014 12 16 2 0 0 1 40 85 
1712934938 422066 22066000 11 14 0 0 0 1 9 126 
1712934938 422066 22066007 11 14 1 0 0 2 45 50 46 50 
1712934938 422108 22108014 13 14 2 0 0 1 25 106 
1712934938 422156 22156007 11 14 1 0 0 2 47 41 48 117 
1712934938 422156 22156014 11 14 2 0 0 1 19 92 
1712934938 422170 22170014 10 16 2 0 0 1 30 165 
1712934938 422190 22190007 10 12 1 0 0 2 7 5 8 126 
1712934938 422190 22190014 10 12 2 0 0 1 9 105 
1712934938 422245 22245014 10 13 2 0 0 1 8 113 
1712934938 422253 22253014 13 15 2 0 0 1 35 110 
1712934938 422403 22403007 13 15 1 0 0 3 42 1 58 21 59 189 
1712934938 422741 22741000 11 17 0 0 0 1 16 89 
1712934938 422741 22741007 11 17 1 0 0 1 33 80 
1712934938 422741 22741014 11 17 2 0 0 1 4 100 
1712934938 422755 22755000 10 13 0 0 0 2 23 5 24 80 
1712934938 422755 22755007 10 13 1 0 0 1 48 93 
1712934938 422768 22768014 13 14 2 0 0 1 19 25 
1712934938 422790 22790007 10 12 1 0 0 2 61 72 62 17 
1712934938 422938 22938000 13 16 0 0 0 1 53 92 
1712934938 422938 22938007 13 16 1 0 0 1 57 111 
1712934938 422938 22938014 13 16 2 0 0 1 56 81 
1712934938 422971 22971007 11 13 1 0 0 1 11 188 
1712934938 422971 22971014 11 13 2 0 0 2 35 70 36 39 
1712934938 422976 22976014 11 12 2 0 0 1 32 128 
1712934938 423057 23057000 12 15 0 0 0 2 27 76 28 15 
1712934938 423057 23057007 12 15 1 0 0 2 26 3 27 117 
1712934938 423085 23085007 10 13 1 0 0 1 36 76 
1712934938 423085 23085014 10 13 2 0 0 1 8 81 
1712934938 423128 23128000 13 14 0 0 0 1 22 98 
1712934938 423128 23128007 13 14 1 0 0 1 30 107 
1712934938 423128 23128014 13 14 2 0 0 1 19 109 
1712934938 423206 23206014 11 14 2 0 0 1 2 74 
1712934938 423267 23267007 12 15 1 0 0 2 54 71 55 23 
1712934938 423267 23267014 12 15 2 0 0 1 22 104 
1712934938 423360 23360000 10 12 0 0 0 2 43 6 44 98 
1712934938 423578 23578000 13 14 0 0 0 5 2 39 3 101 4 107 5 38 20 97 
1712934938 423578 23578007 13 14 1 0 0 1 10 152 
1712934938 423579 23579000 14 15 0 0 0 1 18 123 
1712934938 423579 23579007 14 15 1 0 0 2 37 23 38 94 
1712934938 423653 23653014 13 17 2 0 0 2 34 80 35 35 
1712934938 423751 23751014 11 13 2 0 0 2 43 31 44 186 
1712934938 423787 23787000 12 13 0 0 0 2 59 123 60 2 
1712934938 423787 23787007 12 13 1 0 0 2 28 97 29 49 
1712934938 423787 23787014 12 13 2 0 0 2 6 88 7 22 
1712934938 423801 23801000 11 15 0 0 0 1 61 105 
1712934938 423801 23801007 11 15 1 0 0 2 57 23 58 62 
1712934938 423933 23933000 13 15 0 0 0 1 37 87 
1712934938 423933 23933007 13 15 1 0 0 1 43 98 
1712934938 423933 23933014 13 15 2 0 0 1 60 95 
1712934938 424005 24005000 10 15 0 0 0 2 54 113 55 10 
1712934938 424047 24047000 12 15 0 0 0 1 59 119 
1712934938 424047 24047007 12 15 1 0 0 1 3 81 
1712934938 424055 24055014 10 17 2 0 0 1 38 103 
1712934938 424171 24171000 11 13 0 0 0 1 22 82 
1712934938 424171 24171007 11 13 1 0 0 1 36 128 
1712934938 424171 24171014 11 13 2 0 0 1 28 163 
1712934938 424216 24216000 11 16 0 0 0 1 33 88 
1712934938 424216 24216007 11 16 1 0 0 1 51 81 
1712934938 424216 24216014 11 16 2 0 0 1 34 87 
1712934938 424226 24226007 11 14 1 0 0 2 26 25 27 60 
1712934938 424226 24226014 11 14 2 0 0 1 50 92 
1712934938 424268 24268014 13 14 2 0 0 1 62 142 
1712934938 424303 24303007 13 13 1 0 0 1 11 148 
1712934938 424303 24303014 13 13 2 0 0 1 12 93 
1712934938 424325 24325007 10 17 1 0 0 1 57 120 
1712934938 424325 24325014 10 17 2 0 0 1 27 107 
1712934938 424440 24440000 10 12 0 0 0 1 2 93 
1712934938 424440 24440007 10 12 1 0 0 1 61 78 
1712934938 424534 24534000 14 16 0 0 0 1 62 103 
1712934938 424534 24534007 14 16 1 0 0 1 32 81 
1712934938 424534 24534014 14 16 2 0 0 1 38 90 
1712934938 424550 24550014 10 14 2 0 0 1 46 110 
1712934938 424577 24577014 12 17 2 0 0 1 19 95 
1712934938 424616 24616000 11 14 0 0 0 1 63 91 
1712934938 424616 24616007 11 14 1 0 0 1 45 103 
1712934938 424616 24616014 11 14 2 0 0 1 48 113 
1712934938 424650 24650000 10 12 0 0 0 1 33 81 
1712934938 424650 24650007 10 12 1 0 0 2 38 44 39 52 
1712934938 424650 24650014 10 12 2 0 0 1 34 77 
1712934938 424743 24743014 13 15 2 0 0 1 55 92 
1712934938 424828 24828000 13 16 0 0 0 1 28 94 
1712934938 424828 24828014 13 16 2 0 0 1 19 92 
1712934938 424870 24870007 10 16 1 0 0 2 48 57 49 43 
1712934938 424870 24870014 10 16 2 0 0 1 62 96 
1712934938 424885 24885014 10 13 2 0 0 1 27 93 
1712934938 424952 24952000 12 14 0 0 0 1 48 113 
1712934938 424955 24955014 10 17 2 0 0 1 62 76 
1712934938 424956 24956000 11 12 0 0 0 1 62 158 
1712934938 424999 24999000 14 13 0 0 0 1 61 30 
1712934938 425008 25008014 13 16 2 0 0 1 20 99 
1712934938 425052 25052000 12 12 0 0 0 1 63 81 
1712934938 425127 25127000 12 15 0 0 0 1 20 91 
1712934938 425127 25127007 12 15 1 0 0 1 59 87 
1712934938 425127 25127014 12 15 2 0 0 1 18 78 
1712934938 425140 25140000 10 16 0 0 0 1 16 101 
1712934938 425227 25227000 12 13 0 0 0 1 29 85 
1712934938 425350 25350000 10 16 0 0 0 1 52 76 
1712934938 425350 25350007 10 16 1 0 0 1 33 103 
1712934938 425350 25350014 10 16 2 0 0 1 47 87 
1712934938 425363 25363000 13 17 0 0 0 1 9 103 
1712934938 425493 25493000 13 15 0 0 0 1 21 202 
1712934938 425615 25615000 10 17 0 0 0 1 36 102 
1712934938 425615 25615007 10 17 1 0 0 1 38 86 
1712934938 425615 25615014 10 17 2 0 0 1 18 83 
1712934938 425668 25668000 13 16 0 0 0 2 2 68 3 23 
1712934938 425706 25706014 11 12 2 0 0 2 8 63 9 80 
1712934938 425732 25732000 12 14 0 0 0 1 20 93 
1712934938 425732 25732007 12 14 1 0 0 2 41 84 42 9 
1712934938 425732 25732014 12 14 2 0 0 1 18 109 
1712934938 425843 25843000 13 17 0 0 0 1 39 108 
1712934938 425843 25843007 13 17 1 0 0 1 39 127 
1712934938 425850 25850000 10 12 0 0 0 1 54 89 
1712934938 425855 25855000 10 17 0 0 0 1 5 84 
1712934938 425999 25999007 14 17 1 0 0 1 34 148 
1712934938 425999 25999014 14 17 2 0 0 2 48 79 49 27 
1712934938 426013 26013000 13 13 0 0 0 1 23 97 
1712934938 426013 26013007 13 13 1 0 0 1 34 111 
1712934938 426013 26013014 13 13 2 0 0 1 47 86 
1712934938 426067 26067000 12 13 0 0 0 2 53 37 54 55 
1712934938 426122 26122014 12 14 2 0 0 1 56 90 
1712934938 426126 26126007 11 12 1 0 0 3 40 13 41 171 42 123 
1712934938 426126 26126014 11 12 2 0 0 1 48 118 
1712934938 426170 26170000 10 14 0 0 0 2 9 81 10 66 
1712934938 426221 26221000 11 17 0 0 0 1 1 85 
1712934938 426221 26221007 11 17 1 0 0 1 1 77 
1712934938 426273 26273000 13 15 0 0 0 1 23 122 
1712934938 426273 26273007 13 15 1 0 0 2 34 102 35 35 
1712934938 426273 26273014 13 15 2 0 0 1 28 101 
1712934938 426329 26329007 14 17 1 0 0 2 38 139 39 20 
1712934938 426329 26329014 14 17 2 0 0 2 30 80 31 74 
1712934938 426333 26333000 13 15 0 0 0 1 33 75 
1712934938 426333 26333007 13 15 1 0 0 1 15 174 
1712934938 426333 26333014 13 15 2 0 0 1 42 75 
1712934938 426517 26517014 12 13 2 0 0 1 8 110 
1712934938 426657 26657000 12 15 0 0 0 2 48 13 49 83 
1712934938 426657 26657007 12 15 1 0 0 2 53 61 54 29 
1712934938 426657 26657014 12 15 2 0 0 1 11 97 
1712934938 426814 26814000 14 16 0 0 0 1 41 112 
1712934938 426878 26878000 13 14 0 0 0 1 44 75 
1712934938 426878 26878007 13 14 1 0 0 1 51 104 
1712934938 426878 26878014 13 14 2 0 0 2 34 36 35 43 
1712934938 426993 26993000 13 15 0 0 0 2 3 100 4 4 
1712934938 427064 27064014 14 14 2 0 0 2 52 55 53 53 
1712934938 427314 27314000 14 12 0 0 0 1 11 93 
1712934938 427314 27314007 14 12 1 0 0 1 19 77 
1712934938 427314 27314014 14 12 2 0 0 1 10 101 
1712934938 427392 27392000 12 12 0 0 0 2 3 84 4 1 
1712934938 427392 27392007 12 12 1 0 0 2 18 24 19 72 
1712934938 427392 27392014 12 12 2 0 0 1 2 107 
1712934938 427597 27597000 12 13 0 0 0 1 0 2 
1712934938 427639 27639000 14 13 0 0 0 1 8 80 
1712934938 427639 27639007 14 13 1 0 0 1 49 97 
1712934938 427639 27639014 14 13 2 0 0 1 18 85 
1712934938 427654 27654000 14 16 0 0 0 1 34 82 
1712934938 427654 27654007 14 16 1 0 0 1 44 74 
1712934938 427654 27654014 14 16 2 0 0 1 42 101 
1712934938 427759 27759000 14 13 0 0 0 2 51 70 52 11 
1712934938 427759 27759007 14 13 1 0 0 1 35 96 
1712934938 427759 27759014 14 13 2 0 0 2 45 91 46 15 
1712934938 427805 27805014 10 17 2 0 0 2 30 54 31 119 
1712934938 427850 27850007 10 14 1 0 0 2 21 67 22 44 
1712934938 427850 27850014 10 14 2 0 0 1 23 126 
1712934938 427928 27928000 13 14 0 0 0 1 33 109 
1712934938 427928 27928007 13 14 1 0 0 1 20 110 
1712934938 427928 27928014 13 14 2 0 0 1 34 82 
1712934938 428060 28060014 10 14 2 0 0 1 61 114 
1712934938 428232 28232000 12 12 0 0 0 1 57 89 
1712934938 428241 28241000 11 15 0 0 0 2 29 41 30 61 
1712934938 428241 28241007 11 15 1 0 0 1 56 107 
1712934938 428275 28275007 10 13 1 0 0 1 8 90 
1712934938 428275 28275014 10 13 2 0 0 1 24 91 
1712934938 428372 28372007 12 14 1 0 0 1 20 105 
1712934938 428372 28372014 12 14 2 0 0 1 10 113 
1712934938 428514 28514007 14 12 1 0 0 2 52 88 53 27 
1712934938 428625 28625014 10 15 2 0 0 2 55 22 56 171 
1712934938 428657 28657000 12 17 0 0 0 2 49 65 50 50 
1712934938 428657 28657007 12 17 1 0 0 1 27 167 
1712934938 428657 28657014 12 17 2 0 0 2 0 62 1 52 
1712934938 428767 28767014 12 13 2 0 0 1 40 129 
1712934938 428812 28812000 12 16 0 0 0 2 11 55 12 109 
1712934938 428812 28812007 12 16 1 0 0 1 21 94 
1712934938 428812 28812014 12 16 2 0 0 1 14 80 
1712934938 428857 28857014 12 13 2 0 0 2 57 122 58 46 
1712934938 428961 28961014 11 15 2 0 0 1 9 100 
1712934938 429014 29014000 14 14 0 0 0 1 47 12 
1712934938 429117 29117014 12 15 2 0 0 2 6 49 7 35 
1712934938 429136 29136014 11 16 2 0 0 1 4 102 
1712934938 429164 29164000 14 14 0 0 0 1 34 103 
1712934938 429182 29182007 12 14 1 0 0 1 61 91 
1712934938 429182 29182014 12 14 2 0 0 1 35 90 
1712934938 429190 29190000 10 16 0 0 0 1 61 94 
1712934938 429298 29298000 13 16 0 0 0 1 27 86 
1712934938 429298 29298007 13 16 1 0 0 1 17 96 
1712934938 429298 29298014 13 16 2 0 0 1 28 96 
1712934938 429309 29309007 14 15 1 0 0 1 45 104 
1712934938 429309 29309014 14 15 2 0 0 1 50 110 
1712934938 429400 29400000 10 16 0 0 0 1 42 110 
1712934938 429400 29400007 10 16 1 0 0 2 2 118 3 85 
1712934938 429435 29435000 10 15 0 0 0 1 14 92 
1712934938 429435 29435007 10 15 1 0 0 1 13 82 
1712934938 429435 29435014 10 15 2 0 0 2 14 87 15 31 
1712934938 429465 29465014 10 15 2 0 0 2 17 45 18 50 
1712934938 429487 29487014 12 13 2 0 0 1 7 124 
1712934938 429593 29593000 13 17 0 0 0 2 40 16 41 72 
1712934938 429593 29593007 13 17 1 0 0 2 3 48 4 38 
1712934938 429953 29953014 13 17 2 0 0 1 11 181 
1712934938 429960 29960000 10 12 0 0 0 1 11 97 
1712934938 429991 29991000 11 13 0 0 0 2 23 62 24 56 
1712934938 430020 30020000 10 12 0 0 0 2 52 76 53 13 
1712934938 430020 30020007 10 12 1 0 0 1 35 83 
1712934938 430020 30020014 10 12 2 0 0 1 35 107 
1712934938 430021 30021014 11 13 2 0 0 1 7 109 
1712934938 430053 30053000 13 15 0 0 0 1 42 83 
1712934938 430053 30053007 13 15 1 0 0 1 22 75 
1712934938 430053 30053014 13 15 2 0 0 1 33 78 
1712934938 430222 30222007 12 16 1 0 0 1 14 123 
1712934938 430222 30222014 12 16 2 0 0 1 37 109 
1712934938 430352 30352000 12 14 0 0 0 1 48 80 
1712934938 430352 30352007 12 14 1 0 0 1 58 88 
1712934938 430352 30352014 12 14 2 0 0 1 46 99 
1712934938 430598 30598000 13 14 0 0 0 1 38 87 
1712934938 430598 30598007 13 14 1 0 0 1 46 98 
1712934938 430654 30654007 14 16 1 0 0 1 0 32 
1712934938 430654 30654014 14 16 2 0 0 1 58 102 
1712934938 430655 30655007 10 17 1 0 0 1 6 90 
1712934938 430655 30655014 10 17 2 0 0 1 31 110 
1712934938 430659 30659007 14 15 1 0 0 1 63 85 
1712934938 430659 30659014 14 15 2 0 0 1 1 105 
1712934938 430675 30675007 10 13 1 0 0 2 7 63 8 119 
1712934938 430675 30675014 10 13 2 0 0 2 31 44 32 77 
1712934938 430679 30679007 14 17 1 0 0 1 43 42 
1712934938 430679 30679014 14 17 2 0 0 1 31 83 
1712934938 430728 30728000 13 12 0 0 0 1 30 89 
1712934938 430728 30728007 13 12 1 0 0 1 33 101 
1712934938 430738 30738014 13 16 2 0 0 1 21 109 
1712934938 430798 30798000 13 16 0 0 0 2 62 48 63 76 
1712934938 430798 30798007 13 16 1 0 0 1 21 137 
1712934938 430798 30798014 13 16 2 0 0 1 22 115 
1712934938 430900 30900007 10 16 1 0 0 1 27 59 
1712934938 430900 30900014 10 16 2 0 0 1 8 103 
1712934938 430910 30910000 10 14 0 0 0 1 19 100 
1712934938 430910 30910007 10 14 1 0 0 1 22 96 
1712934938 430910 30910014 10 14 2 0 0 1 26 87 
1712934938 430916 30916000 11 14 0 0 0 1 12 107 
1712934938 430916 30916007 11 14 1 0 0 1 8 123 
1712934938 430916 30916014 11 14 2 0 0 1 7 86 
1712934938 430981 30981000 11 13 0 0 0 2 38 82 39 30 
1712934938 431006 31006000 11 14 0 0 0 1 18 83 
1712934938 431082 31082000 12 12 0 0 0 1 46 104 
1712934938 431082 31082007 12 12 1 0 0 1 43 99 
1712934938 431082 31082014 12 12 2 0 0 2 1 17 2 86 
1712934938 431139 31139000 14 15 0 0 0 2 62 34 63 62 
1712934938 431139 31139007 14 15 1 0 0 1 16 135 
1712934938 431139 31139014 14 15 2 0 0 2 19 107 20 3 
1712934938 431198 31198000 13 14 0 0 0 1 51 47 
1712934938 431206 31206014 11 16 2 0 0 2 49 24 50 90 
1712934938 431259 31259007 14 15 1 0 0 2 29 12 30 81 
1712934938 431259 31259014 14 15 2 0 0 1 16 87 
1712934938 431273 31273000 13 17 0 0 0 2 13 52 14 29 
1712934938 431273 31273007 13 17 1 0 0 1 27 82 
1712934938 431273 31273014 13 17 2 0 0 1 0 80 
1712934938 431317 31317000 12 13 0 0 0 1 46 89 
1712934938 431317 31317007 12 13 1 0 0 2 29 92 30 15 
1712934938 431317 31317014 12 13 2 0 0 1 41 105 
1712934938 431379 31379000 14 15 0 0 0 1 53 194 
1712934938 431379 31379007 14 15 1 0 0 1 48 94 
1712934938 431520 31520014 10 12 2 0 0 1 40 133 
1712934938 431524 31524000 14 16 0 0 0 1 61 92 
1712934938 431524 31524007 14 16 1 0 0 1 44 75 
1712934938 431524 31524014 14 16 2 0 0 1 62 84 
1712934938 431546 31546014 11 14 2 0 0 1 49 106 
1712934938 431572 31572000 12 16 0 0 0 1 58 86 
1712934938 431627 31627007 12 17 1 0 0 1 6 107 
1712934938 431627 31627014 12 17 2 0 0 2 33 37 34 70 
1712934938 431793 31793000 13 15 0 0 0 2 21 75 22 23 
1712934938 431793 31793007 13 15 1 0 0 1 39 134 
1712934938 431835 31835000 10 15 0 0 0 1 25 102 
1712934938 431835 31835007 10 15 1 0 0 1 21 92 
1712934938 431835 31835014 10 15 2 0 0 1 16 126 
1712934938 432096 32096000 11 12 0 0 0 1 5 109 
1712934938 432126 32126000 11 12 0 0 0 1 55 83 
1712934938 432126 32126007 11 12 1 0 0 2 19 35 20 62 
1712934938 432126 32126014 11 12 2 0 0 1 47 83 
1712934938 432254 32254014 14 14 2 0 0 1 23 20 
1712934938 432265 32265007 10 13 1 0 0 1 7 80 
1712934938 432265 32265014 10 13 2 0 0 1 4 135 
1712934938 432316 32316014 11 16 2 0 0 1 20 120 
1712934938 432339 32339014 14 15 2 0 0 2 10 161 11 113 
1712934938 432486 32486014 11 12 2 0 0 1 62 162 
1712934938 432542 32542000 12 14 0 0 0 2 21 72 22 20 
1712934938 432542 32542007 12 14 1 0 0 1 61 97 
1712934938 432638 32638014 13 14 2 0 0 2 53 14 54 90 
1712934938 432639 32639000 14 15 0 0 0 1 53 147 
1712934938 432639 32639007 14 15 1 0 0 1 58 94 
1712934938 432665 32665000 10 17 0 0 0 2 60 209 61 55 
1712934938 432695 32695000 10 17 0 0 0 1 26 83 
1712934938 432695 32695007 10 17 1 0 0 1 47 86 
1712934938 432695 32695014 10 17 2 0 0 1 25 108 
1712934938 432800 32800014 10 14 2 0 0 2 29 19 30 21 
1712934938 432975 32975014 10 15 2 0 0 1 1 97 
1712934938 433028 33028000 13 14 0 0 0 2 11 68 23 95 
1712934938 433028 33028007 13 14 1 0 0 1 49 91 
1712934938 433028 33028014 13 14 2 0 0 2 30 181 31 2 
1712934938 433121 33121000 11 17 0 0 0 2 30 36 31 42 
1712934938 433121 33121007 11 17 1 0 0 1 56 83 
1712934938 433121 33121014 11 17 2 0 0 1 18 96 
1712934938 433133 33133007 13 17 1 0 0 2 60 31 61 62 
1712934938 433133 33133014 13 17 2 0 0 1 40 80 
1712934938 433144 33144000 14 16 0 0 0 1 34 140 
1712934938 433144 33144007 14 16 1 0 0 2 19 132 20 16 
1712934938 433174 33174007 14 16 1 0 0 1 59 120 
1712934938 433174 33174014 14 16 2 0 0 2 33 73 34 23 
1712934938 433240 33240000 10 16 0 0 0 2 45 115 46 10 
1712934938 433240 33240007 10 16 1 0 0 2 29 29 30 98 
1712934938 433240 33240014 10 16 2 0 0 1 51 93 
1712934938 433376 33376000 11 14 0 0 0 1 44 78 
1712934938 433376 33376007 11 14 1 0 0 1 59 84 
1712934938 433376 33376014 11 14 2 0 0 1 36 90 
1712934938 433390 33390000 10 16 0 0 0 1 30 84 
1712934938 433390 33390007 10 16 1 0 0 1 51 84 
1712934938 433390 33390014 10 16 2 0 0 1 29 108 
1712934938 433465 33465000 10 13 0 0 0 1 51 98 
1712934938 433465 33465007 10 13 1 0 0 1 61 80 
1712934938 433492 33492000 12 16 0 0 0 2 18 81 19 13 
1712934938 433492 33492007 12 16 1 0 0 2 36 64 37 26 
1712934938 433492 33492014 12 16 2 0 0 2 39 39 40 70 
1712934938 433508 33508014 13 14 2 0 0 1 37 121 
1712934938 433524 33524014 14 12 2 0 0 1 49 97 
1712934938 433553 33553014 13 17 2 0 0 2 43 4 44 114 
1712934938 433645 33645000 10 13 0 0 0 1 39 111 
1712934938 433645 33645007 10 13 1 0 0 1 11 104 
1712934938 433795 33795000 10 13 0 0 0 1 15 85 
1712934938 433795 33795007 10 13 1 0 0 2 36 35 37 53 
1712934938 433795 33795014 10 13 2 0 0 1 14 120 
1712934938 433823 33823014 13 17 2 0 0 1 18 163 
1712934938 433994 33994000 14 14 0 0 0 2 28 145 29 3 
1712934938 433994 33994007 14 14 1 0 0 1 30 108 
1712934938 434000 34000000 10 14 0 0 0 1 47 96 
1712934938 434000 34000007 10 14 1 0 0 1 60 112 
1712934938 434119 34119007 14 13 1 0 0 1 60 94 
1712934938 434119 34119014 14 13 2 0 0 2 56 1 57 88 
1712934938 434151 34151000 11 15 0 0 0 1 6 84 
1712934938 434151 34151007 11 15 1 0 0 1 2 91 
1712934938 434220 34220000 10 12 0 0 0 1 10 92 
1712934938 434220 34220007 10 12 1 0 0 1 42 104 
1712934938 434220 34220014 10 12 2 0 0 2 40 65 41 19 
1712934938 434431 34431000 11 13 0 0 0 2 17 71 18 44 
1712934938 434431 34431007 11 13 1 0 0 1 8 98 
1712934938 434431 34431014 11 13 2 0 0 1 50 96 
1712934938 434447 34447000 12 17 0 0 0 1 52 86 
1712934938 434447 34447007 12 17 1 0 0 1 14 82 
1712934938 434447 34447014 12 17 2 0 0 1 48 88 
1712934938 434486 34486000 11 14 0 0 0 2 56 34 57 49 
1712934938 434486 34486007 11 14 1 0 0 1 58 108 
1712934938 434496 34496000 11 12 0 0 0 1 23 105 
1712934938 434496 34496007 11 12 1 0 0 2 18 39 19 55 
1712934938 434496 34496014 11 12 2 0 0 1 22 94 
1712934938 434505 34505000 10 15 0 0 0 1 20 139 
1712934938 434505 34505007 10 15 1 0 0 1 60 135 
1712934938 434662 34662000 12 16 0 0 0 1 24 102 
1712934938 434662 34662007 12 16 1 0 0 1 35 103 
1712934938 434662 34662014 12 16 2 0 0 1 25 96 
1712934938 434701 34701000 11 13 0 0 0 1 1 122 
1712934938 434751 34751000 11 15 0 0 0 1 38 90 
1712934938 434751 34751007 11 15 1 0 0 1 50 109 
1712934938 434751 34751014 11 15 2 0 0 2 57 92 58 47 
1712934938 434814 34814000 14 12 0 0 0 1 43 87 
1712934938 434816 34816000 11 14 0 0 0 1 13 83 
1712934938 434816 34816007 11 14 1 0 0 2 30 103 45 33 
1712934938 434816 34816014 11 14 2 0 0 1 16 75 
1712934938 434996 34996000 11 14 0 0 0 1 27 150 
1712934938 434996 34996007 11 14 1 0 0 2 16 21 17 98 
1712934938 435109 35109000 14 13 0 0 0 3 29 109 30 67 32 1 
1712934938 435109 35109007 14 13 1 0 0 3 16 82 40 18 41 104 
1712934938 435117 35117000 12 15 0 0 0 1 11 99 
1712934938 435117 35117007 12 15 1 0 0 1 23 98 
1712934938 435140 35140000 10 14 0 0 0 1 58 86 
1712934938 435146 35146000 11 14 0 0 0 1 27 93 
1712934938 435146 35146007 11 14 1 0 0 2 19 156 20 51 
1712934938 435146 35146014 11 14 2 0 0 1 22 94 
1712934938 435234 35234000 14 12 0 0 0 1 42 100 
1712934938 435255 35255000 10 15 0 0 0 1 40 93 
1712934938 435255 35255007 10 15 1 0 0 1 35 135 
1712934938 435255 35255014 10 15 2 0 0 2 57 71 58 27 
1712934938 435344 35344000 14 14 0 0 0 2 21 65 22 30 
1712934938 435422 35422000 12 14 0 0 0 1 47 108 
1712934938 435422 35422007 12 14 1 0 0 2 24 22 25 74 
1712934938 435438 35438014 13 12 2 0 0 1 12 116 
1712934938 435623 35623000 13 17 0 0 0 1 47 86 
1712934938 435623 35623007 13 17 1 0 0 2 38 78 39 22 
1712934938 435623 35623014 13 17 2 0 0 1 53 89 
1712934938 435698 35698000 13 14 0 0 0 1 57 79 
1712934938 435698 35698007 13 14 1 0 0 1 57 92 
1712934938 435787 35787000 12 13 0 0 0 2 26 18 27 77 
1712934938 435787 35787007 12 13 1 0 0 1 42 89 
1712934938 435787 35787014 12 13 2 0 0 1 5 99 
1712934938 435827 35827014 12 17 2 0 0 1 25 86 
1712934938 435922 35922014 12 16 2 0 0 2 56 19 57 57 
1712934938 435936 35936007 11 12 1 0 0 2 39 84 40 15 
1712934938 435936 35936014 11 12 2 0 0 1 53 148 
1712934938 435983 35983014 13 17 2 0 0 1 17 107 
1712934938 436073 36073000 13 17 0 0 0 1 17 107 
1712934938 436096 36096014 11 16 2 0 0 1 12 95 
1712934938 436260 36260014 10 12 2 0 0 1 10 102 
1712934938 436266 36266007 11 12 1 0 0 3 8 70 9 34 22 98 
1712934938 436266 36266014 11 12 2 0 0 1 7 107 
1712934938 436311 36311000 11 15 0 0 0 1 48 101 
1712934938 436311 36311007 11 15 1 0 0 1 45 106 
1712934938 436311 36311014 11 15 2 0 0 1 36 90 
1712934938 436387 36387007 12 13 1 0 0 1 60 43 
1712934938 436387 36387014 12 13 2 0 0 2 13 34 14 65 
1712934938 436481 36481000 11 17 0 0 0 3 51 19 52 44 59 87 
1712934938 436481 36481007 11 17 1 0 0 2 19 97 20 8 
1712934938 436481 36481014 11 17 2 0 0 1 45 85 
1712934938 436752 36752000 12 12 0 0 0 2 29 34 30 63 
1712934938 436752 36752007 12 12 1 0 0 1 31 87 
1712934938 436752 36752014 12 12 2 0 0 1 4 94 
1712934938 436753 36753014 13 13 2 0 0 2 55 117 56 31 
1712934938 436781 36781014 11 17 2 0 0 1 29 91 
1712934938 436797 36797000 12 15 0 0 0 1 45 184 
1712934938 436797 36797007 12 15 1 0 0 1 10 93 
1712934938 437166 37166000 11 12 0 0 0 1 49 96 
1712934938 437194 37194000 14 16 0 0 0 2 36 30 37 80 
1712934938 437298 37298000 13 12 0 0 0 1 62 81 
1712934938 437298 37298007 13 12 1 0 0 2 32 43 33 33 
1712934938 437298 37298014 13 12 2 0 0 1 52 74 
1712934938 437418 37418000 13 12 0 0 0 2 28 13 29 160 
1712934938 437418 37418007 13 12 1 0 0 2 27 8 28 106 
1712934938 437472 37472000 12 12 0 0 0 2 49 93 50 7 
1712934938 437473 37473014 13 13 2 0 0 1 11 17 
1712934938 437559 37559000 14 15 0 0 0 2 29 82 30 22 
1712934938 437559 37559007 14 15 1 0 0 1 18 152 
1712934938 437679 37679000 14 15 0 0 0 2 21 7 22 88 
1712934938 437679 37679007 14 15 1 0 0 1 17 89 
1712934938 437679 37679014 14 15 2 0 0 2 9 16 10 61 
1712934938 437680 37680000 10 16 0 0 0 1 31 167 
1712934938 437680 37680007 10 16 1 0 0 2 33 70 34 16 
1712934938 437680 37680014 10 16 2 0 0 1 24 94 
1712934938 437724 37724000 14 12 0 0 0 1 53 117 
1712934938 437806 37806014 11 16 2 0 0 2 62 53 63 125 
1712934938 437925 37925014 10 15 2 0 0 2 59 25 60 107 
1712934938 438132 38132000 12 12 0 0 0 2 56 60 57 62 
1712934938 438132 38132007 12 12 1 0 0 2 29 46 30 73 
1712934938 438132 38132014 12 12 2 0 0 1 6 138 
1712934938 438175 38175000 10 13 0 0 0 2 52 18 53 82 
1712934938 438301 38301000 11 13 0 0 0 1 61 88 
1712934938 438301 38301007 11 13 1 0 0 2 12 86 13 39 
1712934938 438301 38301014 11 13 2 0 0 1 44 100 
1712934938 438330 38330007 10 12 1 0 0 1 51 85 
1712934938 438330 38330014 10 12 2 0 0 2 8 45 9 51 
1712934938 438413 38413007 13 17 1 0 0 1 63 98 
1712934938 438413 38413014 13 17 2 0 0 1 8 96 
1712934938 438424 38424000 14 16 0 0 0 2 24 43 25 68 
1712934938 438424 38424007 14 16 1 0 0 2 52 23 53 160 
1712934938 438429 38429007 14 15 1 0 0 2 20 35 21 72 
1712934938 438429 38429014 14 15 2 0 0 2 28 17 29 104 
1712934938 438451 38451000 11 13 0 0 0 1 56 94 
1712934938 438527 38527000 12 17 0 0 0 1 49 111 
1712934938 438527 38527007 12 17 1 0 0 2 59 106 60 5 
1712934938 438527 38527014 12 17 2 0 0 2 32 86 33 3 
1712934938 438559 38559000 14 13 0 0 0 1 22 154 
1712934938 438559 38559007 14 13 1 0 0 1 32 72 
1712934938 438559 38559014 14 13 2 0 0 1 29 83 
1712934938 438568 38568000 13 16 0 0 0 1 59 101 
1712934938 438622 38622000 12 16 0 0 0 1 47 99 
1712934938 438622 38622007 12 16 1 0 0 2 13 190 14 26 
1712934938 438622 38622014 12 16 2 0 0 1 42 96 
1712934938 438745 38745000 10 13 0 0 0 2 54 13 55 98 
1712934938 438818 38818000 13 14 0 0 0 1 55 87 
1712934938 438857 38857014 12 17 2 0 0 2 29 9 30 159 
1712934938 439019 39019007 14 17 1 0 0 1 25 153 
1712934938 439019 39019014 14 17 2 0 0 2 35 72 36 73 
1712934938 439023 39023014 13 15 2 0 0 1 35 131 
1712934938 439143 39143000 13 15 0 0 0 1 44 147 
1712934938 439143 39143007 13 15 1 0 0 1 17 84 
1712934938 439143 39143014 13 15 2 0 0 1 28 114 
1712934938 439183 39183000 13 13 0 0 0 1 33 109 
1712934938 439183 39183007 13 13 1 0 0 1 13 98 
1712934938 439183 39183014 13 13 2 0 0 1 18 131 
1712934938 439186 39186014 11 16 2 0 0 2 57 46 58 124 
1712934938 439236 39236007 11 12 1 0 0 2 3 89 4 8 
1712934938 439249 39249000 14 13 0 0 0 1 2 75 
1712934938 439264 39264000 14 16 0 0 0 1 47 96 
1712934938 439264 39264007 14 16 1 0 0 1 24 162 
1712934938 439286 39286000 11 14 0 0 0 1 27 89 
1712934938 439286 39286007 11 14 1 0 0 2 27 81 28 6 
1712934938 439286 39286014 11 14 2 0 0 1 28 85 
1712934938 439360 39360000 10 16 0 0 0 1 32 112 
1712934938 439404 39404007 14 12 1 0 0 2 62 123 63 2 
1712934938 439404 39404014 14 12 2 0 0 1 57 155 
1712934938 439437 39437014 12 15 2 0 0 1 30 115 
1712934938 439482 39482000 12 12 0 0 0 1 48 98 
1712934938 439482 39482007 12 12 1 0 0 1 21 92 
1712934938 439482 39482014 12 12 2 0 0 1 61 79 
1712934938 439499 39499000 14 17 0 0 0 1 0 172 
1712934938 439499 39499007 14 17 1 0 0 2 30 71 31 28 
1712934938 439499 39499014 14 17 2 0 0 1 31 112 
1712934938 439577 39577007 12 17 1 0 0 1 25 96 
1712934938 439577 39577014 12 17 2 0 0 1 19 81 
1712934938 439601 39601007 11 17 1 0 0 1 19 97 
1712934938 439601 39601014 11 17 2 0 0 2 16 23 17 56 
1712934938 439827 39827000 12 15 0 0 0 1 3 89 
1712934938 439827 39827007 12 15 1 0 0 2 35 65 36 40 
1712934938 439827 39827014 12 15 2 0 0 2 32 9 33 99 
1712934938 439841 39841014 11 17 2 0 0 2 41 77 42 29 
1712934938 439858 39858014 13 16 2 0 0 1 59 101 
1712934938 439933 39933000 13 13 0 0 0 1 10 87 
1712934938 439933 39933007 13 13 1 0 0 1 40 107 
1712934938 439933 39933014 13 13 2 0 0 1 7 75 
1712934938 439965 39965007 10 15 1 0 0 1 0 125 
1712934938 439965 39965014 10 15 2 0 0 1 45 205 
1712934938 440069 40069007 14 17 1 0 0 1 3 90 
1712934938 440069 40069014 14 17 2 0 0 2 12 23 13 71 
1712934938 440343 40343000 13 15 0 0 0 1 22 98 
1712934938 440343 40343007 13 15 1 0 0 2 20 16 21 78 
1712934938 440407 40407000 12 13 0 0 0 1 52 88 
1712934938 440407 40407007 12 13 1 0 0 1 40 98 
1712934938 440407 40407014 12 13 2 0 0 1 47 134 
1712934938 440469 40469014 14 15 2 0 0 2 58 115 59 10 
1712934938 440496 40496000 11 12 0 0 0 1 36 93 
1712934938 440496 40496007 11 12 1 0 0 1 26 165 
1712934938 440496 40496014 11 12 2 0 0 1 57 100 
1712934938 440563 40563007 13 13 1 0 0 2 54 39 55 67 
1712934938 440563 40563014 13 13 2 0 0 1 34 149 
1712934938 440589 40589007 14 15 1 0 0 1 16 101 
1712934938 440589 40589014 14 15 2 0 0 2 39 78 40 53 
1712934938 440630 40630000 10 14 0 0 0 1 57 103 
1712934938 440630 40630007 10 14 1 0 0 1 4 108 
1712934938 440965 40965000 10 13 0 0 0 2 10 64 11 37 
1712934938 440965 40965007 10 13 1 0 0 1 39 102 
1712934938 440965 40965014 10 13 2 0 0 1 55 112 
1712934938 441069 41069000 14 15 0 0 0 2 9 147 10 62 
1712934938 441118 41118000 13 16 0 0 0 1 30 90 
1712934938 441118 41118007 13 16 1 0 0 1 21 87 
1712934938 441118 41118014 13 16 2 0 0 1 29 91 
1712934938 441153 41153000 13 15 0 0 0 1 41 87 
1712934938 441153 41153007 13 15 1 0 0 2 58 142 59 47 
1712934938 441176 41176000 11 14 0 0 0 1 41 82 
1712934938 441176 41176007 11 14 1 0 0 1 2 104 
1712934938 441212 41212014 12 14 2 0 0 2 58 12 59 110 
1712934938 441350 41350000 10 14 0 0 0 2 32 83 33 2 
1712934938 441350 41350007 10 14 1 0 0 2 10 96 11 38 
1712934938 441350 41350014 10 14 2 0 0 1 14 101 
1712934938 441478 41478014 13 16 2 0 0 1 49 100 
1712934938 441562 41562000 12 16 0 0 0 2 41 72 42 75 
1712934938 441562 41562007 12 16 1 0 0 1 7 104 
1712934938 441664 41664007 14 16 1 0 0 2 16 69 17 26 
1712934938 441664 41664014 14 16 2 0 0 1 20 122 
1712934938 441703 41703000 13 13 0 0 0 1 45 91 
1712934938 441703 41703007 13 13 1 0 0 1 14 86 
1712934938 441703 41703014 13 13 2 0 0 1 55 98 
1712934938 441714 41714014 14 12 2 0 0 2 60 25 61 94 
1712934938 441765 41765007 10 15 1 0 0 2 7 96 8 6 
1712934938 441765 41765014 10 15 2 0 0 1 36 82 
1712934938 441925 41925014 10 13 2 0 0 2 5 28 6 230 
1712934938 441988 41988014 13 16 2 0 0 2 35 20 36 115 
1712934938 442063 42063000 13 13 0 0 0 2 47 31 48 72 
1712934938 442063 42063007 13 13 1 0 0 2 3 99 4 25 
1712934938 442226 42226000 11 14 0 0 0 1 57 91 
1712934938 442226 42226007 11 14 1 0 0 1 25 93 
1712934938 442226 42226014 11 14 2 0 0 1 61 103 
1712934938 442284 42284000 14 12 0 0 0 1 6 85 
1712934938 442284 42284007 14 12 1 0 0 1 46 92 
1712934938 442284 42284014 14 12 2 0 0 1 17 95 
1712934938 442320 42320007 10 12 1 0 0 1 56 114 
1712934938 442320 42320014 10 12 2 0 0 1 56 83 
1712934938 442353 42353000 13 15 0 0 0 2 10 74 11 19 
1712934938 442415 42415000 10 17 0 0 0 1 28 95 
1712934938 442415 42415007 10 17 1 0 0 1 56 212 
1712934938 442415 42415014 10 17 2 0 0 1 50 179 
1712934938 442470 42470000 10 12 0 0 0 2 54 49 55 57 
1712934938 442495 42495000 10 13 0 0 0 1 58 112 
1712934938 442495 42495007 10 13 1 0 0 1 44 112 
1712934938 442495 42495014 10 13 2 0 0 2 29 64 30 40 
1712934938 442570 42570014 10 16 2 0 0 1 16 144 
1712934938 442720 42720014 10 16 2 0 0 1 29 111 
1712934938 442906 42906000 11 16 0 0 0 1 8 107 
1712934938 442958 42958000 13 14 0 0 0 1 51 159 
1712934938 442958 42958007 13 14 1 0 0 1 17 123 
1712934938 442958 42958014 13 14 2 0 0 2 13 81 14 13 
1712934938 443065 43065000 10 13 0 0 0 1 30 94 
1712934938 443065 43065007 10 13 1 0 0 1 30 103 
1712934938 443065 43065014 10 13 2 0 0 2 36 104 37 9 
1712934938 443088 43088000 13 12 0 0 0 1 32 176 
1712934938 443088 43088007 13 12 1 0 0 2 49 36 50 54 
1712934938 443241 43241000 11 15 0 0 0 1 42 99 
1712934938 443241 43241007 11 15 1 0 0 1 45 85 
1712934938 443241 43241014 11 15 2 0 0 1 44 94 
1712934938 443261 43261000 11 17 0 0 0 1 36 80 
1712934938 443363 43363000 13 17 0 0 0 1 17 89 
1712934938 443363 43363007 13 17 1 0 0 1 40 96 
1712934938 443363 43363014 13 17 2 0 0 1 31 82 
1712934938 443396 43396000 11 14 0 0 0 1 34 99 
1712934938 443396 43396007 11 14 1 0 0 2 55 74 56 22 
1712934938 443396 43396014 11 14 2 0 0 1 41 20 
1712934938 443428 43428000 13 16 0 0 0 2 54 20 55 77 
1712934938 443434 43434014 14 16 2 0 0 1 63 30 
1712934938 443448 43448000 13 12 0 0 0 2 16 40 17 63 
1712934938 443462 43462014 12 14 2 0 0 1 62 7 
1712934938 443470 43470007 10 16 1 0 0 2 61 23 62 61 
1712934938 443470 43470014 10 16 2 0 0 1 46 85 
1712934938 443478 43478007 13 12 1 0 0 1 47 84 
1712934938 443478 43478014 13 12 2 0 0 1 53 91 
1712934938 443507 43507007 12 17 1 0 0 1 21 111 
1712934938 443507 43507014 12 17 2 0 0 1 59 115 
1712934938 443822 43822000 12 14 0 0 0 2 56 48 57 49 
1712934938 443914 43914000 14 16 0 0 0 1 20 90 
1712934938 443921 43921007 11 17 1 0 0 2 10 40 11 15 
1712934938 443921 43921014 11 17 2 0 0 2 46 2 47 112 
1712934938 443930 43930014 10 14 2 0 0 2 6 46 7 146 
1712934938 444023 44023000 13 17 0 0 0 3 34 85 51 81 52 20 
1712934938 444023 44023007 13 17 1 0 0 1 41 111 
1712934938 444023 44023014 13 17 2 0 0 2 5 92 6 6 
1712934938 444025 44025000 10 13 0 0 0 2 44 75 45 24 
1712934938 444081 44081000 11 15 0 0 0 2 40 92 41 5 
1712934938 444081 44081007 11 15 1 0 0 1 10 84 
1712934938 444081 44081014 11 15 2 0 0 1 58 97 
1712934938 444335 44335000 10 17 0 0 0 2 39 75 40 17 
1712934938 444335 44335007 10 17 1 0 0 1 46 109 
1712934938 444399 44399007 14 15 1 0 0 1 1 82 
1712934938 444450 44450000 10 12 0 0 0 1 46 78 
1712934938 444450 44450007 10 12 1 0 0 1 63 114 
1712934938 444499 44499000 14 13 0 0 0 1 12 103 
1712934938 444499 44499007 14 13 1 0 0 1 49 82 
1712934938 444499 44499014 14 13 2 0 0 1 7 82 
1712934938 444574 44574007 14 16 1 0 0 1 63 92 
1712934938 444574 44574014 14 16 2 0 0 2 16 53 17 46 
1712934938 444633 44633000 13 15 0 0 0 2 21 62 22 40 
1712934938 444633 44633007 13 15 1 0 0 1 6 108 
1712934938 444668 44668000 13 14 0 0 0 2 50 66 51 42 
1712934938 444668 44668007 13 14 1 0 0 2 14 6 15 90 
1712934938 444806 44806000 11 14 0 0 0 1 19 130 
1712934938 444806 44806007 11 14 1 0 0 1 62 78 
1712934938 444820 44820000 10 16 0 0 0 1 32 80 
1712934938 444820 44820007 10 16 1 0 0 1 26 113 
1712934938 444820 44820014 10 16 2 0 0 1 49 98 
1712934938 444841 44841007 11 13 1 0 0 1 57 129 
1712934938 444912 44912000 12 12 0 0 0 1 62 91 
1712934938 444912 44912007 12 12 1 0 0 1 4 78 
1712934938 444954 44954000 14 12 0 0 0 1 18 87 
1712934938 444954 44954007 14 12 1 0 0 1 54 89 
1712934938 445041 45041000 11 15 0 0 0 1 0 103 
1712934938 445041 45041007 11 15 1 0 0 2 36 55 37 65 
1712934938 445054 45054000 14 16 0 0 0 1 14 77 
1712934938 445054 45054007 14 16 1 0 0 1 56 133 
1712934938 445054 45054014 14 16 2 0 0 1 41 157 
1712934938 445099 45099014 14 13 2 0 0 1 35 151 
1712934938 445103 45103007 13 17 1 0 0 1 1 66 
1712934938 445210 45210000 10 16 0 0 0 1 21 85 
1712934938 445210 45210007 10 16 1 0 0 1 62 81 
1712934938 445242 45242000 12 12 0 0 0 1 39 80 
1712934938 445242 45242007 12 12 1 0 0 1 25 88 
1712934938 445242 45242014 12 12 2 0 0 1 39 116 
1712934938 445309 45309000 14 13 0 0 0 1 4 124 
1712934938 445309 45309007 14 13 1 0 0 1 33 83 
1712934938 445309 45309014 14 13 2 0 0 1 19 97 
1712934938 445331 45331000 11 17 0 0 0 1 34 98 
1712934938 445331 45331007 11 17 1 0 0 1 11 106 
1712934938 445331 45331014 11 17 2 0 0 1 24 86 
1712934938 445405 45405007 10 13 1 0 0 2 53 71 54 49 
1712934938 445405 45405014 10 13 2 0 0 2 37 20 38 108 
1712934938 445464 45464007 14 12 1 0 0 1 19 136 
1712934938 445464 45464014 14 12 2 0 0 1 33 87 
1712934938 445519 45519007 14 13 1 0 0 1 59 134 
1712934938 445519 45519014 14 13 2 0 0 3 29 104 30 6 32 21 
1712934938 445604 45604000 14 14 0 0 0 1 11 82 
1712934938 445604 45604007 14 14 1 0 0 1 58 79 
1712934938 445604 45604014 14 14 2 0 0 1 14 91 
1712934938 445608 45608000 13 12 0 0 0 1 53 99 
1712934938 445608 45608007 13 12 1 0 0 1 26 100 
1712934938 445608 45608014 13 12 2 0 0 1 49 85 
1712934938 445817 45817007 12 17 1 0 0 2 15 19 21 24 
1712934938 445817 45817014 12 17 2 0 0 1 35 151 
1712934938 446019 46019000 14 15 0 0 0 2 50 86 51 10 
1712934938 446069 46069000 14 17 0 0 0 1 46 5 
1712934938 446112 46112000 12 12 0 0 0 1 58 10 
1712934938 446173 46173000 13 13 0 0 0 1 8 133 
1712934938 446173 46173007 13 13 1 0 0 2 16 67 17 24 
1712934938 446213 46213000 13 17 0 0 0 1 26 196 
1712934938 446213 46213007 13 17 1 0 0 2 40 4 41 92 
1712934938 446213 46213014 13 17 2 0 0 1 39 212 
1712934938 446294 46294000 14 14 0 0 0 1 51 79 
1712934938 446294 46294007 14 14 1 0 0 1 29 88 
1712934938 446384 46384000 14 14 0 0 0 1 62 86 
1712934938 446520 46520014 10 12 2 0 0 2 8 153 14 10 
1712934938 446544 46544000 14 12 0 0 0 2 5 96 6 8 
1712934938 446612 46612000 12 14 0 0 0 1 53 104 
1712934938 446888 46888000 13 14 0 0 0 2 28 65 29 87 
1712934938 446888 46888007 13 14 1 0 0 2 15 19 16 96 
1712934938 447251 47251007 11 17 1 0 0 2 38 56 39 47 
1712934938 447251 47251014 11 17 2 0 0 2 28 60 29 36 
1712934938 447453 47453007 13 15 1 0 0 1 61 98 
1712934938 447456 47456007 11 12 1 0 0 1 62 114 
1712934938 447456 47456014 11 12 2 0 0 1 4 98 
1712934938 447494 47494000 14 14 0 0 0 2 49 60 50 58 
1712934938 447494 47494007 14 14 1 0 0 2 11 85 12 36 
1712934938 447538 47538000 13 16 0 0 0 1 63 208 
1712934938 447604 47604000 14 16 0 0 0 1 52 110 
1712934938 447604 47604007 14 16 1 0 0 2 19 2 20 132 
1712934938 447625 47625000 10 13 0 0 0 1 7 102 
1712934938 447625 47625007 10 13 1 0 0 1 59 114 
1712934938 447625 47625014 10 13 2 0 0 2 45 78 46 25 
1712934938 447648 47648007 13 12 1 0 0 2 50 24 51 191 
1712934938 447648 47648014 13 12 2 0 0 1 30 91 
1712934938 447702 47702014 12 12 2 0 0 2 57 104 58 16 
1712934938 447814 47814014 14 16 2 0 0 1 59 47 
1712934938 447819 47819000 14 15 0 0 0 1 8 88 
1712934938 447819 47819007 14 15 1 0 0 1 43 108 
1712934938 447819 47819014 14 15 2 0 0 2 4 81 11 22 
1712934938 447843 47843000 13 15 0 0 0 1 17 77 
1712934938 447843 47843007 13 15 1 0 0 2 57 95 58 10 
1712934938 447843 47843014 13 15 2 0 0 1 21 164 
1712934938 447877 47877000 12 13 0 0 0 1 30 125 
1712934938 447877 47877007 12 13 1 0 0 3 49 84 50 3 51 29 
1712934938 447877 47877014 12 13 2 0 0 1 35 180 
1712934938 447909 47909000 14 15 0 0 0 1 54 121 
1712934938 447909 47909007 14 15 1 0 0 2 62 76 63 50 
1712934938 447926 47926000 11 14 0 0 0 1 12 121 
1712934938 447926 47926007 11 14 1 0 0 1 7 99 
1712934938 447926 47926014 11 14 2 0 0 1 23 81 
1712934938 448089 48089000 14 15 0 0 0 1 3 163 
1712934938 448113 48113000 13 15 0 0 0 1 25 79 
1712934938 448113 48113007 13 15 1 0 0 3 50 2 52 56 53 133 
1712934938 448113 48113014 13 15 2 0 0 1 22 119 
1712934938 448338 48338014 13 12 2 0 0 1 23 3 
1712934938 448368 48368000 13 12 0 0 0 1 63 147 
1712934938 448368 48368007 13 12 1 0 0 2 50 76 51 16 
1712934938 448368 48368014 13 12 2 0 0 2 32 24 33 138 
1712934938 448410 48410014 10 12 2 0 0 2 17 41 18 67 
1712934938 448514 48514000 14 14 0 0 0 2 39 72 40 25 
1712934938 448514 48514007 14 14 1 0 0 3 47 104 56 36 57 105 
1712934938 448514 48514014 14 14 2 0 0 2 1 164 2 14 
1712934938 448520 48520000 10 14 0 0 0 1 59 92 
1712934938 448520 48520007 10 14 1 0 0 1 1 78 
1712934938 448546 48546000 11 16 0 0 0 1 10 139 
1712934938 448546 48546007 11 16 1 0 0 1 11 84 
1712934938 448546 48546014 11 16 2 0 0 1 4 102 
1712934938 448578 48578000 13 12 0 0 0 1 63 109 
1712934938 448666 48666014 11 16 2 0 0 2 53 132 55 4 
1712934938 448698 48698014 13 12 2 0 0 1 60 103 
1712934938 448844 48844014 14 14 2 0 0 1 59 130 
1712934938 448849 48849000 14 13 0 0 0 2 32 23 33 73 
1712934938 448849 48849007 14 13 1 0 0 2 8 1 9 109 
1712934938 449006 49006000 11 14 0 0 0 1 33 124 
1712934938 449006 49006007 11 14 1 0 0 1 31 84 
1712934938 449033 49033007 13 17 1 0 0 2 30 62 31 30 
1712934938 449033 49033014 13 17 2 0 0 1 11 120 
1712934938 449132 49132007 12 14 1 0 0 1 0 81 
1712934938 449132 49132014 12 14 2 0 0 2 57 25 58 68 
1712934938 449154 49154007 14 12 1 0 0 1 40 98 
1712934938 449154 49154014 14 12 2 0 0 1 51 93 
1712934938 449172 49172014 12 12 2 0 0 2 60 80 61 32 
1712934938 449226 49226007 11 12 1 0 0 4 41 45 42 49 45 65 46 47 
1712934938 449226 49226014 11 12 2 0 0 1 10 131 
1712934938 449390 49390007 10 14 1 0 0 1 8 120 
1712934938 449390 49390014 10 14 2 0 0 2 16 60 17 21 
1712934938 449428 49428000 13 16 0 0 0 1 6 111 
1712934938 449444 49444000 14 14 0 0 0 1 18 77 
1712934938 449444 49444007 14 14 1 0 0 1 60 104 
1712934938 449444 49444014 14 14 2 0 0 1 27 89 
1712934938 449464 49464007 14 16 1 0 0 3 44 2 57 50 58 48 
1712934938 449464 49464014 14 16 2 0 0 1 42 123 
1712934938 449518 49518000 13 16 0 0 0 1 43 237 
1712934938 449518 49518007 13 16 1 0 0 1 31 128 
1712934938 449518 49518014 13 16 2 0 0 1 45 80 
1712934938 449698 49698014 13 16 2 0 0 2 41 17 42 98 
1712934938 449733 49733000 13 15 0 0 0 1 24 88 
1712934938 449733 49733007 13 15 1 0 0 1 37 100 
1712934938 449733 49733014 13 15 2 0 0 1 63 83 
1712934938 449849 49849000 14 17 0 0 0 2 52 1 53 100 
1712934938 449861 49861000 11 17 0 0 0 1 5 86 
1712934938 449861 49861007 11 17 1 0 0 1 40 94 
1712934938 449861 49861014 11 17 2 0 0 1 7 108 
1712934938 449960 49960014 10 14 2 0 0 2 5 4 6 115 
1712934938 450045 50045000 10 15 0 0 0 2 9 81 10 31 
1712934938 450045 50045007 10 15 1 0 0 1 14 87 
1712934938 450045 50045014 10 15 2 0 0 1 37 88 
1712934938 450055 50055000 10 13 0 0 0 2 33 87 34 6 
1712934938 450055 50055007 10 13 1 0 0 1 11 110 
1712934938 450055 50055014 10 13 2 0 0 1 11 96 
1712934938 450142 50142000 12 16 0 0 0 1 32 82 
1712934938 450167 50167000 12 17 0 0 0 2 31 45 32 51 
1712934938 450167 50167007 12 17 1 0 0 1 28 101 
1712934938 450259 50259000 14 13 0 0 0 1 44 101 
1712934938 450259 50259007 14 13 1 0 0 1 17 92 
1712934938 450270 50270007 10 12 1 0 0 1 2 113 
1712934938 450270 50270014 10 12 2 0 0 1 37 92 
1712934938 450320 50320000 10 14 0 0 0 1 32 277 
1712934938 450320 50320007 10 14 1 0 0 2 18 48 19 59 
1712934938 450407 50407000 12 17 0 0 0 2 8 28 9 59 
1712934938 450407 50407007 12 17 1 0 0 1 33 94 
1712934938 450407 50407014 12 17 2 0 0 1 15 81 
1712934938 450423 50423000 13 15 0 0 0 1 56 118 
1712934938 450423 50423007 13 15 1 0 0 2 31 91 32 10 
1712934938 450423 50423014 13 15 2 0 0 1 45 129 
1712934938 450529 50529000 14 13 0 0 0 1 0 119 
1712934938 450529 50529007 14 13 1 0 0 2 36 24 37 63 
1712934938 450529 50529014 14 13 2 0 0 1 1 125 
1712934938 450614 50614014 14 14 2 0 0 2 48 34 49 58 
1712934938 450624 50624014 14 12 2 0 0 2 47 125 48 4 
1712934938 450885 50885000 10 15 0 0 0 1 26 84 
1712934938 450932 50932000 12 14 0 0 0 1 34 102 
1712934938 450932 50932007 12 14 1 0 0 1 53 121 
1712934938 451058 51058000 13 14 0 0 0 1 56 94 
1712934938 451058 51058007 13 14 1 0 0 2 19 6 20 99 
1712934938 451058 51058014 13 14 2 0 0 1 44 96 
1712934938 451104 51104000 14 12 0 0 0 2 58 129 59 49 
1712934938 451259 51259000 14 17 0 0 0 2 28 42 29 63 
1712934938 451259 51259007 14 17 1 0 0 1 51 125 
1712934938 451294 51294014 14 16 2 0 0 2 52 60 53 10 
1712934938 451342 51342007 12 16 1 0 0 1 53 124 
1712934938 451342 51342014 12 16 2 0 0 2 62 80 63 36 
1712934938 451554 51554000 14 12 0 0 0 1 7 80 
1712934938 451554 51554007 14 12 1 0 0 2 7 10 8 133 
1712934938 451563 51563014 13 15 2 0 0 1 49 90 
1712934938 451585 51585014 10 13 2 0 0 1 62 99 
1712934938 451650 51650000 10 12 0 0 0 2 23 50 24 29 
1712934938 451650 51650007 10 12 1 0 0 1 31 90 
1712934938 451650 51650014 10 12 2 0 0 1 42 114 
1712934938 451832 51832000 12 14 0 0 0 2 5 166 6 17 
1712934938 451832 51832007 12 14 1 0 0 1 9 82 
1712934938 451832 51832014 12 14 2 0 0 1 9 85 
1712934938 451887 51887000 12 15 0 0 0 1 29 96 
1712934938 451887 51887007 12 15 1 0 0 1 12 92 
1712934938 451887 51887014 12 15 2 0 0 1 34 75 
1712934938 451991 51991000 11 17 0 0 0 2 56 74 57 10 
1712934938 452155 52155000 10 13 0 0 0 1 59 96 
1712934938 452155 52155007 10 13 1 0 0 1 2 100 
1712934938 452197 52197014 12 13 2 0 0 1 12 97 
1712934938 452210 52210014 10 14 2 0 0 1 52 5 
1712934938 452321 52321007 11 17 1 0 0 1 62 89 
1712934938 452321 52321014 11 17 2 0 0 2 37 47 38 32 
1712934938 452342 52342007 12 14 1 0 0 2 51 67 52 41 
1712934938 452342 52342014 12 14 2 0 0 2 42 6 43 126 
1712934938 452359 52359000 14 13 0 0 0 1 15 89 
1712934938 452359 52359007 14 13 1 0 0 1 55 109 
1712934938 452359 52359014 14 13 2 0 0 1 19 80 
1712934938 452371 52371000 11 13 0 0 0 1 18 142 
1712934938 452371 52371007 11 13 1 0 0 2 56 99 57 9 
1712934938 452534 52534000 14 14 0 0 0 3 28 93 36 32 37 94 
1712934938 452534 52534007 14 14 1 0 0 1 59 210 
1712934938 452605 52605000 10 13 0 0 0 1 32 129 
1712934938 452605 52605007 10 13 1 0 0 1 24 88 
1712934938 452605 52605014 10 13 2 0 0 1 46 135 
1712934938 452681 52681014 11 17 2 0 0 1 0 72 
1712934938 452701 52701007 11 13 1 0 0 3 58 60 59 70 62 169 
1712934938 452722 52722000 12 16 0 0 0 1 32 106 
1712934938 452722 52722007 12 16 1 0 0 1 18 142 
1712934938 452751 52751014 11 15 2 0 0 1 47 95 
1712934938 452817 52817007 12 15 1 0 0 1 16 138 
1712934938 452817 52817014 12 15 2 0 0 2 24 82 25 30 
1712934938 452834 52834000 14 14 0 0 0 2 46 84 47 83 
1712934938 452834 52834007 14 14 1 0 0 2 53 12 54 86 
1712934938 452905 52905000 10 13 0 0 0 2 48 3 49 109 
1712934938 452931 52931000 11 15 0 0 0 1 3 104 
1712934938 452931 52931007 11 15 1 0 0 1 34 91 
1712934938 452931 52931014 11 15 2 0 0 1 7 86 
1712934938 453238 53238000 13 16 0 0 0 2 56 40 57 66 
1712934938 453238 53238007 13 16 1 0 0 1 32 100 
1712934938 453238 53238014 13 16 2 0 0 2 20 84 21 27 
1712934938 453622 53622000 12 16 0 0 0 1 45 79 
1712934938 453622 53622007 12 16 1 0 0 1 60 117 
1712934938 453622 53622014 12 16 2 0 0 1 45 74 
1712934938 453704 53704000 14 14 0 0 0 1 40 105 
1712934938 453704 53704007 14 14 1 0 0 1 27 90 
1712934938 453704 53704014 14 14 2 0 0 1 52 119 
1712934938 453743 53743000 13 17 0 0 0 1 9 120 
1712934938 453835 53835000 10 13 0 0 0 1 8 68 
1712934938 453835 53835007 10 13 1 0 0 1 31 76 
1712934938 453835 53835014 10 13 2 0 0 1 11 82 
1712934938 453864 53864014 14 12 2 0 0 1 0 79 
1712934938 453901 53901014 11 13 2 0 0 1 36 171 
1712934938 453944 53944014 14 14 2 0 0 1 5 95 
1712934938 453968 53968000 13 14 0 0 0 1 30 111 
1712934938 454194 54194000 14 12 0 0 0 1 17 90 
1712934938 454194 54194007 14 12 1 0 0 1 5 116 
1712934938 454194 54194014 14 12 2 0 0 1 15 81 
1712934938 454237 54237007 12 13 1 0 0 1 43 128 
1712934938 454237 54237014 12 13 2 0 0 1 38 102 
1712934938 454504 54504000 14 16 0 0 0 2 35 35 36 65 
1712934938 454504 54504007 14 16 1 0 0 1 0 121 
1712934938 454639 54639007 14 13 1 0 0 1 60 92 
1712934938 454639 54639014 14 13 2 0 0 1 46 138 
1712934938 454676 54676000 11 14 0 0 0 2 24 93 53 28 
1712934938 454676 54676007 11 14 1 0 0 1 47 112 
1712934938 454676 54676014 11 14 2 0 0 1 14 90 
1712934938 454710 54710007 10 12 1 0 0 2 38 26 39 109 
1712934938 454710 54710014 10 12 2 0 0 2 19 13 20 87 
1712934938 454782 54782000 12 12 0 0 0 2 35 44 36 63 
1712934938 454782 54782007 12 12 1 0 0 2 8 5 9 93 
1712934938 454844 54844007 14 14 1 0 0 1 48 99 
1712934938 454844 54844014 14 14 2 0 0 1 15 102 
1712934938 454852 54852014 12 16 2 0 0 1 3 228 
1712934938 454892 54892000 12 14 0 0 0 1 11 143 
1712934938 454892 54892007 12 14 1 0 0 1 23 105 
1712934938 454892 54892014 12 14 2 0 0 2 30 82 31 1 
1712934938 454932 54932014 12 12 2 0 0 1 32 90 
1712934938 455119 55119007 14 13 1 0 0 2 61 80 62 19 
1712934938 455119 55119014 14 13 2 0 0 1 47 86 
1712934938 455176 55176007 11 16 1 0 0 1 11 112 
1712934938 455176 55176014 11 16 2 0 0 2 22 52 23 87 
1712934938 455212 55212000 12 16 0 0 0 2 45 9 46 111 
1712934938 455212 55212007 12 16 1 0 0 1 57 152 
1712934938 455279 55279000 14 17 0 0 0 1 41 104 
1712934938 455287 55287000 12 13 0 0 0 1 18 91 
1712934938 455287 55287007 12 13 1 0 0 1 59 87 
1712934938 455396 55396000 11 14 0 0 0 1 50 115 
1712934938 455396 55396007 11 14 1 0 0 2 42 80 43 14 
1712934938 455396 55396014 11 14 2 0 0 1 59 86 
1712934938 455428 55428000 13 16 0 0 0 1 26 103 
1712934938 455428 55428007 13 16 1 0 0 2 22 5 23 85 
1712934938 455428 55428014 13 16 2 0 0 1 46 121 
1712934938 455541 55541000 11 15 0 0 0 1 10 94 
1712934938 455541 55541007 11 15 1 0 0 2 4 81 5 18 
1712934938 455580 55580007 10 12 1 0 0 1 6 114 
1712934938 455580 55580014 10 12 2 0 0 1 37 110 
1712934938 455724 55724014 14 12 2 0 0 1 36 51 
1712934938 455764 55764000 14 16 0 0 0 1 23 133 
1712934938 455764 55764007 14 16 1 0 0 1 42 83 
1712934938 455764 55764014 14 16 2 0 0 1 46 84 
1712934938 455831 55831000 11 17 0 0 0 1 28 141 
1712934938 455831 55831007 11 17 1 0 0 1 23 109 
1712934938 455866 55866007 11 16 1 0 0 1 34 123 
1712934938 455866 55866014 11 16 2 0 0 1 20 133 
1712934938 455868 55868014 13 12 2 0 0 1 21 105 
1712934938 455982 55982000 12 12 0 0 0 1 25 88 
1712934938 455982 55982007 12 12 1 0 0 1 7 77 
1712934938 455982 55982014 12 12 2 0 0 1 22 92 
1712934938 456086 56086007 11 14 1 0 0 2 37 17 38 41 
1712934938 456169 56169000 14 13 0 0 0 1 31 178 
1712934938 456169 56169007 14 13 1 0 0 1 51 103 
1712934938 456169 56169014 14 13 2 0 0 2 15 9 16 134 
1712934938 456288 56288014 13 12 2 0 0 2 13 76 14 32 
1712934938 456294 56294000 14 12 0 0 0 1 32 93 
1712934938 456294 56294007 14 12 1 0 0 2 30 87 31 22 
1712934938 456294 56294014 14 12 2 0 0 1 26 77 
1712934938 456304 56304014 14 16 2 0 0 1 4 117 
1712934938 456320 56320014 10 14 2 0 0 1 7 105 
1712934938 456325 56325000 10 13 0 0 0 1 33 127 
1712934938 456325 56325007 10 13 1 0 0 2 2 21 3 60 
1712934938 456328 56328007 13 16 1 0 0 2 11 34 12 84 
1712934938 456345 56345000 10 15 0 0 0 1 49 83 
1712934938 456366 56366000 11 12 0 0 0 1 3 83 
1712934938 456366 56366007 11 12 1 0 0 2 12 25 13 48 
1712934938 456366 56366014 11 12 2 0 0 1 7 78 
1712934938 456395 56395000 10 17 0 0 0 1 21 111 
1712934938 456447 56447007 12 15 1 0 0 1 5 132 
1712934938 456597 56597000 12 15 0 0 0 1 29 97 
1712934938 456631 56631000 11 13 0 0 0 1 53 96 
1712934938 456631 56631007 11 13 1 0 0 1 1 89 
1712934938 456650 56650014 10 14 2 0 0 2 7 64 8 34 
1712934938 456654 56654007 14 12 1 0 0 2 23 85 24 44 
1712934938 456654 56654014 14 12 2 0 0 1 29 113 
1712934938 456759 56759000 14 15 0 0 0 1 3 116 
1712934938 456759 56759007 14 15 1 0 0 1 31 103 
1712934938 456759 56759014 14 15 2 0 0 1 4 86 
1712934938 456792 56792007 12 12 1 0 0 1 38 136 
1712934938 456792 56792014 12 12 2 0 0 2 29 68 30 44 
1712934938 456861 56861007 11 15 1 0 0 2 6 146 7 30 
1712934938 456861 56861014 11 15 2 0 0 1 26 122 
1712934938 456870 56870014 10 12 2 0 0 2 4 3 5 111 
1712934938 456922 56922014 12 16 2 0 0 1 5 133 
1712934938 457016 57016000 11 14 0 0 0 1 19 97 
1712934938 457016 57016007 11 14 1 0 0 1 48 102 
1712934938 457016 57016014 11 14 2 0 0 2 59 59 60 47 
1712934938 457028 57028007 13 14 1 0 0 1 11 144 
1712934938 457079 57079000 14 17 0 0 0 1 63 28 
1712934938 457294 57294000 14 16 0 0 0 1 7 96 
1712934938 457310 57310014 10 14 2 0 0 2 18 124 19 37 
1712934938 457323 57323000 13 15 0 0 0 1 62 140 
1712934938 457323 57323007 13 15 1 0 0 1 29 96 
1712934938 457323 57323014 13 15 2 0 0 2 38 76 39 27 
1712934938 457396 57396000 11 16 0 0 0 1 34 83 
1712934938 457396 57396007 11 16 1 0 0 1 53 92 
1712934938 457396 57396014 11 16 2 0 0 1 46 79 
1712934938 457421 57421000 11 17 0 0 0 1 0 100 
1712934938 457421 57421007 11 17 1 0 0 1 55 95 
1712934938 457516 57516007 11 16 1 0 0 2 42 9 43 92 
1712934938 457516 57516014 11 16 2 0 0 2 14 87 15 5 
1712934938 457590 57590014 10 12 2 0 0 1 57 126 
1712934938 457624 57624000 14 16 0 0 0 2 9 101 10 8 
1712934938 457624 57624007 14 16 1 0 0 2 32 113 33 1 
1712934938 457624 57624014 14 16 2 0 0 2 56 212 57 31 
1712934938 457694 57694000 14 14 0 0 0 1 12 138 
1712934938 457694 57694007 14 14 1 0 0 1 45 90 
1712934938 457694 57694014 14 14 2 0 0 1 7 127 
1712934938 457797 57797000 12 15 0 0 0 2 10 17 11 96 
1712934938 457797 57797007 12 15 1 0 0 1 14 16 
1712934938 457855 57855007 10 13 1 0 0 1 62 85 
1712934938 457855 57855014 10 13 2 0 0 1 15 100 
1712934938 457891 57891000 11 13 0 0 0 2 48 137 49 73 
1712934938 457891 57891007 11 13 1 0 0 3 14 34 15 172 29 5 
1712934938 457891 57891014 11 13 2 0 0 2 27 15 28 106 
1712934938 457945 57945000 10 13 0 0 0 2 61 50 62 39 
1712934938 457945 57945007 10 13 1 0 0 1 19 82 
1712934938 457945 57945014 10 13 2 0 0 1 43 85 
1712934938 458065 58065014 10 13 2 0 0 2 44 2 45 90 
1712934938 458116 58116000 11 16 0 0 0 2 4 82 5 33 
1712934938 458116 58116007 11 16 1 0 0 1 33 131 
1712934938 458116 58116014 11 16 2 0 0 2 58 62 59 46 
1712934938 458135 58135000 10 17 0 0 0 2 14 32 15 124 
1712934938 458135 58135007 10 17 1 0 0 1 50 122 
1712934938 458135 58135014 10 17 2 0 0 1 19 106 
1712934938 458386 58386000 11 16 0 0 0 2 38 112 39 14 
1712934938 458386 58386007 11 16 1 0 0 1 38 114 
1712934938 458386 58386014 11 16 2 0 0 1 2 115 
1712934938 458546 58546000 11 14 0 0 0 1 56 81 
1712934938 458546 58546007 11 14 1 0 0 1 3 73 
1712934938 458546 58546014 11 14 2 0 0 1 62 78 
1712934938 458616 58616000 11 12 0 0 0 2 51 104 52 2 
1712934938 458622 58622000 12 12 0 0 0 1 10 102 
1712934938 458622 58622007 12 12 1 0 0 1 13 88 
1712934938 458622 58622014 12 12 2 0 0 2 40 110 41 12 
1712934938 458752 58752000 12 16 0 0 0 1 54 87 
1712934938 458752 58752007 12 16 1 0 0 2 34 70 35 25 
1712934938 458752 58752014 12 16 2 0 0 1 60 150 
1712934938 458781 58781000 11 15 0 0 0 2 58 54 59 82 
1712934938 458781 58781007 11 15 1 0 0 1 48 81 
1712934938 458781 58781014 11 15 2 0 0 1 50 87 
1712934938 458836 58836000 11 16 0 0 0 1 54 118 
1712934938 458855 58855014 10 17 2 0 0 2 32 96 33 10 
1712934938 458892 58892007 12 12 1 0 0 1 0 72 
1712934938 458892 58892014 12 12 2 0 0 3 25 8 26 95 27 2 
1712934938 458896 58896014 11 16 2 0 0 2 53 126 54 3 
1712934938 459051 59051000 11 15 0 0 0 2 17 106 18 18 
1712934938 459067 59067014 12 13 2 0 0 1 61 97 
1712934938 459209 59209000 14 17 0 0 0 1 52 90 
1712934938 459209 59209007 14 17 1 0 0 2 29 58 30 32 
1712934938 459209 59209014 14 17 2 0 0 2 40 59 41 31 
1712934938 459276 59276000 11 12 0 0 0 1 21 90 
1712934938 459422 59422007 12 14 1 0 0 2 44 102 45 8 
1712934938 459422 59422014 12 14 2 0 0 1 51 232 
1712934938 459455 59455000 10 17 0 0 0 1 31 81 
1712934938 459455 59455007 10 17 1 0 0 1 51 101 
1712934938 459455 59455014 10 17 2 0 0 1 30 79 
1712934938 459475 59475014 10 13 2 0 0 1 62 75 
1712934938 459551 59551000 11 17 0 0 0 1 2 80 
1712934938 459551 59551007 11 17 1 0 0 1 57 86 
1712934938 459551 59551014 11 17 2 0 0 1 0 82 
1712934938 459622 59622007 12 16 1 0 0 2 56 65 57 45 
1712934938 459622 59622014 12 16 2 0 0 1 42 101 
1712934938 459658 59658007 13 16 1 0 0 2 9 94 10 22 
1712934938 459882 59882000 12 12 0 0 0 1 8 92 
1712934938 459939 59939000 14 15 0 0 0 1 6 87 
1712934938 459971 59971000 11 17 0 0 0 3 47 87 48 102 59 110 
1712934938 459971 59971007 11 17 1 0 0 2 34 106 35 52 
1712934938 459971 59971014 11 17 2 0 0 2 27 2 28 93 
1712934938 460055 60055014 10 17 2 0 0 2 51 89 52 18 
1712934938 460102 60102000 12 16 0 0 0 1 33 136 
1712934938 460102 60102007 12 16 1 0 0 2 10 106 11 3 
1712934938 460123 60123014 13 13 2 0 0 1 51 61 
1712934938 460129 60129000 14 13 0 0 0 1 17 107 
1712934938 460129 60129007 14 13 1 0 0 4 29 40 30 104 31 41 60 81 
1712934938 460129 60129014 14 13 2 0 0 2 21 129 22 30 
1712934938 460253 60253000 13 17 0 0 0 2 11 141 12 72 
1712934938 460253 60253007 13 17 1 0 0 1 28 103 
1712934938 460253 60253014 13 17 2 0 0 1 30 100 
1712934938 460369 60369014 14 13 2 0 0 2 2 9 3 122 
1712934938 460371 60371000 11 15 0 0 0 1 11 92 
1712934938 460371 60371007 11 15 1 0 0 1 37 85 
1712934938 460371 60371014 11 15 2 0 0 1 0 76 
1712934938 460386 60386000 11 12 0 0 0 1 60 109 
1712934938 460429 60429000 14 13 0 0 0 1 8 106 
1712934938 460429 60429007 14 13 1 0 0 1 1 89 
1712934938 460635 60635000 10 15 0 0 0 1 12 109 
1712934938 460692 60692000 12 12 0 0 0 2 14 95 15 4 
1712934938 460692 60692007 12 12 1 0 0 2 38 80 39 10 
1712934938 460692 60692014 12 12 2 0 0 2 50 9 51 163 
1712934938 460752 60752007 12 12 1 0 0 2 59 209 60 56 
1712934938 460752 60752014 12 12 2 0 0 2 41 47 42 67 
1712934938 460787 60787000 12 17 0 0 0 1 37 103 
1712934938 460787 60787007 12 17 1 0 0 1 3 104 
1712934938 460787 60787014 12 17 2 0 0 1 46 87 
1712934938 460866 60866007 11 12 1 0 0 1 33 111 
1712934938 460866 60866014 11 12 2 0 0 2 33 34 34 61 
1712934938 460966 60966000 11 16 0 0 0 2 41 3 56 107 
1712934938 460966 60966007 11 16 1 0 0 2 40 8 41 88 
1712934938 460998 60998000 13 12 0 0 0 1 49 165 
1712934938 461011 61011007 11 13 1 0 0 1 13 114 
1712934938 461032 61032000 12 16 0 0 0 1 60 101 
1712934938 461043 61043000 13 15 0 0 0 2 48 27 58 129 
1712934938 461043 61043007 13 15 1 0 0 2 31 185 32 35 
1712934938 461043 61043014 13 15 2 0 0 2 28 41 29 60 
1712934938 461163 61163000 13 15 0 0 0 1 2 133 
1712934938 461222 61222014 12 14 2 0 0 2 41 142 42 5 
1712934938 461321 61321000 11 17 0 0 0 2 55 35 56 51 
1712934938 461646 61646007 11 12 1 0 0 2 21 74 22 18 
1712934938 461646 61646014 11 12 2 0 0 1 53 83 
1712934938 461650 61650007 10 16 1 0 0 1 33 68 
1712934938 461650 61650014 10 16 2 0 0 1 21 108 
1712934938 461694 61694007 14 12 1 0 0 2 55 13 56 92 
1712934938 461829 61829000 14 15 0 0 0 1 61 104 
1712934938 461832 61832000 12 12 0 0 0 2 51 91 52 3 
1712934938 461953 61953000 13 13 0 0 0 2 0 5 1 104 
1712934938 461953 61953007 13 13 1 0 0 1 52 78 
1712934938 461953 61953014 13 13 2 0 0 1 8 79 
1712934938 461986 61986000 11 16 0 0 0 1 62 131 
1712934938 461986 61986007 11 16 1 0 0 1 18 103 
1712934938 461986 61986014 11 16 2 0 0 1 45 89 
1712934938 462166 62166000 11 16 0 0 0 1 39 201 
1712934938 462166 62166007 11 16 1 0 0 1 36 83 
1712934938 462166 62166014 11 16 2 0 0 1 41 81 
1712934938 462415 62415000 10 13 0 0 0 2 53 26 54 52 
1712934938 462415 62415007 10 13 1 0 0 1 16 79 
1712934938 462420 62420000 10 12 0 0 0 1 62 90 
1712934938 462432 62432007 12 12 1 0 0 2 13 47 14 49 
1712934938 462432 62432014 12 12 2 0 0 2 52 6 58 91 
1712934938 462451 62451007 11 13 1 0 0 1 57 76 
1712934938 462451 62451014 11 13 2 0 0 1 63 92 
1712934938 462508 62508000 13 16 0 0 0 2 13 31 14 103 
1712934938 462576 62576000 11 12 0 0 0 1 6 173 
1712934938 462576 62576007 11 12 1 0 0 1 27 85 
1712934938 462576 62576014 11 12 2 0 0 1 21 79 
1712934938 462704 62704000 14 14 0 0 0 2 50 56 51 46 
1712934938 462704 62704007 14 14 1 0 0 1 53 98 
1712934938 462738 62738014 13 12 2 0 0 2 20 121 21 12 
1712934938 462826 62826000 11 16 0 0 0 4 38 36 39 91 40 34 41 68 
1712934938 462826 62826007 11 16 1 0 0 1 58 88 
1712934938 462826 62826014 11 16 2 0 0 1 25 78 
1712934938 463060 63060000 10 16 0 0 0 1 57 78 
1712934938 463060 63060007 10 16 1 0 0 1 42 107 
1712934938 463072 63072000 12 16 0 0 0 1 2 99 
1712934938 463075 63075000 10 13 0 0 0 2 45 89 46 119 
1712934938 463075 63075007 10 13 1 0 0 1 14 82 
1712934938 463075 63075014 10 13 2 0 0 1 55 93 
1712934938 463113 63113014 13 15 2 0 0 2 62 72 63 17 
1712934938 463241 63241007 11 17 1 0 0 1 5 114 
1712934938 463241 63241014 11 17 2 0 0 1 23 83 
1712934938 463362 63362014 12 12 2 0 0 1 46 19 
1712934938 463377 63377000 12 15 0 0 0 1 8 101 
1712934938 463524 63524000 14 12 0 0 0 1 50 102 
1712934938 463524 63524007 14 12 1 0 0 1 44 82 
1712934938 463524 63524014 14 12 2 0 0 1 51 103 
1712934938 463534 63534000 14 16 0 0 0 2 59 152 60 3 
1712934938 463534 63534007 14 16 1 0 0 1 43 114 
1712934938 463534 63534014 14 16 2 0 0 1 13 287 
1712934938 463590 63590000 10 12 0 0 0 1 4 89 
1712934938 463590 63590007 10 12 1 0 0 2 15 72 16 15 
1712934938 463590 63590014 10 12 2 0 0 1 1 140 
1712934938 463750 63750000 10 16 0 0 0 3 2 96 3 3 30 5 
1712934938 463789 63789000 14 13 0 0 0 1 49 75 
1712934938 463789 63789007 14 13 1 0 0 1 30 78 
1712934938 463789 63789014 14 13 2 0 0 1 54 102 
1712934938 463831 63831014 11 13 2 0 0 2 56 107 57 38 
1712934938 463923 63923007 13 15 1 0 0 2 33 14 40 129 
1712934938 463923 63923014 13 15 2 0 0 1 28 92 
1712934938 463942 63942000 12 16 0 0 0 1 10 109 
1712934938 464009 64009000 14 17 0 0 0 1 26 106 
1712934938 464009 64009007 14 17 1 0 0 2 15 189 16 25 
1712934938 464045 64045000 10 17 0 0 0 1 52 80 
1712934938 464045 64045007 10 17 1 0 0 1 18 96 
1712934938 464045 64045014 10 17 2 0 0 1 57 83 
1712934938 464080 64080000 10 16 0 0 0 2 28 35 29 57 
1712934938 464080 64080007 10 16 1 0 0 1 17 225 
1712934938 464080 64080014 10 16 2 0 0 1 8 91 
1712934938 464122 64122007 12 16 1 0 0 1 30 163 
1712934938 464122 64122014 12 16 2 0 0 2 27 44 28 75 
1712934938 464191 64191000 11 13 0 0 0 1 27 92 
1712934938 464191 64191007 11 13 1 0 0 1 0 32 
1712934938 464215 64215000 10 13 0 0 0 1 21 83 
1712934938 464215 64215007 10 13 1 0 0 1 35 103 
1712934938 464215 64215014 10 13 2 0 0 1 43 96 
1712934938 464242 64242000 12 16 0 0 0 1 7 87 
1712934938 464330 64330000 10 14 0 0 0 1 53 111 
1712934938 464330 64330007 10 14 1 0 0 2 36 52 37 62 
1712934938 464330 64330014 10 14 2 0 0 2 21 56 22 103 
1712934938 464388 64388000 13 12 0 0 0 1 17 107 
1712934938 464388 64388007 13 12 1 0 0 2 52 15 53 81 
1712934938 464442 64442007 12 12 1 0 0 2 52 77 53 50 
1712934938 464442 64442014 12 12 2 0 0 2 29 46 30 71 
1712934938 464479 64479014 14 13 2 0 0 1 3 100 
1712934938 464489 64489014 14 17 2 0 0 2 23 45 24 100 
1712934938 464686 64686014 11 16 2 0 0 2 57 58 58 68 
1712934938 464741 64741000 11 17 0 0 0 2 41 68 42 42 
1712934938 464741 64741007 11 17 1 0 0 1 0 122 
1712934938 464770 64770014 10 16 2 0 0 1 1 83 
1712934938 464832 64832000 12 12 0 0 0 1 17 2 
1712934938 464869 64869007 14 13 1 0 0 2 22 32 23 123 
1712934938 464869 64869014 14 13 2 0 0 2 35 1 36 117 
1712934938 464883 64883000 13 15 0 0 0 1 63 91 
1712934938 464883 64883007 13 15 1 0 0 1 41 131 
1712934938 464883 64883014 13 15 2 0 0 2 29 105 30 16 
1712934938 464899 64899007 14 13 1 0 0 2 52 38 53 65 
1712934938 464899 64899014 14 13 2 0 0 1 35 99 
1712934938 465050 65050000 10 14 0 0 0 2 40 61 41 28 
1712934938 465050 65050007 10 14 1 0 0 1 54 82 
1712934938 465050 65050014 10 14 2 0 0 2 56 32 57 52 
1712934938 465168 65168000 13 12 0 0 0 3 49 101 50 1 51 89 
1712934938 465168 65168007 13 12 1 0 0 1 45 104 
1712934938 465168 65168014 13 12 2 0 0 1 56 99 
1712934938 465220 65220000 10 16 0 0 0 1 41 94 
1712934938 465220 65220007 10 16 1 0 0 1 37 95 
1712934938 465220 65220014 10 16 2 0 0 1 22 90 
1712934938 465233 65233000 13 17 0 0 0 1 46 134 
1712934938 465233 65233007 13 17 1 0 0 1 49 119 
1712934938 465278 65278014 13 14 2 0 0 1 8 88 
1712934938 465332 65332014 12 14 2 0 0 1 1 102 
1712934938 465403 65403007 13 13 1 0 0 2 46 90 47 21 
1712934938 465403 65403014 13 13 2 0 0 1 63 103 
1712934938 465429 65429007 14 15 1 0 0 1 7 92 
1712934938 465435 65435000 10 15 0 0 0 2 34 42 35 70 
1712934938 465435 65435007 10 15 1 0 0 1 0 114 
1712934938 465454 65454000 14 16 0 0 0 1 8 127 
1712934938 465506 65506007 11 14 1 0 0 2 21 27 22 178 
1712934938 465506 65506014 11 14 2 0 0 1 14 133 
1712934938 465551 65551014 11 17 2 0 0 1 6 79 
1712934938 465613 65613000 13 13 0 0 0 1 59 114 
1712934938 465613 65613007 13 13 1 0 0 2 19 45 20 57 
1712934938 465618 65618014 13 12 2 0 0 1 11 199 
1712934938 465715 65715007 10 13 1 0 0 2 13 76 14 32 
1712934938 465715 65715014 10 13 2 0 0 1 40 141 
1712934938 465734 65734000 14 14 0 0 0 2 17 25 18 118 
1712934938 465734 65734007 14 14 1 0 0 2 14 48 15 113 
1712934938 465786 65786007 11 12 1 0 0 1 63 22 
1712934938 465836 65836014 11 14 2 0 0 1 0 98 
1712934938 465990 65990014 10 12 2 0 0 1 19 131 
1712934938 465999 65999000 14 15 0 0 0 2 7 14 8 90 
1712934938 466095 66095000 10 15 0 0 0 2 34 12 35 132 
1712934938 466199 66199007 14 17 1 0 0 1 2 84 
1712934938 466199 66199014 14 17 2 0 0 1 15 82 
1712934938 466205 66205000 10 17 0 0 0 1 59 174 
1712934938 466263 66263000 13 15 0 0 0 1 58 109 
1712934938 466263 66263007 13 15 1 0 0 1 18 93 
1712934938 466263 66263014 13 15 2 0 0 1 36 109 
1712934938 466476 66476000 11 12 0 0 0 1 49 104 
1712934938 466476 66476007 11 12 1 0 0 1 13 79 
1712934938 466476 66476014 11 12 2 0 0 2 42 46 43 36 
1712934938 466514 66514007 14 14 1 0 0 1 59 92 
1712934938 466514 66514014 14 14 2 0 0 2 27 42 28 53 
1712934938 466627 66627000 12 13 0 0 0 2 28 27 29 77 
1712934938 466627 66627007 12 13 1 0 0 2 38 53 39 54 
1712934938 466627 66627014 12 13 2 0 0 1 55 105 
1712934938 466682 66682007 12 14 1 0 0 1 1 119 
1712934938 466682 66682014 12 14 2 0 0 1 5 16 
1712934938 466803 66803000 13 15 0 0 0 2 17 4 18 93 
1712934938 466803 66803007 13 15 1 0 0 2 51 8 52 106 
1712934938 466803 66803014 13 15 2 0 0 2 60 141 61 64 
1712934938 466867 66867000 12 13 0 0 0 2 12 27 13 88 
1712934938 466867 66867007 12 13 1 0 0 1 14 130 
1712934938 466867 66867014 12 13 2 0 0 2 40 51 41 46 
1712934938 466907 66907014 12 17 2 0 0 1 49 84 
1712934938 466922 66922000 12 14 0 0 0 4 26 45 27 116 28 27 59 119 
1712934938 466922 66922007 12 14 1 0 0 2 33 43 34 152 
1712934938 466922 66922014 12 14 2 0 0 1 63 125 
1712934938 467079 67079000 14 15 0 0 0 2 17 96 18 17 
1712934938 467079 67079007 14 15 1 0 0 1 11 81 
1712934938 467079 67079014 14 15 2 0 0 1 36 86 
1712934938 467111 67111014 11 17 2 0 0 2 20 44 21 105 
1712934938 467126 67126000 11 14 0 0 0 1 0 79 
1712934938 467126 67126007 11 14 1 0 0 1 56 77 
1712934938 467126 67126014 11 14 2 0 0 1 4 90 
1712934938 467345 67345007 10 17 1 0 0 2 57 33 58 78 
1712934938 467397 67397000 12 15 0 0 0 1 1 93 
1712934938 467397 67397007 12 15 1 0 0 1 48 102 
1712934938 467397 67397014 12 15 2 0 0 2 24 98 25 2 
1712934938 467423 67423000 13 17 0 0 0 2 4 97 5 5 
1712934938 467469 67469014 14 15 2 0 0 1 6 124 
1712934938 467494 67494000 14 16 0 0 0 2 56 97 57 20 
1712934938 467494 67494007 14 16 1 0 0 1 31 101 
1712934938 467494 67494014 14 16 2 0 0 2 34 94 35 14 
1712934938 467497 67497000 12 13 0 0 0 1 46 95 
1712934938 467517 67517000 12 15 0 0 0 2 28 6 29 101 
1712934938 467517 67517007 12 15 1 0 0 2 14 86 15 13 
1712934938 467536 67536014 11 16 2 0 0 1 37 169 
1712934938 467564 67564000 14 14 0 0 0 2 9 83 10 13 
1712934938 467564 67564007 14 14 1 0 0 1 19 99 
1712934938 467609 67609000 14 17 0 0 0 2 27 41 28 49 
1712934938 467609 67609007 14 17 1 0 0 1 19 97 
1712934938 467609 67609014 14 17 2 0 0 1 10 95 
1712934938 467703 67703000 13 15 0 0 0 1 61 82 
1712934938 467751 67751000 11 15 0 0 0 1 7 89 
1712934938 467751 67751007 11 15 1 0 0 1 28 87 
1712934938 467751 67751014 11 15 2 0 0 1 29 142 
1712934938 467954 67954000 14 14 0 0 0 2 43 38 44 72 
1712934938 468041 68041000 11 17 0 0 0 1 44 84 
1712934938 468056 68056007 11 14 1 0 0 2 44 115 45 10 
1712934938 468085 68085000 10 13 0 0 0 1 27 171 
1712934938 468090 68090000 10 12 0 0 0 1 3 85 
1712934938 468095 68095000 10 17 0 0 0 1 29 111 
1712934938 468095 68095007 10 17 1 0 0 2 50 17 51 79 
1712934938 468106 68106000 11 16 0 0 0 2 4 91 5 3 
1712934938 468250 68250000 10 16 0 0 0 2 56 68 57 17 
1712934938 468342 68342007 12 12 1 0 0 2 33 66 34 72 
1712934938 468342 68342014 12 12 2 0 0 1 27 115 
1712934938 468370 68370007 10 16 1 0 0 2 54 82 55 67 
1712934938 468405 68405007 10 15 1 0 0 2 13 74 14 69 
1712934938 468405 68405014 10 15 2 0 0 2 27 71 28 20 
1712934938 468414 68414000 14 12 0 0 0 2 36 124 37 119 
1712934938 468424 68424007 14 16 1 0 0 1 41 149 
1712934938 468424 68424014 14 16 2 0 0 1 32 99 
1712934938 468745 68745000 10 13 0 0 0 1 5 85 
1712934938 468801 68801000 11 15 0 0 0 1 0 82 
1712934938 468893 68893007 13 17 1 0 0 1 59 18 
1712934938 468893 68893014 13 17 2 0 0 2 30 49 31 88 
1712934938 469041 69041014 11 15 2 0 0 1 61 164 
1712934938 469152 69152014 12 12 2 0 0 1 11 3 
1712934938 469182 69182000 12 12 0 0 0 1 27 92 
1712934938 469182 69182007 12 12 1 0 0 1 27 86 
1712934938 469182 69182014 12 12 2 0 0 1 42 138 
1712934938 469244 69244000 14 14 0 0 0 1 39 116 
1712934938 469244 69244007 14 14 1 0 0 2 27 30 28 109 
1712934938 469244 69244014 14 14 2 0 0 2 22 142 23 94 
1712934938 469422 69422000 12 12 0 0 0 1 6 82 
1712934938 469422 69422007 12 12 1 0 0 1 24 35 
1712934938 469428 69428000 13 12 0 0 0 1 21 90 
1712934938 469428 69428007 13 12 1 0 0 2 16 68 17 27 
1712934938 469428 69428014 13 12 2 0 0 2 25 20 26 64 
1712934938 469463 69463000 13 17 0 0 0 2 3 36 4 94 
1712934938 469463 69463007 13 17 1 0 0 1 27 104 
1712934938 469463 69463014 13 17 2 0 0 1 30 105 
1712934938 469650 69650014 10 12 2 0 0 1 22 95 
1712934938 469741 69741000 11 13 0 0 0 1 43 165 
1712934938 469741 69741007 11 13 1 0 0 1 22 84 
1712934938 469741 69741014 11 13 2 0 0 1 58 81 
1712934938 469775 69775000 10 17 0 0 0 1 30 92 
1712934938 469775 69775007 10 17 1 0 0 1 16 115 
1712934938 469775 69775014 10 17 2 0 0 2 15 19 16 94 
1712934938 469893 69893000 13 15 0 0 0 3 40 83 53 130 54 21 
1712934938 469893 69893007 13 15 1 0 0 1 13 74 
1712934938 469893 69893014 13 15 2 0 0 1 32 74 
1712934938 469948 69948014 13 16 2 0 0 1 53 114 
1712934938 470225 70225007 10 17 1 0 0 2 28 36 29 48 
1712934938 470225 70225014 10 17 2 0 0 2 20 15 21 80 
1712934938 470277 70277014 12 15 2 0 0 2 5 3 6 132 
1712934938 470318 70318014 13 14 2 0 0 1 35 21 
1712934938 470350 70350000 10 16 0 0 0 2 59 100 60 5 
1712934938 470357 70357000 12 17 0 0 0 1 58 113 
1712934938 470362 70362000 12 16 0 0 0 1 46 137 
1712934938 470362 70362007 12 16 1 0 0 1 38 87 
1712934938 470439 70439000 14 15 0 0 0 2 44 82 57 98 
1712934938 470439 70439007 14 15 1 0 0 2 57 99 58 14 
1712934938 470477 70477000 12 17 0 0 0 1 33 118 
1712934938 470477 70477007 12 17 1 0 0 2 29 8 30 78 
1712934938 470477 70477014 12 17 2 0 0 1 57 100 
1712934938 470526 70526014 11 12 2 0 0 1 53 118 
1712934938 470551 70551000 11 13 0 0 0 1 14 93 
1712934938 470551 70551007 11 13 1 0 0 2 45 39 46 141 
1712934938 470576 70576014 11 14 2 0 0 2 9 92 10 24 
1712934938 470618 70618000 13 14 0 0 0 2 3 94 16 8 
1712934938 470618 70618007 13 14 1 0 0 1 41 89 
1712934938 470618 70618014 13 14 2 0 0 1 7 92 
1712934938 470693 70693014 13 17 2 0 0 1 63 40 
1712934938 470702 70702000 12 14 0 0 0 1 32 100 
1712934938 470702 70702007 12 14 1 0 0 2 14 5 15 109 
1712934938 470827 70827007 12 13 1 0 0 2 62 20 63 67 
1712934938 470827 70827014 12 13 2 0 0 1 7 98 
1712934938 470889 70889000 14 15 0 0 0 1 3 86 
1712934938 470889 70889007 14 15 1 0 0 1 13 129 
1712934938 470889 70889014 14 15 2 0 0 1 29 105 
1712934938 471042 71042007 12 12 1 0 0 1 7 7 
1712934938 471045 71045014 10 15 2 0 0 2 21 41 22 61 
1712934938 471049 71049014 14 13 2 0 0 3 36 38 37 177 38 99 
1712934938 471050 71050014 10 14 2 0 0 3 25 22 26 38 40 29 
1712934938 471322 71322000 12 16 0 0 0 1 62 77 
1712934938 471322 71322007 12 16 1 0 0 1 20 81 
1712934938 471322 71322014 12 16 2 0 0 1 63 87 
1712934938 471576 71576014 11 12 2 0 0 2 55 36 56 65 
1712934938 471756 71756014 11 12 2 0 0 2 13 28 14 109 
1712934938 471887 71887000 12 17 0 0 0 1 0 22 
1712934938 471887 71887007 12 17 1 0 0 1 61 84 
1712934938 471933 71933014 13 15 2 0 0 2 54 30 55 120 
1712934938 471979 71979000 14 13 0 0 0 2 36 108 37 23 
1712934938 471979 71979007 14 13 1 0 0 1 16 179 
1712934938 472047 72047007 12 15 1 0 0 1 14 95 
1712934938 472047 72047014 12 15 2 0 0 2 23 80 24 32 
1712934938 472118 72118014 13 14 2 0 0 2 3 33 4 74 
1712934938 472155 72155000 10 15 0 0 0 1 43 91 
1712934938 472155 72155007 10 15 1 0 0 1 28 82 
1712934938 472155 72155014 10 15 2 0 0 2 37 65 38 13 
1712934938 472253 72253000 13 17 0 0 0 2 57 69 58 10 
1712934938 472274 72274000 14 14 0 0 0 2 30 50 31 53 
1712934938 472274 72274007 14 14 1 0 0 2 5 145 6 29 
1712934938 472312 72312000 12 16 0 0 0 1 56 98 
1712934938 472331 72331000 11 17 0 0 0 1 10 88 
1712934938 472331 72331007 11 17 1 0 0 1 52 141 
1712934938 472339 72339007 14 13 1 0 0 2 9 110 10 15 
1712934938 472339 72339014 14 13 2 0 0 1 19 96 
1712934938 472441 72441000 11 13 0 0 0 1 29 103 
1712934938 472441 72441007 11 13 1 0 0 1 58 82 
1712934938 472441 72441014 11 13 2 0 0 1 39 86 
1712934938 472516 72516007 11 16 1 0 0 1 7 143 
1712934938 472516 72516014 11 16 2 0 0 1 7 119 
1712934938 472526 72526014 11 14 2 0 0 1 4 116 
1712934938 472531 72531000 11 13 0 0 0 2 13 56 14 45 
1712934938 472607 72607000 12 17 0 0 0 2 15 65 16 22 
1712934938 472607 72607007 12 17 1 0 0 1 36 79 
1712934938 472607 72607014 12 17 2 0 0 1 23 85 
1712934938 472631 72631000 11 17 0 0 0 2 34 65 35 60 
1712934938 472631 72631007 11 17 1 0 0 2 39 1 40 178 
1712934938 472811 72811007 11 17 1 0 0 2 41 91 42 33 
1712934938 472811 72811014 11 17 2 0 0 1 40 51 
1712934938 472995 72995007 10 15 1 0 0 1 0 4 
1712934938 472995 72995014 10 15 2 0 0 1 7 167 
1712934938 473033 73033007 13 17 1 0 0 1 60 108 
1712934938 473033 73033014 13 17 2 0 0 2 40 54 41 42 
1712934938 473147 73147014 12 17 2 0 0 2 21 28 22 158 
1712934938 473241 73241000 11 15 0 0 0 1 39 91 
1712934938 473241 73241007 11 15 1 0 0 1 61 94 
1712934938 473242 73242000 12 16 0 0 0 1 62 47 
1712934938 473290 73290000 10 16 0 0 0 1 31 145 
1712934938 473290 73290007 10 16 1 0 0 2 26 72 27 40 
1712934938 473290 73290014 10 16 2 0 0 1 31 96 
1712934938 473427 73427000 12 15 0 0 0 1 26 84 
1712934938 473427 73427007 12 15 1 0 0 2 27 94 31 24 
1712934938 473427 73427014 12 15 2 0 0 1 11 77 
1712934938 473450 73450014 10 14 2 0 0 2 7 67 8 36 
1712934938 473505 73505000 10 15 0 0 0 1 2 4 
1712934938 473505 73505014 10 15 2 0 0 2 56 106 57 12 
1712934938 473521 73521007 11 13 1 0 0 2 54 8 55 100 
1712934938 473521 73521014 11 13 2 0 0 2 39 83 40 9 
1712934938 473584 73584000 14 16 0 0 0 1 28 82 
1712934938 473584 73584007 14 16 1 0 0 1 30 81 
1712934938 473584 73584014 14 16 2 0 0 1 26 90 
1712934938 473609 73609000 14 17 0 0 0 1 4 102 
1712934938 473616 73616000 11 12 0 0 0 1 28 121 
1712934938 473616 73616007 11 12 1 0 0 1 5 85 
1712934938 473616 73616014 11 12 2 0 0 1 32 91 
1712934938 473662 73662007 12 16 1 0 0 1 46 123 
1712934938 473689 73689000 14 13 0 0 0 1 42 91 
1712934938 473689 73689007 14 13 1 0 0 2 9 13 10 78 
1712934938 473689 73689014 14 13 2 0 0 1 42 97 
1712934938 473725 73725000 10 13 0 0 0 1 33 97 
1712934938 473725 73725007 10 13 1 0 0 1 34 81 
1712934938 473725 73725014 10 13 2 0 0 2 30 77 31 25 
1712934938 473792 73792000 12 14 0 0 0 1 4 90 
1712934938 473792 73792007 12 14 1 0 0 1 6 111 
1712934938 473805 73805000 10 15 0 0 0 1 2 87 
1712934938 473823 73823014 13 15 2 0 0 1 61 100 
1712934938 473844 73844000 14 12 0 0 0 2 21 25 22 82 
1712934938 473844 73844007 14 12 1 0 0 2 57 76 58 30 
1712934938 473860 73860000 10 16 0 0 0 1 45 122 
1712934938 474032 74032007 12 14 1 0 0 2 50 46 51 60 
1712934938 474032 74032014 12 14 2 0 0 1 33 90 
1712934938 474097 74097014 12 13 2 0 0 2 10 125 11 19 
1712934938 474178 74178000 13 16 0 0 0 1 40 151 
1712934938 474178 74178007 13 16 1 0 0 1 36 99 
1712934938 474178 74178014 13 16 2 0 0 2 15 7 16 80 
1712934938 474248 74248014 13 14 2 0 0 2 39 81 40 33 
1712934938 474251 74251007 11 17 1 0 0 1 1 84 
1712934938 474251 74251014 11 17 2 0 0 1 37 92 
1712934938 474254 74254000 14 14 0 0 0 2 36 42 37 138 
1712934938 474432 74432000 12 12 0 0 0 1 16 94 
1712934938 474432 74432007 12 12 1 0 0 1 19 96 
1712934938 474432 74432014 12 12 2 0 0 2 47 53 48 46 
1712934938 474442 74442000 12 16 0 0 0 1 57 98 
1712934938 474442 74442007 12 16 1 0 0 2 34 12 42 93 
1712934938 474442 74442014 12 16 2 0 0 2 27 37 28 53 
1712934938 474452 74452014 12 14 2 0 0 2 23 37 24 84 
1712934938 474546 74546000 11 12 0 0 0 2 19 78 20 6 
1712934938 474546 74546007 11 12 1 0 0 1 42 95 
1712934938 474546 74546014 11 12 2 0 0 2 7 11 8 139 
1712934938 474616 74616000 11 16 0 0 0 1 25 72 
1712934938 474616 74616007 11 16 1 0 0 3 12 64 13 82 20 86 
1712934938 474616 74616014 11 16 2 0 0 1 17 171 
1712934938 474720 74720014 10 12 2 0 0 1 42 133 
1712934938 474784 74784000 14 16 0 0 0 2 18 83 19 31 
1712934938 474784 74784007 14 16 1 0 0 1 52 125 
1712934938 475107 75107000 12 15 0 0 0 2 34 16 35 62 
1712934938 475107 75107007 12 15 1 0 0 1 8 92 
1712934938 475107 75107014 12 15 2 0 0 1 12 87 
1712934938 475289 75289000 14 17 0 0 0 1 37 102 
1712934938 475475 75475000 10 17 0 0 0 1 60 89 
1712934938 475630 75630000 10 16 0 0 0 1 4 90 
1712934938 475630 75630007 10 16 1 0 0 1 23 93 
1712934938 475630 75630014 10 16 2 0 0 1 19 91 
1712934938 475650 75650000 10 12 0 0 0 1 43 79 
1712934938 475650 75650007 10 12 1 0 0 1 29 86 
1712934938 475650 75650014 10 12 2 0 0 1 62 75 
1712934938 475700 75700000 10 14 0 0 0 2 1 96 2 63 
1712934938 475717 75717000 12 13 0 0 0 1 11 123 
1712934938 475717 75717007 12 13 1 0 0 2 33 48 34 31 
1712934938 475717 75717014 12 13 2 0 0 1 3 95 
1712934938 475724 75724007 14 14 1 0 0 1 3 82 
1712934938 475829 75829000 14 17 0 0 0 2 39 117 40 92 
1712934938 475829 75829007 14 17 1 0 0 1 28 100 
1712934938 475848 75848000 13 12 0 0 0 2 2 65 3 85 
1712934938 475911 75911000 11 15 0 0 0 1 59 119 
1712934938 475911 75911007 11 15 1 0 0 2 17 122 38 97 
1712934938 475911 75911014 11 15 2 0 0 1 33 87 
1712934938 475924 75924014 14 16 2 0 0 1 63 125 
1712934938 476017 76017000 12 13 0 0 0 1 63 94 
1712934938 476017 76017007 12 13 1 0 0 2 26 74 27 31 
1712934938 476017 76017014 12 13 2 0 0 1 56 80 
1712934938 476125 76125007 10 13 1 0 0 1 33 133 
1712934938 476125 76125014 10 13 2 0 0 1 6 86 
1712934938 476307 76307000 12 15 0 0 0 2 55 70 56 11 
1712934938 476307 76307007 12 15 1 0 0 1 21 82 
1712934938 476391 76391007 11 15 1 0 0 1 8 92 
1712934938 476391 76391014 11 15 2 0 0 1 16 81 
1712934938 476516 76516000 11 14 0 0 0 2 4 40 5 37 
1712934938 476516 76516007 11 14 1 0 0 1 2 77 
1712934938 476547 76547000 12 15 0 0 0 2 5 79 6 47 
1712934938 476547 76547007 12 15 1 0 0 2 41 49 42 80 
1712934938 476547 76547014 12 15 2 0 0 2 39 31 40 85 
1712934938 476582 76582000 12 14 0 0 0 1 60 102 
1712934938 476585 76585007 10 17 1 0 0 2 20 17 21 89 
1712934938 476585 76585014 10 17 2 0 0 1 39 114 
1712934938 476633 76633000 13 17 0 0 0 1 5 6 
1712934938 476766 76766000 11 12 0 0 0 1 7 120 
1712934938 476810 76810000 10 14 0 0 0 1 52 87 
1712934938 476810 76810007 10 14 1 0 0 1 45 100 
1712934938 476810 76810014 10 14 2 0 0 1 49 93 
1712934938 476854 76854014 14 16 2 0 0 2 20 95 21 2 
1712934938 476919 76919007 14 15 1 0 0 1 34 82 
1712934938 476919 76919014 14 15 2 0 0 1 18 83 
1712934938 476986 76986014 11 16 2 0 0 1 36 164 
1712934938 477026 77026000 11 14 0 0 0 1 14 81 
1712934938 477026 77026007 11 14 1 0 0 1 46 85 
1712934938 477026 77026014 11 14 2 0 0 1 13 169 
1712934938 477088 77088014 13 16 2 0 0 2 6 61 7 54 
1712934938 477142 77142007 12 16 1 0 0 1 63 90 
1712934938 477142 77142014 12 16 2 0 0 1 54 99 
1712934938 477262 77262014 12 16 2 0 0 2 2 15 3 90 
1712934938 477307 77307000 12 13 0 0 0 1 57 193 
1712934938 477307 77307007 12 13 1 0 0 2 25 85 26 23 
1712934938 477307 77307014 12 13 2 0 0 1 28 118 
1712934938 477375 77375000 10 15 0 0 0 3 18 124 19 77 20 22 
1712934938 477375 77375007 10 15 1 0 0 1 47 137 
1712934938 477375 77375014 10 15 2 0 0 2 53 83 54 14 
1712934938 477410 77410007 10 14 1 0 0 1 55 90 
1712934938 477539 77539007 14 17 1 0 0 2 2 125 3 6 
1712934938 477544 77544000 14 16 0 0 0 1 47 117 
1712934938 477551 77551014 11 17 2 0 0 3 34 32 43 17 44 112 
1712934938 477722 77722000 12 14 0 0 0 2 43 67 44 72 
1712934938 477786 77786000 11 12 0 0 0 1 57 128 
1712934938 477813 77813000 13 15 0 0 0 1 21 83 
1712934938 477813 77813007 13 15 1 0 0 1 42 83 
1712934938 477813 77813014 13 15 2 0 0 1 26 93 
1712934938 478025 78025000 10 17 0 0 0 1 16 116 
1712934938 478025 78025007 10 17 1 0 0 2 19 36 20 47 
1712934938 478025 78025014 10 17 2 0 0 1 31 115 
1712934938 478070 78070000 10 14 0 0 0 1 9 110 
1712934938 478131 78131000 11 15 0 0 0 2 58 29 59 107 
1712934938 478331 78331014 11 17 2 0 0 1 63 111 
1712934938 478399 78399014 14 13 2 0 0 1 52 100 
1712934938 478449 78449007 14 15 1 0 0 1 12 105 
1712934938 478449 78449014 14 15 2 0 0 2 38 119 39 56 
1712934938 478471 78471014 11 13 2 0 0 2 39 173 40 89 
1712934938 478503 78503000 13 15 0 0 0 2 56 101 57 20 
1712934938 478503 78503007 13 15 1 0 0 1 55 110 
1712934938 478639 78639007 14 13 1 0 0 1 12 107 
1712934938 478639 78639014 14 13 2 0 0 2 20 103 21 1 
1712934938 478650 78650014 10 12 2 0 0 2 56 26 57 169 
1712934938 478706 78706000 11 14 0 0 0 1 32 88 
1712934938 478706 78706007 11 14 1 0 0 1 26 97 
1712934938 478706 78706014 11 14 2 0 0 1 35 83 
1712934938 478760 78760007 10 14 1 0 0 1 15 105 
1712934938 478760 78760014 10 14 2 0 0 1 28 113 
1712934938 478843 78843000 13 13 0 0 0 2 17 121 18 20 
1712934938 479033 79033000 13 17 0 0 0 2 25 34 26 91 
1712934938 479033 79033007 13 17 1 0 0 1 15 104 
1712934938 479142 79142000 12 12 0 0 0 2 43 9 44 105 
1712934938 479142 79142007 12 12 1 0 0 1 21 126 
1712934938 479292 79292014 12 12 2 0 0 1 1 118 
1712934938 479430 79430000 10 12 0 0 0 1 43 95 
1712934938 479430 79430007 10 12 1 0 0 1 20 96 
1712934938 479430 79430014 10 12 2 0 0 1 49 90 
1712934938 479625 79625000 10 15 0 0 0 1 19 154 
1712934938 479647 79647000 12 13 0 0 0 2 35 48 36 115 
1712934938 479647 79647007 12 13 1 0 0 2 24 158 25 71 
1712934938 479647 79647014 12 13 2 0 0 1 61 141 
1712934938 479693 79693000 13 17 0 0 0 1 56 127 
1712934938 479693 79693007 13 17 1 0 0 1 30 79 
1712934938 479693 79693014 13 17 2 0 0 1 53 82 
1712934938 479811 79811014 11 15 2 0 0 2 17 19 18 85 
1712934938 479949 79949000 14 15 0 0 0 3 35 9 39 83 53 88 
1712934938 479949 79949007 14 15 1 0 0 1 24 76 
1712934938 479949 79949014 14 15 2 0 0 1 43 85 
1712934938 479971 79971000 11 13 0 0 0 1 38 101 
1712934938 479971 79971007 11 13 1 0 0 1 10 90 
1712934938 479971 79971014 11 13 2 0 0 2 58 31 59 62 
1712934938 480031 80031007 11 13 1 0 0 1 54 94 
1712934938 480031 80031014 11 13 2 0 0 1 45 81 
1712934938 480338 80338000 13 14 0 0 0 1 59 89 
1712934938 480648 80648014 13 12 2 0 0 2 34 137 35 22 
1712934938 480671 80671000 11 17 0 0 0 1 60 144 
1712934938 480671 80671007 11 17 1 0 0 1 22 76 
1712934938 480671 80671014 11 17 2 0 0 1 51 100 
1712934938 480756 80756000 11 12 0 0 0 2 33 1 34 92 
1712934938 480756 80756007 11 12 1 0 0 1 33 96 
1712934938 480756 80756014 11 12 2 0 0 1 44 84 
1712934938 480766 80766000 11 16 0 0 0 2 31 66 32 96 
1712934938 480766 80766007 11 16 1 0 0 1 17 107 
1712934938 480794 80794000 14 14 0 0 0 1 19 121 
1712934938 480794 80794007 14 14 1 0 0 1 31 133 
1712934938 480794 80794014 14 14 2 0 0 2 27 49 28 41 
1712934938 480895 80895000 10 13 0 0 0 1 14 92 
1712934938 480895 80895007 10 13 1 0 0 2 21 52 22 30 
1712934938 480895 80895014 10 13 2 0 0 1 13 85 
1712934938 480907 80907014 12 13 2 0 0 2 61 58 62 65 
1712934938 480928 80928000 13 16 0 0 0 2 4 86 5 5 
1712934938 480928 80928007 13 16 1 0 0 1 13 125 
1712934938 480928 80928014 13 16 2 0 0 1 41 112 
1712934938 480944 80944007 14 14 1 0 0 2 11 13 12 90 
1712934938 480944 80944014 14 14 2 0 0 2 23 87 24 14 
1712934938 481029 81029000 14 15 0 0 0 2 46 59 47 43 
1712934938 481029 81029007 14 15 1 0 0 1 34 104 
1712934938 481029 81029014 14 15 2 0 0 2 9 51 10 47 
1712934938 481184 81184000 14 14 0 0 0 2 29 58 30 28 
1712934938 481184 81184007 14 14 1 0 0 1 12 103 
1712934938 481184 81184014 14 14 2 0 0 2 62 115 63 42 
1712934938 481265 81265000 10 17 0 0 0 2 21 75 22 47 
1712934938 481311 81311000 11 15 0 0 0 3 26 10 29 85 42 79 
1712934938 481311 81311007 11 15 1 0 0 2 3 91 5 107 
1712934938 481311 81311014 11 15 2 0 0 1 51 96 
1712934938 481350 81350000 10 12 0 0 0 1 52 80 
1712934938 481350 81350007 10 12 1 0 0 2 35 46 36 163 
1712934938 481350 81350014 10 12 2 0 0 2 51 139 52 60 
1712934938 481483 81483000 13 13 0 0 0 1 39 101 
1712934938 481483 81483007 13 13 1 0 0 1 35 78 
1712934938 481483 81483014 13 13 2 0 0 1 60 98 
1712934938 481487 81487014 12 17 2 0 0 1 12 109 
1712934938 481670 81670014 10 14 2 0 0 2 2 72 3 72 
1712934938 481691 81691000 11 17 0 0 0 1 39 91 
1712934938 481691 81691007 11 17 1 0 0 1 37 102 
1712934938 481691 81691014 11 17 2 0 0 1 38 91 
1712934938 481854 81854000 14 12 0 0 0 2 45 28 46 83 
1712934938 481854 81854007 14 12 1 0 0 2 25 51 26 49 
1712934938 481929 81929014 14 15 2 0 0 1 23 88 
1712934938 482128 82128014 13 16 2 0 0 1 27 10 
1712934938 482147 82147000 12 17 0 0 0 1 25 111 
1712934938 482147 82147007 12 17 1 0 0 2 23 22 24 98 
1712934938 482147 82147014 12 17 2 0 0 1 0 124 
1712934938 482152 82152014 12 16 2 0 0 1 54 133 
1712934938 482290 82290000 10 16 0 0 0 2 19 110 20 2 
1712934938 482290 82290007 10 16 1 0 0 1 35 106 
1712934938 482364 82364000 14 12 0 0 0 2 35 77 36 61 
1712934938 482519 82519014 14 17 2 0 0 1 62 116 
1712934938 482524 82524000 14 16 0 0 0 1 39 82 
1712934938 482524 82524007 14 16 1 0 0 1 15 90 
1712934938 482524 82524014 14 16 2 0 0 1 14 113 
1712934938 482553 82553007 13 15 1 0 0 2 10 42 11 102 
1712934938 482553 82553014 13 15 2 0 0 1 25 99 
1712934938 482579 82579000 14 17 0 0 0 1 47 116 
1712934938 482579 82579007 14 17 1 0 0 1 55 129 
1712934938 482579 82579014 14 17 2 0 0 1 25 87 
1712934938 482645 82645000 10 17 0 0 0 1 28 96 
1712934938 482645 82645007 10 17 1 0 0 1 6 96 
1712934938 482816 82816000 11 14 0 0 0 1 13 76 
1712934938 482816 82816007 11 14 1 0 0 1 33 78 
1712934938 482816 82816014 11 14 2 0 0 1 11 109 
1712934938 482894 82894000 14 14 0 0 0 1 60 100 
1712934938 482894 82894007 14 14 1 0 0 1 13 103 
1712934938 482908 82908007 13 16 1 0 0 1 63 102 
1712934938 483101 83101014 11 17 2 0 0 1 25 93 
1712934938 483120 83120000 10 12 0 0 0 1 21 98 
1712934938 483120 83120007 10 12 1 0 0 2 33 36 34 50 
1712934938 483120 83120014 10 12 2 0 0 1 28 81 
1712934938 483150 83150007 10 12 1 0 0 1 58 119 
1712934938 483154 83154007 14 16 1 0 0 2 0 134 1 70 
1712934938 483171 83171000 11 15 0 0 0 1 38 131 
1712934938 483171 83171007 11 15 1 0 0 1 30 107 
1712934938 483171 83171014 11 15 2 0 0 2 36 77 37 5 
1712934938 483177 83177014 12 15 2 0 0 2 24 50 25 95 
1712934938 483364 83364000 14 16 0 0 0 1 2 97 
1712934938 483406 83406000 11 16 0 0 0 1 18 79 
1712934938 483406 83406007 11 16 1 0 0 1 46 83 
1712934938 483406 83406014 11 16 2 0 0 1 22 79 
1712934938 483445 83445000 10 13 0 0 0 1 42 85 
1712934938 483445 83445007 10 13 1 0 0 1 47 85 
1712934938 483495 83495000 10 15 0 0 0 1 48 85 
1712934938 483495 83495007 10 15 1 0 0 2 24 37 25 45 
1712934938 483495 83495014 10 15 2 0 0 1 53 72 
1712934938 483527 83527000 12 17 0 0 0 2 17 5 18 129 
1712934938 483575 83575014 10 17 2 0 0 1 1 125 
1712934938 483609 83609014 14 15 2 0 0 1 5 92 
1712934938 483724 83724000 14 16 0 0 0 2 37 55 38 72 
1712934938 483725 83725007 10 17 1 0 0 3 52 51 56 102 57 11 
1712934938 483725 83725014 10 17 2 0 0 1 22 87 
1712934938 483730 83730000 10 16 0 0 0 3 48 93 49 50 50 89 
1712934938 483730 83730007 10 16 1 0 0 1 3 104 
1712934938 483730 83730014 10 16 2 0 0 2 30 25 31 70 
1712934938 483793 83793000 13 13 0 0 0 1 55 89 
1712934938 483793 83793007 13 13 1 0 0 1 36 84 
1712934938 483793 83793014 13 13 2 0 0 1 63 100 
1712934938 483812 83812000 12 14 0 0 0 1 60 88 
1712934938 483812 83812007 12 14 1 0 0 2 50 18 51 76 
1712934938 483812 83812014 12 14 2 0 0 1 45 85 
1712934938 483814 83814000 14 16 0 0 0 1 7 93 
1712934938 483930 83930000 10 12 0 0 0 2 10 75 11 8 
1712934938 483930 83930007 10 12 1 0 0 1 63 34 
1712934938 484066 84066000 11 16 0 0 0 1 7 91 
1712934938 484066 84066007 11 16 1 0 0 1 7 75 
1712934938 484066 84066014 11 16 2 0 0 1 11 80 
1712934938 484084 84084000 14 16 0 0 0 2 22 55 23 36 
1712934938 484084 84084007 14 16 1 0 0 2 29 33 30 82 
1712934938 484090 84090000 10 16 0 0 0 1 53 93 
1712934938 484099 84099014 14 13 2 0 0 1 63 88 
1712934938 484110 84110000 10 12 0 0 0 2 7 71 8 38 
1712934938 484202 84202007 12 14 1 0 0 2 55 80 56 72 
1712934938 484230 84230000 10 12 0 0 0 1 22 90 
1712934938 484230 84230007 10 12 1 0 0 1 30 93 
1712934938 484230 84230014 10 12 2 0 0 1 26 75 
1712934938 484285 84285000 10 13 0 0 0 1 10 143 
1712934938 484285 84285007 10 13 1 0 0 1 16 82 
1712934938 484354 84354000 14 16 0 0 0 1 12 86 
1712934938 484354 84354007 14 16 1 0 0 1 20 79 
1712934938 484361 84361000 11 17 0 0 0 1 60 106 
1712934938 484441 84441000 11 13 0 0 0 1 31 120 
1712934938 484441 84441007 11 13 1 0 0 1 51 88 
1712934938 484441 84441014 11 13 2 0 0 1 10 104 
1712934938 484460 84460000 10 14 0 0 0 1 2 145 
1712934938 484482 84482014 12 12 2 0 0 1 13 138 
1712934938 484696 84696007 11 16 1 0 0 1 47 92 
1712934938 484696 84696014 11 16 2 0 0 2 58 1 59 139 
1712934938 484760 84760014 10 14 2 0 0 1 37 3 
1712934938 484785 84785000 10 15 0 0 0 1 3 13 
1712934938 484937 84937000 12 17 0 0 0 1 55 94 
1712934938 484952 84952000 12 14 0 0 0 1 10 149 
1712934938 484952 84952007 12 14 1 0 0 1 33 85 
1712934938 485027 85027007 12 17 1 0 0 1 0 105 
1712934938 485027 85027014 12 17 2 0 0 1 14 80 
1712934938 485039 85039000 14 17 0 0 0 1 39 105 
1712934938 485039 85039007 14 17 1 0 0 1 21 113 
1712934938 485039 85039014 14 17 2 0 0 1 50 105 
1712934938 485060 85060000 10 14 0 0 0 1 49 147 
1712934938 485060 85060007 10 14 1 0 0 1 16 130 
1712934938 485064 85064000 14 12 0 0 0 1 27 93 
1712934938 485064 85064007 14 12 1 0 0 1 37 92 
1712934938 485064 85064014 14 12 2 0 0 1 27 113 
1712934938 485179 85179007 14 13 1 0 0 1 23 105 
1712934938 485179 85179014 14 13 2 0 0 4 47 63 48 72 49 167 50 55 
1712934938 485181 85181000 11 15 0 0 0 1 22 116 
1712934938 485181 85181007 11 15 1 0 0 2 37 89 38 59 
1712934938 485181 85181014 11 15 2 0 0 1 21 100 
1712934938 485246 85246007 11 14 1 0 0 2 3 76 4 1 
1712934938 485246 85246014 11 14 2 0 0 1 16 113 
1712934938 485359 85359014 14 13 2 0 0 1 4 118 
1712934938 485453 85453007 13 17 1 0 0 1 58 125 
1712934938 485453 85453014 13 17 2 0 0 1 10 88 
1712934938 485483 85483007 13 17 1 0 0 2 62 71 63 104 
1712934938 485514 85514007 14 12 1 0 0 3 43 6 54 111 55 9 
1712934938 485514 85514014 14 12 2 0 0 2 61 118 62 18 
1712934938 485525 85525000 10 17 0 0 0 1 60 91 
1712934938 485525 85525007 10 17 1 0 0 1 44 135 
1712934938 485525 85525014 10 17 2 0 0 2 62 78 63 264 
1712934938 485540 85540000 10 14 0 0 0 1 47 101 
1712934938 485540 85540007 10 14 1 0 0 2 8 72 9 32 
1712934938 485572 85572007 12 16 1 0 0 1 16 76 
1712934938 485659 85659014 14 13 2 0 0 2 55 69 56 20 
1712934938 485663 85663007 13 17 1 0 0 2 26 30 27 10 
1712934938 485663 85663014 13 17 2 0 0 2 51 30 52 136 
1712934938 485687 85687000 12 17 0 0 0 2 56 55 57 58 
1712934938 485717 85717000 12 17 0 0 0 1 19 78 
1712934938 485717 85717007 12 17 1 0 0 1 43 127 
1712934938 485717 85717014 12 17 2 0 0 1 12 74 
1712934938 485718 85718007 13 12 1 0 0 1 63 113 
1712934938 485718 85718014 13 12 2 0 0 2 16 121 17 25 
1712934938 485746 85746000 11 16 0 0 0 1 46 20 
1712934938 485746 85746007 11 16 1 0 0 1 5 92 
1712934938 485746 85746014 11 16 2 0 0 1 35 90 
1712934938 485827 85827014 12 13 2 0 0 2 30 19 31 104 
1712934938 486049 86049014 14 13 2 0 0 1 36 9 
1712934938 486083 86083000 13 17 0 0 0 1 63 74 
1712934938 486111 86111014 11 15 2 0 0 1 57 94 
1712934938 486171 86171000 11 15 0 0 0 1 55 113 
1712934938 486171 86171007 11 15 1 0 0 1 17 96 
1712934938 486171 86171014 11 15 2 0 0 1 51 88 
1712934938 486197 86197007 12 17 1 0 0 1 17 240 
1712934938 486197 86197014 12 17 2 0 0 2 14 60 15 34 
1712934938 486432 86432007 12 12 1 0 0 1 3 96 
1712934938 486432 86432014 12 12 2 0 0 2 38 2 39 92 
1712934938 486476 86476000 11 14 0 0 0 2 59 91 60 1 
1712934938 486476 86476007 11 14 1 0 0 1 32 97 
1712934938 486476 86476014 11 14 2 0 0 1 32 110 
1712934938 486494 86494000 14 14 0 0 0 1 6 104 
1712934938 486662 86662000 12 14 0 0 0 1 8 95 
1712934938 486662 86662007 12 14 1 0 0 1 45 86 
1712934938 486662 86662014 12 14 2 0 0 1 2 87 
1712934938 486683 86683014 13 17 2 0 0 1 7 116 
1712934938 486691 86691000 11 13 0 0 0 1 41 80 
1712934938 486691 86691007 11 13 1 0 0 1 34 134 
1712934938 486691 86691014 11 13 2 0 0 2 32 26 33 79 
1712934938 486748 86748007 13 16 1 0 0 1 4 106 
1712934938 486798 86798007 13 12 1 0 0 1 63 130 
1712934938 486798 86798014 13 12 2 0 0 1 1 138 
1712934938 486820 86820000 10 16 0 0 0 2 45 57 46 63 
1712934938 486820 86820007 10 16 1 0 0 1 44 104 
1712934938 486845 86845000 10 17 0 0 0 2 52 35 53 69 
1712934938 486845 86845007 10 17 1 0 0 1 33 121 
1712934938 486845 86845014 10 17 2 0 0 2 28 87 29 22 
1712934938 486858 86858000 13 12 0 0 0 2 8 51 9 69 
1712934938 486897 86897007 12 15 1 0 0 2 58 75 59 42 
1712934938 486963 86963000 13 15 0 0 0 1 33 91 
1712934938 486963 86963007 13 15 1 0 0 1 8 75 
1712934938 486963 86963014 13 15 2 0 0 2 28 98 29 5 
1712934938 487070 87070000 10 14 0 0 0 1 38 99 
1712934938 487070 87070007 10 14 1 0 0 1 57 145 
1712934938 487172 87172000 12 14 0 0 0 1 53 125 
1712934938 487172 87172007 12 14 1 0 0 2 8 17 9 70 
1712934938 487239 87239000 14 15 0 0 0 2 7 106 8 15 
1712934938 487244 87244014 14 14 2 0 0 2 36 2 37 103 
1712934938 487267 87267000 12 13 0 0 0 1 19 101 
1712934938 487329 87329000 14 15 0 0 0 1 44 163 
1712934938 487329 87329007 14 15 1 0 0 1 23 83 
1712934938 487329 87329014 14 15 2 0 0 1 46 122 
1712934938 487379 87379014 14 17 2 0 0 1 57 107 
1712934938 487408 87408007 13 16 1 0 0 2 51 65 52 20 
1712934938 487408 87408014 13 16 2 0 0 1 45 98 
1712934938 487570 87570014 10 16 2 0 0 2 49 105 50 23 
1712934938 487622 87622000 12 14 0 0 0 1 48 137 
1712934938 487622 87622007 12 14 1 0 0 1 29 93 
1712934938 487622 87622014 12 14 2 0 0 1 43 74 
1712934938 487877 87877000 12 17 0 0 0 1 23 90 
1712934938 487877 87877007 12 17 1 0 0 1 41 78 
1712934938 487877 87877014 12 17 2 0 0 2 33 70 34 12 
1712934938 488111 88111000 11 17 0 0 0 2 6 44 7 47 
1712934938 488112 88112000 12 12 0 0 0 2 22 54 23 47 
1712934938 488112 88112007 12 12 1 0 0 1 5 123 
1712934938 488138 88138000 13 14 0 0 0 1 6 131 
1712934938 488138 88138007 13 14 1 0 0 1 3 99 
1712934938 488165 88165000 10 17 0 0 0 1 38 101 
1712934938 488165 88165007 10 17 1 0 0 2 20 9 21 73 
1712934938 488165 88165014 10 17 2 0 0 1 49 169 
1712934938 488195 88195000 10 17 0 0 0 1 32 142 
1712934938 488195 88195007 10 17 1 0 0 2 25 21 26 62 
1712934938 488195 88195014 10 17 2 0 0 1 21 104 
1712934938 488227 88227000 12 13 0 0 0 1 62 26 
1712934938 488235 88235000 10 15 0 0 0 1 2 82 
1712934938 488235 88235007 10 15 1 0 0 2 19 12 20 85 
1712934938 488235 88235014 10 15 2 0 0 1 14 95 
1712934938 488240 88240000 10 14 0 0 0 2 30 80 31 8 
1712934938 488240 88240007 10 14 1 0 0 1 2 106 
1712934938 488257 88257000 12 13 0 0 0 2 15 136 16 8 
1712934938 488363 88363000 13 17 0 0 0 1 59 92 
1712934938 488363 88363007 13 17 1 0 0 2 28 75 29 71 
1712934938 488363 88363014 13 17 2 0 0 1 61 103 
1712934938 488466 88466014 11 12 2 0 0 1 62 122 
1712934938 488485 88485000 10 13 0 0 0 2 47 72 48 50 
1712934938 488485 88485007 10 13 1 0 0 1 37 120 
1712934938 488485 88485014 10 13 2 0 0 2 1 45 2 127 
1712934938 488547 88547014 12 15 2 0 0 2 4 137 5 11 
1712934938 488587 88587007 12 13 1 0 0 2 32 123 33 11 
1712934938 488587 88587014 12 13 2 0 0 1 51 107 
1712934938 488588 88588014 13 14 2 0 0 1 61 84 
1712934938 488649 88649000 14 15 0 0 0 1 12 94 
1712934938 488649 88649007 14 15 1 0 0 1 37 103 
1712934938 488649 88649014 14 15 2 0 0 1 10 96 
1712934938 488688 88688000 13 12 0 0 0 1 12 187 
1712934938 488688 88688007 13 12 1 0 0 1 52 113 
1712934938 488777 88777000 12 17 0 0 0 2 10 66 11 24 
1712934938 488889 88889007 14 15 1 0 0 1 54 84 
1712934938 488889 88889014 14 15 2 0 0 1 53 85 
1712934938 488910 88910014 10 12 2 0 0 2 56 44 57 112 
1712934938 489035 89035000 10 17 0 0 0 1 54 105 
1712934938 489040 89040007 10 16 1 0 0 2 43 32 44 53 
1712934938 489040 89040014 10 16 2 0 0 1 58 115 
1712934938 489159 89159007 14 15 1 0 0 2 2 30 3 89 
1712934938 489159 89159014 14 15 2 0 0 1 54 76 
1712934938 489196 89196007 11 16 1 0 0 2 5 50 6 89 
1712934938 489196 89196014 11 16 2 0 0 2 62 67 63 90 
1712934938 489317 89317007 12 17 1 0 0 2 2 154 3 44 
1712934938 489317 89317014 12 17 2 0 0 1 38 98 
1712934938 489325 89325000 10 13 0 0 0 1 8 87 
1712934938 489325 89325007 10 13 1 0 0 1 29 106 
1712934938 489325 89325014 10 13 2 0 0 1 7 99 
1712934938 489489 89489000 14 15 0 0 0 2 34 81 35 6 
1712934938 489489 89489007 14 15 1 0 0 1 12 91 
1712934938 489489 89489014 14 15 2 0 0 1 26 100 
1712934938 489632 89632000 12 14 0 0 0 1 11 118 
1712934938 489741 89741014 11 15 2 0 0 1 34 111 
1712934938 489877 89877007 12 13 1 0 0 2 28 78 29 72 
1712934938 489877 89877014 12 13 2 0 0 1 41 195 
1712934938 489902 89902000 12 14 0 0 0 2 32 52 33 60 
1712934938 489902 89902007 12 14 1 0 0 1 52 92 
1712934938 489902 89902014 12 14 2 0 0 1 31 113 
1712934938 489921 89921000 11 15 0 0 0 2 59 33 60 47 
1712934938 489922 89922000 12 16 0 0 0 1 44 135 
1712934938 489922 89922007 12 16 1 0 0 1 5 86 
1712934938 490018 90018000 13 16 0 0 0 1 42 112 
1712934938 490018 90018007 13 16 1 0 0 1 6 88 
1712934938 490018 90018014 13 16 2 0 0 1 12 250 
1712934938 490035 90035014 10 15 2 0 0 2 8 2 9 87 
1712934938 490079 90079000 14 17 0 0 0 2 2 75 3 19 
1712934938 490079 90079007 14 17 1 0 0 1 30 179 
1712934938 490079 90079014 14 17 2 0 0 2 39 44 40 59 
1712934938 490334 90334000 14 14 0 0 0 1 34 98 
1712934938 490334 90334007 14 14 1 0 0 2 8 92 9 7 
1712934938 490334 90334014 14 14 2 0 0 2 15 46 16 60 
1712934938 490346 90346000 11 14 0 0 0 1 6 102 
1712934938 490390 90390007 10 16 1 0 0 1 43 136 
1712934938 490390 90390014 10 16 2 0 0 2 31 121 32 6 
1712934938 490508 90508007 13 14 1 0 0 1 0 76 
1712934938 490508 90508014 13 14 2 0 0 1 16 130 
1712934938 490640 90640000 10 14 0 0 0 2 27 55 28 49 
1712934938 490640 90640007 10 14 1 0 0 2 61 4 62 115 
1712934938 490767 90767000 12 15 0 0 0 2 12 76 13 17 
1712934938 490767 90767007 12 15 1 0 0 1 26 112 
1712934938 490767 90767014 12 15 2 0 0 1 40 93 
1712934938 490891 90891007 11 13 1 0 0 2 28 1 29 92 
1712934938 490891 90891014 11 13 2 0 0 2 5 1 6 106 
1712934938 490975 90975000 10 13 0 0 0 1 29 74 
1712934938 490975 90975007 10 13 1 0 0 4 6 12 7 70 25 23 26 55 
1712934938 490975 90975014 10 13 2 0 0 1 32 106 
1712934938 491089 91089000 14 13 0 0 0 1 26 88 
1712934938 491475 91475000 10 15 0 0 0 1 59 113 
1712934938 491475 91475007 10 15 1 0 0 1 5 74 
1712934938 491475 91475014 10 15 2 0 0 1 58 106 
1712934938 491530 91530007 10 16 1 0 0 2 14 32 15 66 
1712934938 491530 91530014 10 16 2 0 0 1 20 118 
1712934938 492128 92128007 13 14 1 0 0 1 57 80 
1712934938 492146 92146014 11 14 2 0 0 1 63 88 
1712934938 492172 92172000 12 16 0 0 0 1 61 77 
1712934938 492172 92172007 12 16 1 0 0 1 23 80 
1712934938 492172 92172014 12 16 2 0 0 1 63 115 
1712934938 492176 92176014 11 14 2 0 0 1 5 123 
1712934938 492276 92276007 11 12 1 0 0 1 60 104 
1712934938 492276 92276014 11 12 2 0 0 1 37 101 
1712934938 492310 92310000 10 16 0 0 0 2 38 52 39 79 
1712934938 492310 92310007 10 16 1 0 0 1 28 93 
1712934938 492310 92310014 10 16 2 0 0 2 50 65 51 14 
1712934938 492492 92492000 12 12 0 0 0 1 15 210 
1712934938 492594 92594000 14 12 0 0 0 1 58 88 
1712934938 492594 92594007 14 12 1 0 0 1 55 103 
1712934938 492600 92600000 10 12 0 0 0 1 5 100 
1712934938 492600 92600007 10 12 1 0 0 1 17 118 
1712934938 492600 92600014 10 12 2 0 0 1 20 90 
1712934938 492691 92691000 11 13 0 0 0 2 20 159 21 9 
1712934938 492691 92691007 11 13 1 0 0 1 36 94 
1712934938 492691 92691014 11 13 2 0 0 1 57 94 
1712934938 492845 92845000 10 17 0 0 0 2 16 73 17 46 
1712934938 492845 92845007 10 17 1 0 0 1 0 95 
1712934938 493105 93105014 10 13 2 0 0 2 37 94 38 3 
1712934938 493111 93111007 11 13 1 0 0 1 52 152 
1712934938 493111 93111014 11 13 2 0 0 1 16 89 
1712934938 493123 93123014 13 13 2 0 0 2 27 19 28 103 
1712934938 493177 93177007 12 13 1 0 0 2 57 118 58 18 
1712934938 493177 93177014 12 13 2 0 0 1 44 90 
1712934938 493191 93191000 11 15 0 0 0 1 46 87 
1712934938 493191 93191007 11 15 1 0 0 1 21 80 
1712934938 493191 93191014 11 15 2 0 0 1 57 79 
1712934938 493343 93343014 13 17 2 0 0 2 56 203 57 1 
1712934938 493401 93401000 11 15 0 0 0 1 54 142 
1712934938 493401 93401007 11 15 1 0 0 2 10 67 11 26 
1712934938 493404 93404014 14 12 2 0 0 1 53 91 
1712934938 493502 93502000 12 14 0 0 0 1 48 102 
1712934938 493561 93561000 11 13 0 0 0 4 15 83 18 87 42 1 43 52 
1712934938 493561 93561007 11 13 1 0 0 1 39 85 
1712934938 493561 93561014 11 13 2 0 0 1 25 112 
1712934938 493637 93637000 12 17 0 0 0 1 54 96 
1712934938 493637 93637007 12 17 1 0 0 1 8 89 
1712934938 493637 93637014 12 17 2 0 0 2 35 90 36 6 
1712934938 493652 93652000 12 14 0 0 0 1 9 75 
1712934938 493652 93652007 12 14 1 0 0 1 47 97 
1712934938 493652 93652014 12 14 2 0 0 1 20 85 
1712934938 493667 93667014 12 17 2 0 0 2 52 159 53 62 
1712934938 493771 93771000 11 13 0 0 0 2 25 55 26 31 
1712934938 493771 93771007 11 13 1 0 0 1 34 97 
1712934938 493821 93821000 11 15 0 0 0 1 52 87 
1712934938 493821 93821007 11 15 1 0 0 1 30 125 
1712934938 493821 93821014 11 15 2 0 0 1 35 150 
1712934938 493871 93871000 11 17 0 0 0 1 59 95 
1712934938 493963 93963007 13 13 1 0 0 2 9 50 10 82 
1712934938 493963 93963014 13 13 2 0 0 1 1 118 
1712934938 493985 93985007 10 17 1 0 0 2 53 26 54 64 
1712934938 493985 93985014 10 17 2 0 0 1 38 79 
1712934938 494025 94025000 10 15 0 0 0 1 11 98 
1712934938 494025 94025007 10 15 1 0 0 2 47 5 48 131 
1712934938 494025 94025014 10 15 2 0 0 1 8 105 
1712934938 494059 94059000 14 13 0 0 0 1 46 116 
1712934938 494059 94059007 14 13 1 0 0 1 46 103 
1712934938 494085 94085000 10 15 0 0 0 1 31 84 
1712934938 494085 94085007 10 15 1 0 0 1 59 93 
1712934938 494085 94085014 10 15 2 0 0 1 6 107 
1712934938 494092 94092014 12 16 2 0 0 1 9 133 
1712934938 494181 94181000 11 15 0 0 0 2 31 20 32 60 
1712934938 494181 94181007 11 15 1 0 0 2 19 91 20 60 
1712934938 494181 94181014 11 15 2 0 0 1 58 105 
1712934938 494277 94277014 12 15 2 0 0 1 48 150 
1712934938 494384 94384014 14 14 2 0 0 1 56 134 
1712934938 494452 94452000 12 16 0 0 0 1 42 165 
1712934938 494452 94452007 12 16 1 0 0 1 1 97 
1712934938 494472 94472014 12 12 2 0 0 1 13 113 
1712934938 494492 94492007 12 14 1 0 0 1 10 133 
1712934938 494492 94492014 12 14 2 0 0 2 60 59 61 61 
1712934938 494587 94587014 12 13 2 0 0 1 34 93 
1712934938 494598 94598000 13 12 0 0 0 1 48 81 
1712934938 494598 94598007 13 12 1 0 0 1 18 91 
1712934938 494598 94598014 13 12 2 0 0 1 42 78 
1712934938 494620 94620007 10 16 1 0 0 2 30 59 31 50 
1712934938 494620 94620014 10 16 2 0 0 1 20 110 
1712934938 494726 94726007 11 14 1 0 0 2 61 21 62 85 
1712934938 494726 94726014 11 14 2 0 0 1 31 102 
1712934938 494853 94853000 13 15 0 0 0 1 29 119 
1712934938 494853 94853007 13 15 1 0 0 1 10 87 
1712934938 494913 94913014 13 15 2 0 0 1 21 96 
1712934938 495137 95137000 12 17 0 0 0 2 60 62 61 42 
1712934938 495137 95137007 12 17 1 0 0 1 61 122 
1712934938 495159 95159000 14 15 0 0 0 1 21 76 
1712934938 495212 95212014 12 14 2 0 0 2 43 35 44 132 
1712934938 495453 95453000 13 15 0 0 0 2 5 19 6 87 
1712934938 495453 95453007 13 15 1 0 0 1 47 126 
1712934938 495561 95561000 11 15 0 0 0 1 50 169 
1712934938 495561 95561007 11 15 1 0 0 1 44 162 
1712934938 495604 95604000 14 16 0 0 0 2 12 80 13 21 
1712934938 495604 95604007 14 16 1 0 0 2 25 6 26 112 
1712934938 495604 95604014 14 16 2 0 0 2 49 46 50 83 
1712934938 495631 95631007 11 13 1 0 0 1 56 107 
1712934938 495631 95631014 11 13 2 0 0 2 40 79 41 20 
1712934938 495704 95704007 14 14 1 0 0 1 38 106 
1712934938 495704 95704014 14 14 2 0 0 1 6 98 
1712934938 495960 95960000 10 12 0 0 0 1 4 97 
1712934938 495960 95960007 10 12 1 0 0 1 28 122 
1712934938 495960 95960014 10 12 2 0 0 1 3 105 
1712934938 496180 96180000 10 16 0 0 0 1 13 131 
1712934938 496180 96180007 10 16 1 0 0 1 17 92 
1712934938 496180 96180014 10 16 2 0 0 2 6 25 7 71 
1712934938 496303 96303000 13 13 0 0 0 2 39 89 40 86 
1712934938 496303 96303007 13 13 1 0 0 1 7 97 
1712934938 496303 96303014 13 13 2 0 0 2 3 55 4 37 
1712934938 496414 96414007 14 16 1 0 0 2 3 36 4 68 
1712934938 496414 96414014 14 16 2 0 0 2 23 68 24 38 
1712934938 496473 96473000 13 15 0 0 0 1 61 97 
1712934938 496473 96473007 13 15 1 0 0 2 42 42 43 51 
1712934938 496473 96473014 13 15 2 0 0 1 55 100 
1712934938 496504 96504000 14 16 0 0 0 1 61 93 
1712934938 496504 96504007 14 16 1 0 0 1 15 106 
1712934938 496504 96504014 14 16 2 0 0 1 43 86 
1712934938 496568 96568000 13 14 0 0 0 1 57 100 
1712934938 496568 96568007 13 14 1 0 0 3 40 173 43 24 44 99 
1712934938 496568 96568014 13 14 2 0 0 1 26 210 
1712934938 496748 96748000 13 14 0 0 0 1 52 121 
1712934938 496748 96748007 13 14 1 0 0 1 39 111 
1712934938 496899 96899000 14 15 0 0 0 2 57 40 58 72 
1712934938 496899 96899007 14 15 1 0 0 2 54 101 55 18 
1712934938 496919 96919000 14 17 0 0 0 1 57 89 
1712934938 496919 96919007 14 17 1 0 0 1 32 104 
1712934938 496919 96919014 14 17 2 0 0 1 51 122 
1712934938 496931 96931000 11 17 0 0 0 2 30 112 31 24 
1712934938 496931 96931007 11 17 1 0 0 2 11 12 12 81 
1712934938 496931 96931014 11 17 2 0 0 1 17 110 
1712934938 496950 96950000 10 12 0 0 0 1 44 82 
1712934938 496950 96950007 10 12 1 0 0 1 32 82 
1712934938 496950 96950014 10 12 2 0 0 1 54 94 
1712934938 497057 97057000 12 17 0 0 0 2 42 49 43 42 
1712934938 497057 97057007 12 17 1 0 0 1 19 92 
1712934938 497057 97057014 12 17 2 0 0 2 5 27 6 75 
1712934938 497094 97094000 14 12 0 0 0 1 9 106 
1712934938 497265 97265007 10 15 1 0 0 1 59 99 
1712934938 497299 97299000 14 13 0 0 0 1 63 171 
1712934938 497310 97310000 10 12 0 0 0 1 26 93 
1712934938 497310 97310007 10 12 1 0 0 2 6 85 7 2 
1712934938 497310 97310014 10 12 2 0 0 1 21 74 
1712934938 497415 97415000 10 15 0 0 0 2 59 5 60 128 
1712934938 497429 97429000 14 17 0 0 0 1 19 94 
1712934938 497429 97429007 14 17 1 0 0 2 51 20 52 70 
1712934938 497429 97429014 14 17 2 0 0 1 12 88 
1712934938 497667 97667014 12 15 2 0 0 1 1 116 
1712934938 497688 97688000 13 12 0 0 0 1 14 76 
1712934938 497688 97688007 13 12 1 0 0 1 39 81 
1712934938 497688 97688014 13 12 2 0 0 1 15 72 
1712934938 497728 97728007 13 16 1 0 0 1 63 90 
1712934938 497728 97728014 13 16 2 0 0 2 61 96 62 29 
1712934938 498003 98003014 13 15 2 0 0 2 60 23 61 112 
1712934938 498054 98054000 14 12 0 0 0 2 6 40 7 70 
1712934938 498105 98105000 10 15 0 0 0 2 34 42 35 49 
1712934938 498105 98105007 10 15 1 0 0 1 3 79 
1712934938 498105 98105014 10 15 2 0 0 1 52 89 
1712934938 498168 98168000 13 12 0 0 0 1 44 101 
1712934938 498168 98168007 13 12 1 0 0 2 36 83 37 9 
1712934938 498168 98168014 13 12 2 0 0 1 19 91 
1712934938 498226 98226000 11 16 0 0 0 1 34 113 
1712934938 498226 98226007 11 16 1 0 0 1 53 97 
1712934938 498226 98226014 11 16 2 0 0 1 16 117 
1712934938 498232 98232000 12 16 0 0 0 1 36 106 
1712934938 498232 98232007 12 16 1 0 0 2 45 83 46 4 
1712934938 498232 98232014 12 16 2 0 0 2 7 19 8 138 
1712934938 498235 98235000 10 13 0 0 0 1 29 98 
1712934938 498396 98396007 11 12 1 0 0 1 3 105 
1712934938 498396 98396014 11 12 2 0 0 1 9 105 
1712934938 498403 98403000 13 13 0 0 0 1 19 89 
1712934938 498566 98566000 11 14 0 0 0 1 35 88 
1712934938 498566 98566007 11 14 1 0 0 1 14 83 
1712934938 498566 98566014 11 14 2 0 0 1 36 122 
1712934938 498697 98697000 12 13 0 0 0 1 63 27 
1712934938 498697 98697007 12 13 1 0 0 2 61 90 63 162 
1712934938 498697 98697014 12 13 2 0 0 1 13 97 
1712934938 498735 98735000 10 15 0 0 0 1 29 120 
1712934938 498735 98735007 10 15 1 0 0 1 25 84 
1712934938 498735 98735014 10 15 2 0 0 1 26 89 
1712934938 498766 98766007 11 16 1 0 0 1 52 109 
1712934938 498766 98766014 11 16 2 0 0 1 2 117 
1712934938 498785 98785000 10 17 0 0 0 2 29 34 30 92 
1712934938 498785 98785007 10 17 1 0 0 1 48 105 
1712934938 498803 98803007 13 17 1 0 0 2 55 52 56 84 
1712934938 498803 98803014 13 17 2 0 0 1 28 163 
1712934938 498820 98820000 10 16 0 0 0 1 45 99 
1712934938 498820 98820007 10 16 1 0 0 1 21 106 
1712934938 498820 98820014 10 16 2 0 0 1 57 79 
1712934938 498920 98920000 10 14 0 0 0 2 22 5 23 110 
1712934938 498920 98920007 10 14 1 0 0 1 59 90 
1712934938 498920 98920014 10 14 2 0 0 2 9 59 10 24 
1712934938 499037 99037014 12 17 2 0 0 1 36 141 
1712934938 499053 99053014 13 15 2 0 0 2 52 23 53 76 
1712934938 499063 99063014 13 13 2 0 0 2 54 10 55 97 
1712934938 499073 99073014 13 17 2 0 0 2 47 137 48 1 
1712934938 499215 99215014 10 15 2 0 0 1 9 126 
1712934938 499299 99299014 14 15 2 0 0 1 54 85 
1712934938 499306 99306000 11 16 0 0 0 1 46 86 
1712934938 499306 99306007 11 16 1 0 0 2 14 91 15 7 
1712934938 499306 99306014 11 16 2 0 0 1 47 95 
1712934938 499408 99408014 13 16 2 0 0 2 23 56 24 43 
1712934938 499414 99414014 14 16 2 0 0 1 50 117 
1712934938 499478 99478000 13 14 0 0 0 2 50 86 51 8 
1712934938 499617 99617000 12 15 0 0 0 1 62 115 
1712934938 499617 99617007 12 15 1 0 0 1 54 89 
1712934938 499651 99651007 11 13 1 0 0 2 4 49 5 42 
1712934938 499716 99716000 11 12 0 0 0 1 54 94 
1712934938 499716 99716007 11 12 1 0 0 2 5 84 6 12 
1712934938 499728 99728000 13 12 0 0 0 2 2 45 3 80 
1712934938 499777 99777007 12 13 1 0 0 2 12 37 13 65 
