1712934934 21 21007 11 15 1 0 0 1 40 128 
1712934934 21 21014 11 15 2 0 0 1 28 121 
1712934934 169 169007 14 13 1 0 0 1 2 89 
1712934934 169 169014 14 13 2 0 0 1 7 86 
1712934934 239 239014 14 17 2 0 0 1 49 93 
1712934934 300 300000 10 12 0 0 0 1 2 82 
1712934934 300 300007 10 12 1 0 0 1 37 166 
1712934934 300 300014 10 12 2 0 0 1 12 159 
1712934934 324 324000 14 12 0 0 0 2 29 8 30 175 
1712934934 324 324007 14 12 1 0 0 1 0 47 
1712934934 364 364000 14 16 0 0 0 2 4 89 5 25 
1712934934 446 446000 11 14 0 0 0 1 27 90 
1712934934 446 446007 11 14 1 0 0 1 16 72 
1712934934 446 446014 11 14 2 0 0 1 26 125 
1712934934 464 464014 14 14 2 0 0 2 57 68 58 55 
1712934934 778 778007 13 16 1 0 0 1 62 108 
1712934934 807 807000 12 15 0 0 0 1 26 83 
1712934934 807 807007 12 15 1 0 0 1 22 113 
1712934934 807 807014 12 15 2 0 0 1 26 98 
1712934934 965 965014 10 17 2 0 0 2 0 58 1 61 
1712934934 1282 1282000 12 16 0 0 0 1 51 106 
1712934934 1352 1352000 12 14 0 0 0 1 37 95 
1712934934 1594 1594000 14 16 0 0 0 2 9 68 10 34 
1712934934 1594 1594007 14 16 1 0 0 1 50 106 
1712934934 1594 1594014 14 16 2 0 0 1 1 91 
1712934934 1606 1606014 11 16 2 0 0 2 20 39 21 169 
1712934934 1642 1642000 12 16 0 0 0 1 60 87 
1712934934 1642 1642007 12 16 1 0 0 1 6 103 
1712934934 1642 1642014 12 16 2 0 0 2 47 86 48 4 
1712934934 1886 1886007 11 14 1 0 0 2 19 74 20 34 
1712934934 1886 1886014 11 14 2 0 0 1 13 127 
1712934934 2018 2018000 13 14 0 0 0 1 59 115 
1712934934 2074 2074000 14 16 0 0 0 1 42 187 
1712934934 2074 2074007 14 16 1 0 0 1 2 93 
1712934934 2168 2168000 13 14 0 0 0 1 8 91 
1712934934 2168 2168007 13 14 1 0 0 1 40 78 
1712934934 2168 2168014 13 14 2 0 0 1 6 106 
1712934934 2199 2199000 14 15 0 0 0 2 1 54 2 53 
1712934934 2199 2199007 14 15 1 0 0 2 9 2 10 93 
1712934934 2199 2199014 14 15 2 0 0 1 41 100 
1712934934 2243 2243007 13 17 1 0 0 1 47 104 
1712934934 2243 2243014 13 17 2 0 0 1 32 117 
1712934934 2275 2275007 10 13 1 0 0 1 50 29 
1712934934 2275 2275014 10 13 2 0 0 1 7 185 
1712934934 2412 2412014 12 12 2 0 0 1 8 69 
1712934934 2418 2418007 13 12 1 0 0 1 59 105 
1712934934 2512 2512000 12 16 0 0 0 1 47 86 
1712934934 2512 2512007 12 16 1 0 0 1 57 95 
1712934934 2597 2597014 12 17 2 0 0 1 53 93 
1712934934 2698 2698007 13 16 1 0 0 1 54 75 
1712934934 2698 2698014 13 16 2 0 0 1 43 104 
1712934934 2893 2893007 13 13 1 0 0 2 11 108 12 31 
1712934934 2899 2899007 14 13 1 0 0 1 46 78 
1712934934 2899 2899014 14 13 2 0 0 1 49 118 
1712934934 2925 2925000 10 15 0 0 0 2 47 3 48 87 
1712934934 2925 2925007 10 15 1 0 0 1 20 116 
1712934934 2925 2925014 10 15 2 0 0 2 29 249 30 21 
1712934934 3110 3110014 10 14 2 0 0 2 44 36 45 94 
1712934934 3135 3135014 10 15 2 0 0 1 54 92 
1712934934 3151 3151000 11 13 0 0 0 1 10 84 
1712934934 3151 3151007 11 13 1 0 0 1 23 83 
1712934934 3151 3151014 11 13 2 0 0 1 14 136 
1712934934 3327 3327000 12 15 0 0 0 1 9 112 
1712934934 3327 3327007 12 15 1 0 0 1 31 95 
1712934934 3333 3333000 13 15 0 0 0 1 8 78 
1712934934 3333 3333007 13 15 1 0 0 2 8 51 9 30 
1712934934 3425 3425000 10 17 0 0 0 2 30 34 31 10 
1712934934 3425 3425007 10 17 1 0 0 1 50 95 
1712934934 3425 3425014 10 17 2 0 0 1 38 84 
1712934934 3699 3699007 14 15 1 0 0 1 0 98 
1712934934 3767 3767000 12 17 0 0 0 1 7 94 
1712934934 3767 3767007 12 17 1 0 0 1 8 88 
1712934934 3767 3767014 12 17 2 0 0 2 35 20 36 122 
1712934934 3840 3840000 10 12 0 0 0 1 4 105 
1712934934 3840 3840007 10 12 1 0 0 2 13 39 14 71 
1712934934 3914 3914014 14 14 2 0 0 1 13 124 
1712934934 3924 3924000 14 12 0 0 0 1 38 110 
1712934934 3924 3924007 14 12 1 0 0 2 55 46 56 62 
1712934934 3998 3998014 13 14 2 0 0 2 44 18 45 139 
1712934934 4129 4129007 14 13 1 0 0 1 57 18 
1712934934 4145 4145000 10 17 0 0 0 1 59 102 
1712934934 4148 4148000 13 14 0 0 0 2 43 89 44 20 
1712934934 4148 4148007 13 14 1 0 0 1 24 114 
1712934934 4148 4148014 13 14 2 0 0 2 6 27 7 98 
1712934934 4179 4179014 14 15 2 0 0 1 48 222 
1712934934 4289 4289000 14 17 0 0 0 1 33 118 
1712934934 4365 4365000 10 15 0 0 0 2 24 27 25 89 
1712934934 4365 4365007 10 15 1 0 0 2 40 2 41 105 
1712934934 4381 4381000 11 13 0 0 0 2 4 3 5 86 
1712934934 4381 4381007 11 13 1 0 0 1 21 116 
1712934934 4381 4381014 11 13 2 0 0 2 38 82 39 5 
1712934934 4439 4439000 14 17 0 0 0 2 55 69 56 12 
1712934934 4492 4492007 12 16 1 0 0 1 4 140 
1712934934 4492 4492014 12 16 2 0 0 2 31 4 32 137 
1712934934 4589 4589007 14 17 1 0 0 2 53 76 54 20 
1712934934 4589 4589014 14 17 2 0 0 1 19 101 
1712934934 4706 4706014 11 14 2 0 0 1 47 154 
1712934934 4816 4816007 11 16 1 0 0 1 21 106 
1712934934 4816 4816014 11 16 2 0 0 1 20 90 
1712934934 4829 4829014 14 17 2 0 0 2 58 89 59 30 
1712934934 4856 4856000 11 14 0 0 0 2 22 56 23 42 
1712934934 4856 4856007 11 14 1 0 0 2 30 23 31 94 
1712934934 4856 4856014 11 14 2 0 0 1 63 85 
1712934934 4903 4903000 13 13 0 0 0 1 4 121 
1712934934 4903 4903007 13 13 1 0 0 2 30 109 31 7 
1712934934 4903 4903014 13 13 2 0 0 1 11 122 
1712934934 5001 5001000 11 15 0 0 0 1 12 98 
1712934934 5001 5001007 11 15 1 0 0 1 44 88 
1712934934 5035 5035007 10 13 1 0 0 2 12 64 13 42 
1712934934 5035 5035014 10 13 2 0 0 1 22 115 
1712934934 5208 5208014 13 12 2 0 0 1 57 139 
1712934934 5271 5271014 11 15 2 0 0 2 13 36 14 89 
1712934934 5416 5416007 11 16 1 0 0 1 63 104 
1712934934 5472 5472000 12 12 0 0 0 1 2 112 
1712934934 5472 5472007 12 12 1 0 0 1 25 82 
1712934934 5472 5472014 12 12 2 0 0 1 4 128 
1712934934 5644 5644007 14 16 1 0 0 2 33 15 34 84 
1712934934 5644 5644014 14 16 2 0 0 2 38 67 39 51 
1712934934 5669 5669014 14 17 2 0 0 2 10 22 11 102 
1712934934 5710 5710000 10 16 0 0 0 1 37 134 
1712934934 5710 5710007 10 16 1 0 0 2 21 180 22 131 
1712934934 5715 5715000 10 15 0 0 0 1 35 85 
1712934934 5715 5715007 10 15 1 0 0 1 6 94 
1712934934 5715 5715014 10 15 2 0 0 2 30 35 31 39 
1712934934 5742 5742014 12 12 2 0 0 1 26 87 
1712934934 5826 5826000 11 12 0 0 0 1 61 89 
1712934934 5844 5844007 14 12 1 0 0 1 60 96 
1712934934 5844 5844014 14 12 2 0 0 1 23 96 
1712934934 5921 5921000 11 17 0 0 0 1 39 97 
1712934934 5921 5921007 11 17 1 0 0 1 35 78 
1712934934 5921 5921014 11 17 2 0 0 1 35 184 
1712934934 6050 6050000 10 14 0 0 0 2 10 52 11 45 
1712934934 6050 6050007 10 14 1 0 0 1 8 108 
1712934934 6087 6087000 12 15 0 0 0 1 11 99 
1712934934 6087 6087007 12 15 1 0 0 1 15 88 
1712934934 6087 6087014 12 15 2 0 0 1 2 99 
1712934934 6104 6104007 14 14 1 0 0 2 55 86 56 40 
1712934934 6104 6104014 14 14 2 0 0 2 25 7 26 102 
1712934934 6154 6154000 14 16 0 0 0 2 23 71 24 52 
1712934934 6154 6154007 14 16 1 0 0 1 20 133 
1712934934 6192 6192000 12 12 0 0 0 1 61 125 
1712934934 6192 6192007 12 12 1 0 0 3 31 66 32 41 43 23 
1712934934 6192 6192014 12 12 2 0 0 2 14 23 15 120 
1712934934 6212 6212007 12 14 1 0 0 2 55 15 56 95 
1712934934 6212 6212014 12 14 2 0 0 1 46 97 
1712934934 6228 6228007 13 12 1 0 0 2 3 12 4 178 
1712934934 6228 6228014 13 12 2 0 0 1 20 153 
1712934934 6239 6239000 14 17 0 0 0 2 32 34 33 55 
1712934934 6239 6239007 14 17 1 0 0 1 60 89 
1712934934 6281 6281000 11 17 0 0 0 2 11 46 12 44 
1712934934 6281 6281007 11 17 1 0 0 1 20 254 
1712934934 6281 6281014 11 17 2 0 0 1 43 84 
1712934934 6338 6338000 13 14 0 0 0 1 30 93 
1712934934 6338 6338007 13 14 1 0 0 1 15 101 
1712934934 6338 6338014 13 14 2 0 0 2 47 65 48 24 
1712934934 6339 6339007 14 15 1 0 0 2 27 62 28 38 
1712934934 6339 6339014 14 15 2 0 0 1 57 138 
1712934934 6527 6527000 12 17 0 0 0 2 24 51 25 71 
1712934934 6527 6527007 12 17 1 0 0 2 30 8 31 149 
1712934934 6664 6664000 14 16 0 0 0 1 31 131 
1712934934 6677 6677000 12 17 0 0 0 2 41 17 42 81 
1712934934 6677 6677007 12 17 1 0 0 1 58 102 
1712934934 6737 6737000 12 17 0 0 0 1 4 125 
1712934934 6737 6737007 12 17 1 0 0 1 30 107 
1712934934 6737 6737014 12 17 2 0 0 1 52 139 
1712934934 6744 6744000 14 12 0 0 0 3 57 79 58 3 60 4 
1712934934 6744 6744007 14 12 1 0 0 1 42 94 
1712934934 6744 6744014 14 12 2 0 0 1 51 95 
1712934934 6870 6870000 10 12 0 0 0 2 42 24 43 163 
1712934934 6870 6870007 10 12 1 0 0 1 22 108 
1712934934 6939 6939007 14 15 1 0 0 1 58 85 
1712934934 6939 6939014 14 15 2 0 0 1 18 111 
1712934934 7094 7094014 14 14 2 0 0 1 57 112 
1712934934 7113 7113000 13 15 0 0 0 2 54 86 55 38 
1712934934 7113 7113007 13 15 1 0 0 1 44 108 
1712934934 7113 7113014 13 15 2 0 0 2 1 74 2 37 
1712934934 7147 7147000 12 13 0 0 0 1 34 115 
1712934934 7147 7147007 12 13 1 0 0 1 51 95 
1712934934 7147 7147014 12 13 2 0 0 1 36 95 
1712934934 7158 7158000 13 12 0 0 0 1 37 99 
1712934934 7158 7158007 13 12 1 0 0 1 39 81 
1712934934 7158 7158014 13 12 2 0 0 1 40 80 
1712934934 7193 7193000 13 17 0 0 0 1 17 100 
1712934934 7193 7193007 13 17 1 0 0 2 43 104 44 106 
1712934934 7193 7193014 13 17 2 0 0 2 30 82 31 15 
1712934934 7200 7200007 10 12 1 0 0 1 41 168 
1712934934 7200 7200014 10 12 2 0 0 2 32 45 33 49 
1712934934 7236 7236007 11 12 1 0 0 1 46 119 
1712934934 7236 7236014 11 12 2 0 0 1 47 113 
1712934934 7290 7290014 10 12 2 0 0 2 33 13 34 146 
1712934934 7371 7371000 11 15 0 0 0 1 52 151 
1712934934 7371 7371007 11 15 1 0 0 2 35 6 36 104 
1712934934 7371 7371014 11 15 2 0 0 1 37 112 
1712934934 7409 7409007 14 17 1 0 0 2 2 21 3 106 
1712934934 7417 7417014 12 13 2 0 0 1 27 100 
1712934934 7600 7600000 10 16 0 0 0 1 17 92 
1712934934 7600 7600007 10 16 1 0 0 1 35 88 
1712934934 7600 7600014 10 16 2 0 0 1 24 117 
1712934934 7602 7602000 12 12 0 0 0 1 43 81 
1712934934 7602 7602007 12 12 1 0 0 1 13 95 
1712934934 7602 7602014 12 12 2 0 0 2 25 110 26 18 
1712934934 7639 7639000 14 13 0 0 0 1 19 105 
1712934934 7639 7639007 14 13 1 0 0 1 29 107 
1712934934 7639 7639014 14 13 2 0 0 1 6 90 
1712934934 7647 7647007 12 15 1 0 0 1 63 29 
1712934934 7647 7647014 12 15 2 0 0 1 49 100 
1712934934 7665 7665000 10 15 0 0 0 1 53 125 
1712934934 7665 7665007 10 15 1 0 0 1 35 138 
1712934934 7665 7665014 10 15 2 0 0 1 57 82 
1712934934 7778 7778000 13 14 0 0 0 1 27 87 
1712934934 7778 7778007 13 14 1 0 0 1 45 85 
1712934934 7778 7778014 13 14 2 0 0 1 23 82 
1712934934 7785 7785000 10 15 0 0 0 1 21 87 
1712934934 7785 7785007 10 15 1 0 0 1 29 93 
1712934934 7785 7785014 10 15 2 0 0 1 47 93 
1712934934 7791 7791000 11 15 0 0 0 1 45 187 
1712934934 7791 7791007 11 15 1 0 0 1 3 112 
1712934934 7811 7811014 11 17 2 0 0 2 56 19 57 98 
1712934934 7820 7820000 10 14 0 0 0 2 19 11 20 87 
1712934934 7900 7900000 10 16 0 0 0 2 30 5 31 126 
1712934934 7988 7988000 13 14 0 0 0 3 22 97 43 24 44 121 
1712934934 7988 7988007 13 14 1 0 0 1 23 149 
1712934934 7988 7988014 13 14 2 0 0 1 16 83 
1712934934 8055 8055000 10 15 0 0 0 1 0 93 
1712934934 8091 8091000 11 15 0 0 0 2 38 82 39 72 
1712934934 8091 8091007 11 15 1 0 0 1 46 101 
1712934934 8091 8091014 11 15 2 0 0 2 10 84 11 17 
1712934934 8107 8107014 12 13 2 0 0 1 24 98 
1712934934 8181 8181014 11 15 2 0 0 2 31 81 32 33 
1712934934 8445 8445014 10 15 2 0 0 2 54 41 55 68 
1712934934 8452 8452000 12 16 0 0 0 1 18 95 
1712934934 8452 8452007 12 16 1 0 0 1 28 86 
1712934934 8452 8452014 12 16 2 0 0 1 20 139 
1712934934 8553 8553014 13 15 2 0 0 2 16 51 17 59 
1712934934 8663 8663000 13 17 0 0 0 1 40 99 
1712934934 8663 8663007 13 17 1 0 0 1 6 92 
1712934934 8663 8663014 13 17 2 0 0 1 51 6 
1712934934 8681 8681000 11 17 0 0 0 1 50 96 
1712934934 8681 8681007 11 17 1 0 0 2 23 67 24 24 
1712934934 8681 8681014 11 17 2 0 0 1 46 93 
1712934934 8772 8772000 12 12 0 0 0 1 53 87 
1712934934 8772 8772007 12 12 1 0 0 2 32 27 33 81 
1712934934 8861 8861014 11 17 2 0 0 2 13 10 14 140 
1712934934 9162 9162000 12 12 0 0 0 1 29 139 
1712934934 9162 9162007 12 12 1 0 0 2 13 91 14 20 
1712934934 9338 9338014 13 14 2 0 0 1 57 1 
1712934934 9483 9483000 13 15 0 0 0 2 15 58 16 57 
1712934934 9483 9483007 13 15 1 0 0 2 38 91 39 12 
1712934934 9483 9483014 13 15 2 0 0 1 52 101 
1712934934 9551 9551000 11 17 0 0 0 2 28 100 60 118 
1712934934 9551 9551007 11 17 1 0 0 2 46 137 47 25 
1712934934 9642 9642007 12 12 1 0 0 1 25 123 
1712934934 9642 9642014 12 12 2 0 0 1 32 128 
1712934934 9647 9647000 12 17 0 0 0 2 55 86 56 19 
1712934934 9724 9724000 14 16 0 0 0 1 54 78 
1712934934 9724 9724007 14 16 1 0 0 1 49 79 
1712934934 9724 9724014 14 16 2 0 0 1 53 96 
1712934934 9776 9776000 11 14 0 0 0 1 62 122 
1712934934 9776 9776007 11 14 1 0 0 1 26 119 
1712934934 9776 9776014 11 14 2 0 0 2 51 132 52 7 
1712934934 9824 9824000 14 14 0 0 0 1 30 125 
1712934934 9824 9824007 14 14 1 0 0 1 19 167 
1712934934 10041 10041007 11 15 1 0 0 2 12 13 13 98 
1712934934 10041 10041014 11 15 2 0 0 1 52 109 
1712934934 10100 10100000 10 14 0 0 0 2 19 102 20 30 
1712934934 10100 10100007 10 14 1 0 0 2 50 76 51 7 
1712934934 10100 10100014 10 14 2 0 0 1 5 97 
1712934934 10234 10234007 14 16 1 0 0 1 60 94 
1712934934 10236 10236000 11 12 0 0 0 1 50 117 
1712934934 10236 10236007 11 12 1 0 0 2 37 56 38 53 
1712934934 10236 10236014 11 12 2 0 0 1 55 124 
1712934934 10394 10394000 14 14 0 0 0 1 45 89 
1712934934 10394 10394007 14 14 1 0 0 2 32 21 33 88 
1712934934 10394 10394014 14 14 2 0 0 1 63 89 
1712934934 10441 10441014 11 13 2 0 0 2 60 19 61 69 
1712934934 10454 10454000 14 14 0 0 0 2 3 53 4 48 
1712934934 10454 10454007 14 14 1 0 0 1 36 104 
1712934934 10454 10454014 14 14 2 0 0 1 37 81 
1712934934 10487 10487007 12 17 1 0 0 2 41 36 42 86 
1712934934 10487 10487014 12 17 2 0 0 1 31 130 
1712934934 10504 10504007 14 16 1 0 0 2 30 5 37 75 
1712934934 10504 10504014 14 16 2 0 0 1 4 88 
1712934934 10555 10555000 10 13 0 0 0 1 53 104 
1712934934 10626 10626000 11 12 0 0 0 1 41 118 
1712934934 10626 10626007 11 12 1 0 0 1 39 93 
1712934934 10626 10626014 11 12 2 0 0 1 29 204 
1712934934 10639 10639000 14 13 0 0 0 1 32 117 
1712934934 10639 10639007 14 13 1 0 0 1 9 80 
1712934934 10639 10639014 14 13 2 0 0 1 28 89 
1712934934 10675 10675000 10 13 0 0 0 1 43 132 
1712934934 10675 10675007 10 13 1 0 0 2 24 9 25 84 
1712934934 10675 10675014 10 13 2 0 0 1 25 116 
1712934934 10817 10817000 12 17 0 0 0 1 19 80 
1712934934 10893 10893014 13 15 2 0 0 1 38 160 
1712934934 11038 11038007 13 16 1 0 0 1 13 11 
1712934934 11238 11238014 13 12 2 0 0 1 60 141 
1712934934 11291 11291007 11 17 1 0 0 1 37 11 
1712934934 11292 11292000 12 12 0 0 0 1 30 87 
1712934934 11292 11292007 12 12 1 0 0 2 31 24 32 92 
1712934934 11292 11292014 12 12 2 0 0 1 39 225 
1712934934 11322 11322000 12 12 0 0 0 1 35 81 
1712934934 11322 11322007 12 12 1 0 0 1 48 85 
1712934934 11322 11322014 12 12 2 0 0 1 53 86 
1712934934 11337 11337007 12 15 1 0 0 1 61 140 
1712934934 11376 11376007 11 12 1 0 0 1 11 136 
1712934934 11390 11390000 10 14 0 0 0 1 36 86 
1712934934 11390 11390007 10 14 1 0 0 1 47 103 
1712934934 11390 11390014 10 14 2 0 0 1 46 106 
1712934934 11409 11409000 14 15 0 0 0 2 39 174 40 154 
1712934934 11409 11409007 14 15 1 0 0 2 22 72 23 48 
1712934934 11409 11409014 14 15 2 0 0 2 7 32 8 78 
1712934934 11443 11443000 13 13 0 0 0 1 17 87 
1712934934 11443 11443007 13 13 1 0 0 1 57 102 
1712934934 11443 11443014 13 13 2 0 0 2 18 97 19 17 
1712934934 11529 11529000 14 15 0 0 0 1 8 101 
1712934934 11567 11567000 12 17 0 0 0 1 29 89 
1712934934 11603 11603000 13 17 0 0 0 1 25 108 
1712934934 11603 11603007 13 17 1 0 0 2 13 16 14 217 
1712934934 11603 11603014 13 17 2 0 0 2 36 9 48 130 
1712934934 11608 11608000 13 16 0 0 0 2 55 118 56 9 
1712934934 11652 11652000 12 12 0 0 0 1 49 141 
1712934934 11652 11652007 12 12 1 0 0 1 5 84 
1712934934 11671 11671000 11 13 0 0 0 2 25 17 26 120 
1712934934 11718 11718007 13 12 1 0 0 1 36 116 
1712934934 11718 11718014 13 12 2 0 0 2 18 20 19 77 
1712934934 11889 11889000 14 15 0 0 0 2 31 60 32 81 
1712934934 11889 11889007 14 15 1 0 0 2 55 95 56 13 
1712934934 11940 11940014 10 12 2 0 0 1 62 117 
1712934934 11981 11981014 11 17 2 0 0 2 22 90 23 50 
1712934934 12012 12012007 12 12 1 0 0 2 1 54 2 65 
1712934934 12020 12020000 10 14 0 0 0 1 9 86 
1712934934 12020 12020007 10 14 1 0 0 1 5 93 
1712934934 12020 12020014 10 14 2 0 0 1 16 103 
1712934934 12081 12081000 11 15 0 0 0 1 48 78 
1712934934 12081 12081007 11 15 1 0 0 1 11 155 
1712934934 12081 12081014 11 15 2 0 0 1 53 93 
1712934934 12105 12105000 10 15 0 0 0 2 57 67 58 36 
1712934934 12119 12119007 14 17 1 0 0 2 59 43 60 80 
1712934934 12119 12119014 14 17 2 0 0 1 17 132 
1712934934 12131 12131000 11 17 0 0 0 1 6 114 
1712934934 12131 12131007 11 17 1 0 0 1 46 95 
1712934934 12131 12131014 11 17 2 0 0 1 23 94 
1712934934 12269 12269000 14 17 0 0 0 2 43 46 44 65 
1712934934 12269 12269007 14 17 1 0 0 1 46 130 
1712934934 12349 12349000 14 13 0 0 0 1 10 128 
1712934934 12349 12349007 14 13 1 0 0 2 10 43 11 66 
1712934934 12432 12432000 12 12 0 0 0 1 62 86 
1712934934 12432 12432007 12 12 1 0 0 2 25 69 26 40 
1712934934 12432 12432014 12 12 2 0 0 1 37 92 
1712934934 12685 12685000 10 13 0 0 0 1 61 73 
1712934934 12695 12695014 10 17 2 0 0 1 4 103 
1712934934 12799 12799014 14 13 2 0 0 1 28 37 
1712934934 12857 12857014 12 17 2 0 0 2 54 93 55 47 
1712934934 13009 13009000 14 13 0 0 0 1 36 144 
1712934934 13009 13009007 14 13 1 0 0 1 62 84 
1712934934 13054 13054000 14 16 0 0 0 3 25 91 29 109 30 89 
1712934934 13054 13054007 14 16 1 0 0 1 2 116 
1712934934 13124 13124000 14 14 0 0 0 2 61 53 62 66 
1712934934 13125 13125000 10 15 0 0 0 1 43 102 
1712934934 13125 13125007 10 15 1 0 0 2 50 42 51 58 
1712934934 13125 13125014 10 15 2 0 0 2 11 23 12 86 
1712934934 13158 13158000 13 12 0 0 0 1 40 93 
1712934934 13158 13158007 13 12 1 0 0 1 35 91 
1712934934 13158 13158014 13 12 2 0 0 1 21 87 
1712934934 13199 13199014 14 17 2 0 0 1 62 81 
1712934934 13260 13260000 10 12 0 0 0 1 15 87 
1712934934 13260 13260007 10 12 1 0 0 1 13 131 
1712934934 13284 13284000 14 12 0 0 0 1 24 135 
1712934934 13284 13284007 14 12 1 0 0 2 2 1 3 96 
1712934934 13322 13322000 12 14 0 0 0 1 14 88 
1712934934 13322 13322007 12 14 1 0 0 1 60 73 
1712934934 13322 13322014 12 14 2 0 0 1 16 79 
1712934934 13378 13378000 13 16 0 0 0 1 19 145 
1712934934 13378 13378007 13 16 1 0 0 2 43 7 44 149 
1712934934 13378 13378014 13 16 2 0 0 1 9 135 
1712934934 13446 13446014 11 12 2 0 0 1 39 18 
1712934934 13687 13687007 12 13 1 0 0 1 32 110 
1712934934 13687 13687014 12 13 2 0 0 2 30 50 31 187 
1712934934 13705 13705000 10 13 0 0 0 1 53 79 
1712934934 13705 13705007 10 13 1 0 0 2 22 66 23 33 
1712934934 13705 13705014 10 13 2 0 0 2 28 85 29 7 
1712934934 13720 13720000 10 16 0 0 0 1 38 77 
1712934934 13720 13720007 10 16 1 0 0 1 49 75 
1712934934 13720 13720014 10 16 2 0 0 1 35 94 
1712934934 13736 13736000 11 14 0 0 0 1 51 136 
1712934934 13736 13736007 11 14 1 0 0 1 19 75 
1712934934 13736 13736014 11 14 2 0 0 1 54 85 
1712934934 13779 13779014 14 15 2 0 0 4 52 20 53 86 60 74 61 41 
1712934934 13783 13783000 13 13 0 0 0 1 46 169 
1712934934 13937 13937014 12 17 2 0 0 2 56 25 57 138 
1712934934 13971 13971000 11 15 0 0 0 1 6 89 
1712934934 13971 13971007 11 15 1 0 0 1 21 141 
1712934934 13971 13971014 11 15 2 0 0 1 2 81 
1712934934 14088 14088014 13 12 2 0 0 2 21 7 22 85 
1712934934 14089 14089000 14 13 0 0 0 1 23 134 
1712934934 14089 14089007 14 13 1 0 0 1 40 106 
1712934934 14192 14192000 12 14 0 0 0 1 35 179 
1712934934 14192 14192007 12 14 1 0 0 1 2 97 
1712934934 14468 14468000 13 14 0 0 0 1 50 93 
1712934934 14468 14468007 13 14 1 0 0 2 10 65 11 16 
1712934934 14468 14468014 13 14 2 0 0 1 52 91 
1712934934 14602 14602014 12 16 2 0 0 1 16 117 
1712934934 14610 14610000 10 12 0 0 0 1 17 78 
1712934934 14610 14610007 10 12 1 0 0 2 42 135 43 6 
1712934934 14610 14610014 10 12 2 0 0 1 18 100 
1712934934 14751 14751000 11 15 0 0 0 2 61 129 62 3 
1712934934 14751 14751007 11 15 1 0 0 2 30 64 31 62 
1712934934 14751 14751014 11 15 2 0 0 2 11 31 12 91 
1712934934 14775 14775014 10 15 2 0 0 1 25 107 
1712934934 14824 14824000 14 16 0 0 0 2 30 25 31 87 
1712934934 14824 14824007 14 16 1 0 0 2 34 81 35 116 
1712934934 14824 14824014 14 16 2 0 0 1 63 112 
1712934934 14836 14836000 11 16 0 0 0 1 25 74 
1712934934 14921 14921000 11 17 0 0 0 1 15 85 
1712934934 14921 14921007 11 17 1 0 0 1 50 130 
1712934934 14921 14921014 11 17 2 0 0 1 11 80 
1712934934 14990 14990000 10 14 0 0 0 1 39 106 
1712934934 14990 14990007 10 14 1 0 0 2 36 64 37 28 
1712934934 14990 14990014 10 14 2 0 0 2 16 7 17 83 
1712934934 15012 15012000 12 12 0 0 0 1 22 84 
1712934934 15012 15012007 12 12 1 0 0 1 45 89 
1712934934 15012 15012014 12 12 2 0 0 1 18 90 
1712934934 15093 15093000 13 15 0 0 0 2 7 66 8 58 
1712934934 15095 15095000 10 17 0 0 0 1 54 139 
1712934934 15113 15113007 13 17 1 0 0 2 61 119 62 24 
1712934934 15168 15168000 13 12 0 0 0 1 46 87 
1712934934 15168 15168007 13 12 1 0 0 2 18 9 37 97 
1712934934 15168 15168014 13 12 2 0 0 2 54 16 55 62 
1712934934 15315 15315014 10 15 2 0 0 2 62 69 63 47 
1712934934 15499 15499014 14 13 2 0 0 1 23 150 
1712934934 15542 15542014 12 14 2 0 0 1 61 10 
1712934934 15605 15605000 10 17 0 0 0 1 34 107 
1712934934 15605 15605007 10 17 1 0 0 1 30 118 
1712934934 15638 15638000 13 14 0 0 0 1 18 85 
1712934934 15638 15638007 13 14 1 0 0 2 29 72 30 23 
1712934934 15638 15638014 13 14 2 0 0 2 6 91 7 3 
1712934934 15672 15672000 12 12 0 0 0 2 14 10 15 95 
1712934934 15672 15672007 12 12 1 0 0 1 11 98 
1712934934 15672 15672014 12 12 2 0 0 1 59 148 
1712934934 15675 15675014 10 15 2 0 0 2 57 117 58 38 
1712934934 15769 15769000 14 13 0 0 0 1 51 102 
1712934934 15769 15769007 14 13 1 0 0 2 30 50 31 100 
1712934934 15769 15769014 14 13 2 0 0 1 41 104 
1712934934 15781 15781007 11 13 1 0 0 2 54 80 55 59 
1712934934 15781 15781014 11 13 2 0 0 2 34 114 35 11 
1712934934 15813 15813007 13 15 1 0 0 1 55 16 
1712934934 15813 15813014 13 15 2 0 0 1 59 95 
1712934934 15857 15857000 12 17 0 0 0 1 27 109 
1712934934 15857 15857007 12 17 1 0 0 1 12 94 
1712934934 15857 15857014 12 17 2 0 0 1 15 79 
1712934934 15919 15919014 14 13 2 0 0 2 45 91 46 20 
1712934934 15930 15930007 10 12 1 0 0 2 45 19 46 250 
1712934934 15930 15930014 10 12 2 0 0 1 15 119 
1712934934 15987 15987007 12 15 1 0 0 2 24 72 25 37 
1712934934 16134 16134014 14 12 2 0 0 1 54 88 
1712934934 16274 16274007 14 14 1 0 0 1 57 144 
1712934934 16274 16274014 14 14 2 0 0 2 41 25 42 73 
1712934934 16301 16301000 11 17 0 0 0 2 46 52 47 60 
1712934934 16301 16301007 11 17 1 0 0 1 23 115 
1712934934 16301 16301014 11 17 2 0 0 1 13 118 
1712934934 16313 16313014 13 17 2 0 0 2 47 39 48 125 
1712934934 16322 16322014 12 14 2 0 0 1 6 135 
1712934934 16496 16496000 11 14 0 0 0 1 0 99 
1712934934 16496 16496007 11 14 1 0 0 2 50 127 56 116 
1712934934 16496 16496014 11 14 2 0 0 1 30 109 
1712934934 16503 16503000 13 15 0 0 0 2 44 49 45 83 
1712934934 16563 16563007 13 15 1 0 0 1 55 15 
1712934934 16626 16626000 11 12 0 0 0 2 57 64 58 49 
1712934934 16626 16626007 11 12 1 0 0 1 56 118 
1712934934 16626 16626014 11 12 2 0 0 2 13 73 14 30 
1712934934 16649 16649000 14 17 0 0 0 1 49 85 
1712934934 16649 16649007 14 17 1 0 0 2 32 25 33 58 
1712934934 16649 16649014 14 17 2 0 0 1 54 80 
1712934934 16681 16681000 11 13 0 0 0 1 43 33 
1712934934 16681 16681007 11 13 1 0 0 2 24 100 25 22 
1712934934 16681 16681014 11 13 2 0 0 2 6 30 7 102 
1712934934 16806 16806000 11 12 0 0 0 2 10 99 11 62 
1712934934 16806 16806007 11 12 1 0 0 2 53 64 54 40 
1712934934 16956 16956014 11 12 2 0 0 2 11 125 12 40 
1712934934 16961 16961000 11 17 0 0 0 1 36 103 
1712934934 16961 16961007 11 17 1 0 0 1 30 111 
1712934934 16996 16996000 11 16 0 0 0 1 55 111 
1712934934 17051 17051000 11 17 0 0 0 1 40 111 
1712934934 17051 17051007 11 17 1 0 0 2 52 33 53 57 
1712934934 17104 17104014 14 16 2 0 0 2 8 9 9 116 
1712934934 17111 17111000 11 17 0 0 0 1 49 87 
1712934934 17111 17111007 11 17 1 0 0 1 29 91 
1712934934 17172 17172007 12 12 1 0 0 1 3 121 
1712934934 17217 17217000 12 15 0 0 0 1 28 114 
1712934934 17217 17217007 12 15 1 0 0 1 54 114 
1712934934 17295 17295000 10 15 0 0 0 1 23 100 
1712934934 17295 17295007 10 15 1 0 0 1 50 121 
1712934934 17295 17295014 10 15 2 0 0 2 29 92 30 2 
1712934934 17421 17421000 11 15 0 0 0 1 37 207 
1712934934 17421 17421007 11 15 1 0 0 1 62 78 
1712934934 17421 17421014 11 15 2 0 0 1 31 85 
1712934934 17480 17480014 10 14 2 0 0 2 15 106 16 18 
1712934934 17506 17506000 11 16 0 0 0 1 38 99 
1712934934 17506 17506007 11 16 1 0 0 1 46 136 
1712934934 17506 17506014 11 16 2 0 0 1 21 105 
1712934934 17539 17539000 14 13 0 0 0 1 10 15 
1712934934 17541 17541000 11 15 0 0 0 1 57 107 
1712934934 17541 17541007 11 15 1 0 0 1 40 95 
1712934934 17541 17541014 11 15 2 0 0 1 56 89 
1712934934 17556 17556000 11 12 0 0 0 4 13 63 14 105 15 128 28 226 
1712934934 17556 17556007 11 12 1 0 0 1 42 121 
1712934934 17556 17556014 11 12 2 0 0 1 40 94 
1712934934 17652 17652000 12 12 0 0 0 2 6 6 7 90 
1712934934 17671 17671000 11 13 0 0 0 1 60 88 
1712934934 17694 17694000 14 12 0 0 0 1 28 91 
1712934934 17694 17694007 14 12 1 0 0 1 55 79 
1712934934 17694 17694014 14 12 2 0 0 1 24 135 
1712934934 17707 17707007 12 13 1 0 0 1 30 108 
1712934934 17707 17707014 12 13 2 0 0 1 58 90 
1712934934 17851 17851000 11 13 0 0 0 1 9 78 
1712934934 17851 17851007 11 13 1 0 0 1 6 93 
1712934934 17851 17851014 11 13 2 0 0 1 11 83 
1712934934 17941 17941000 11 13 0 0 0 1 30 114 
1712934934 17941 17941007 11 13 1 0 0 1 36 90 
1712934934 17941 17941014 11 13 2 0 0 1 48 112 
1712934934 17946 17946000 11 12 0 0 0 2 41 80 42 24 
1712934934 17946 17946007 11 12 1 0 0 2 48 30 49 53 
1712934934 18086 18086000 11 14 0 0 0 1 5 97 
1712934934 18204 18204000 14 12 0 0 0 1 62 98 
1712934934 18214 18214007 14 16 1 0 0 1 1 125 
1712934934 18224 18224014 14 14 2 0 0 2 16 53 17 43 
1712934934 18458 18458000 13 14 0 0 0 1 12 114 
1712934934 18458 18458007 13 14 1 0 0 2 46 107 47 11 
1712934934 18480 18480007 10 12 1 0 0 1 16 98 
1712934934 18480 18480014 10 12 2 0 0 1 44 110 
1712934934 18486 18486000 11 12 0 0 0 1 36 96 
1712934934 18486 18486007 11 12 1 0 0 1 22 151 
1712934934 18486 18486014 11 12 2 0 0 1 36 85 
1712934934 18656 18656000 11 14 0 0 0 1 12 83 
1712934934 18656 18656007 11 14 1 0 0 1 15 100 
1712934934 18656 18656014 11 14 2 0 0 1 12 97 
1712934934 18739 18739000 14 13 0 0 0 2 39 83 40 39 
1712934934 18739 18739007 14 13 1 0 0 1 17 117 
1712934934 18739 18739014 14 13 2 0 0 2 61 25 62 164 
1712934934 18751 18751014 11 13 2 0 0 2 19 88 20 82 
1712934934 18829 18829007 14 13 1 0 0 1 11 95 
1712934934 18829 18829014 14 13 2 0 0 1 54 111 
1712934934 18876 18876000 11 12 0 0 0 1 28 101 
1712934934 18876 18876007 11 12 1 0 0 1 51 117 
1712934934 18876 18876014 11 12 2 0 0 1 34 80 
1712934934 18944 18944000 14 14 0 0 0 2 38 11 39 136 
1712934934 18944 18944007 14 14 1 0 0 1 24 96 
1712934934 19141 19141014 11 13 2 0 0 2 5 13 48 81 
1712934934 19231 19231000 11 13 0 0 0 2 56 2 57 117 
1712934934 19231 19231007 11 13 1 0 0 1 26 239 
1712934934 19231 19231014 11 13 2 0 0 1 21 105 
1712934934 19242 19242000 12 12 0 0 0 1 13 108 
1712934934 19413 19413014 13 15 2 0 0 2 25 121 26 45 
1712934934 19422 19422000 12 12 0 0 0 2 2 26 3 119 
1712934934 19422 19422007 12 12 1 0 0 2 38 85 39 26 
1712934934 19422 19422014 12 12 2 0 0 1 46 111 
1712934934 19441 19441000 11 13 0 0 0 1 10 87 
1712934934 19441 19441007 11 13 1 0 0 2 26 28 27 92 
1712934934 19441 19441014 11 13 2 0 0 2 18 3 19 73 
1712934934 19492 19492000 12 16 0 0 0 1 29 136 
1712934934 19541 19541000 11 17 0 0 0 1 40 191 
1712934934 19541 19541007 11 17 1 0 0 2 41 26 42 74 
1712934934 19541 19541014 11 17 2 0 0 1 13 43 
1712934934 19571 19571000 11 17 0 0 0 1 2 91 
1712934934 19578 19578000 13 12 0 0 0 2 17 48 18 64 
1712934934 19676 19676000 11 14 0 0 0 1 9 82 
1712934934 19676 19676007 11 14 1 0 0 1 5 86 
1712934934 19714 19714000 14 16 0 0 0 1 5 79 
1712934934 19799 19799007 14 17 1 0 0 2 5 114 6 56 
1712934934 19907 19907000 12 17 0 0 0 1 35 127 
1712934934 19907 19907007 12 17 1 0 0 2 13 59 14 127 
1712934934 20015 20015007 10 17 1 0 0 2 5 47 6 49 
1712934934 20075 20075007 10 17 1 0 0 2 15 53 16 1 
1712934934 20097 20097000 12 15 0 0 0 1 47 83 
1712934934 20097 20097007 12 15 1 0 0 2 31 71 32 17 
1712934934 20111 20111000 11 17 0 0 0 1 48 101 
1712934934 20111 20111007 11 17 1 0 0 1 7 79 
1712934934 20111 20111014 11 17 2 0 0 1 47 107 
1712934934 20176 20176014 11 16 2 0 0 1 42 116 
1712934934 20210 20210000 10 14 0 0 0 1 46 122 
1712934934 20213 20213014 13 17 2 0 0 1 4 97 
1712934934 20216 20216014 11 14 2 0 0 1 56 176 
1712934934 20234 20234007 14 14 1 0 0 1 2 111 
1712934934 20284 20284007 14 16 1 0 0 1 46 106 
1712934934 20284 20284014 14 16 2 0 0 2 44 83 45 13 
1712934934 20318 20318000 13 14 0 0 0 1 43 79 
1712934934 20318 20318007 13 14 1 0 0 2 25 10 26 77 
1712934934 20318 20318014 13 14 2 0 0 1 43 88 
1712934934 20413 20413000 13 13 0 0 0 1 61 100 
1712934934 20413 20413007 13 13 1 0 0 2 29 38 30 58 
1712934934 20413 20413014 13 13 2 0 0 1 61 90 
1712934934 20519 20519007 14 17 1 0 0 2 3 132 4 6 
1712934934 20519 20519014 14 17 2 0 0 2 37 107 38 10 
1712934934 20534 20534000 14 14 0 0 0 1 53 108 
1712934934 20534 20534007 14 14 1 0 0 2 15 4 16 93 
1712934934 20534 20534014 14 14 2 0 0 1 42 118 
1712934934 20643 20643000 13 15 0 0 0 1 1 110 
1712934934 20643 20643007 13 15 1 0 0 1 7 93 
1712934934 20643 20643014 13 15 2 0 0 1 5 87 
1712934934 20654 20654014 14 14 2 0 0 2 41 62 42 54 
1712934934 20680 20680000 10 16 0 0 0 2 27 12 28 82 
1712934934 20680 20680007 10 16 1 0 0 1 8 73 
1712934934 20680 20680014 10 16 2 0 0 1 30 79 
1712934934 20690 20690000 10 14 0 0 0 1 1 15 
1712934934 20724 20724000 14 12 0 0 0 1 39 93 
1712934934 20724 20724007 14 12 1 0 0 1 48 103 
1712934934 20724 20724014 14 12 2 0 0 1 53 96 
1712934934 20773 20773007 13 13 1 0 0 1 63 83 
1712934934 20773 20773014 13 13 2 0 0 2 12 2 16 123 
1712934934 20877 20877014 12 15 2 0 0 1 16 49 
1712934934 20957 20957000 12 17 0 0 0 2 37 85 38 5 
1712934934 20957 20957007 12 17 1 0 0 1 52 124 
1712934934 21181 21181000 11 13 0 0 0 1 51 111 
1712934934 21181 21181007 11 13 1 0 0 1 5 89 
1712934934 21181 21181014 11 13 2 0 0 1 59 87 
1712934934 21240 21240000 10 12 0 0 0 2 32 28 33 88 
1712934934 21240 21240007 10 12 1 0 0 2 39 95 40 17 
1712934934 21240 21240014 10 12 2 0 0 2 62 68 63 90 
1712934934 21371 21371014 11 17 2 0 0 1 6 96 
1712934934 21404 21404000 14 14 0 0 0 1 5 86 
1712934934 21404 21404007 14 14 1 0 0 1 45 97 
1712934934 21404 21404014 14 14 2 0 0 1 5 93 
1712934934 21580 21580000 10 16 0 0 0 1 55 97 
1712934934 21624 21624014 14 12 2 0 0 1 39 116 
1712934934 21751 21751000 11 13 0 0 0 1 44 80 
1712934934 21751 21751007 11 13 1 0 0 1 30 116 
1712934934 21751 21751014 11 13 2 0 0 1 40 83 
1712934934 22047 22047000 12 15 0 0 0 1 34 90 
1712934934 22047 22047007 12 15 1 0 0 1 39 88 
1712934934 22047 22047014 12 15 2 0 0 1 49 83 
1712934934 22073 22073000 13 17 0 0 0 1 50 98 
1712934934 22073 22073007 13 17 1 0 0 3 37 96 56 99 57 11 
1712934934 22073 22073014 13 17 2 0 0 2 24 194 56 93 
1712934934 22126 22126000 11 16 0 0 0 1 22 77 
1712934934 22126 22126007 11 16 1 0 0 1 52 101 
1712934934 22126 22126014 11 16 2 0 0 1 17 106 
1712934934 22134 22134000 14 12 0 0 0 1 11 107 
1712934934 22141 22141014 11 13 2 0 0 2 61 11 62 143 
1712934934 22220 22220000 10 14 0 0 0 2 37 12 38 97 
1712934934 22220 22220007 10 14 1 0 0 1 37 151 
1712934934 22289 22289000 14 17 0 0 0 1 31 79 
1712934934 22289 22289007 14 17 1 0 0 1 52 81 
1712934934 22289 22289014 14 17 2 0 0 1 41 92 
1712934934 22380 22380007 10 12 1 0 0 1 3 130 
1712934934 22472 22472000 12 14 0 0 0 2 10 192 11 4 
1712934934 22474 22474007 14 16 1 0 0 1 6 114 
1712934934 22548 22548000 13 12 0 0 0 2 56 104 57 6 
1712934934 22664 22664000 14 14 0 0 0 2 25 81 26 32 
1712934934 22664 22664007 14 14 1 0 0 1 46 91 
1712934934 22685 22685007 10 17 1 0 0 2 49 46 50 84 
1712934934 22685 22685014 10 17 2 0 0 2 1 62 2 46 
1712934934 22790 22790000 10 14 0 0 0 1 30 95 
1712934934 22790 22790007 10 14 1 0 0 1 39 112 
1712934934 22816 22816000 11 16 0 0 0 1 44 100 
1712934934 22816 22816007 11 16 1 0 0 2 39 113 40 3 
1712934934 22816 22816014 11 16 2 0 0 1 44 99 
1712934934 22836 22836000 11 12 0 0 0 2 13 101 18 78 
1712934934 22836 22836007 11 12 1 0 0 1 45 99 
1712934934 22836 22836014 11 12 2 0 0 1 18 175 
1712934934 22845 22845000 10 15 0 0 0 1 35 86 
1712934934 22845 22845007 10 15 1 0 0 1 45 92 
1712934934 22845 22845014 10 15 2 0 0 1 27 115 
1712934934 22877 22877007 12 17 1 0 0 2 6 95 7 25 
1712934934 22877 22877014 12 17 2 0 0 1 63 98 
1712934934 23006 23006000 11 14 0 0 0 1 12 100 
1712934934 23006 23006007 11 14 1 0 0 1 35 91 
1712934934 23006 23006014 11 14 2 0 0 1 35 81 
1712934934 23043 23043014 13 15 2 0 0 2 55 10 56 81 
1712934934 23054 23054014 14 14 2 0 0 1 3 5 
1712934934 23114 23114000 14 14 0 0 0 2 5 32 6 88 
1712934934 23114 23114007 14 14 1 0 0 2 11 112 12 3 
1712934934 23114 23114014 14 14 2 0 0 1 21 83 
1712934934 23119 23119007 14 13 1 0 0 1 17 98 
1712934934 23119 23119014 14 13 2 0 0 2 35 47 36 59 
1712934934 23141 23141000 11 17 0 0 0 2 38 19 39 85 
1712934934 23141 23141007 11 17 1 0 0 1 2 94 
1712934934 23273 23273007 13 17 1 0 0 1 60 79 
1712934934 23273 23273014 13 17 2 0 0 1 22 83 
1712934934 23274 23274007 14 12 1 0 0 1 0 22 
1712934934 23299 23299007 14 13 1 0 0 2 12 55 13 73 
1712934934 23299 23299014 14 13 2 0 0 1 47 103 
1712934934 23301 23301014 11 15 2 0 0 2 18 142 19 17 
1712934934 23385 23385000 10 15 0 0 0 1 44 88 
1712934934 23385 23385007 10 15 1 0 0 1 40 79 
1712934934 23385 23385014 10 15 2 0 0 1 31 75 
1712934934 23418 23418000 13 12 0 0 0 1 36 93 
1712934934 23643 23643000 13 15 0 0 0 1 0 94 
1712934934 23707 23707014 12 13 2 0 0 1 56 118 
1712934934 23764 23764000 14 16 0 0 0 3 30 117 31 98 32 157 
1712934934 23764 23764007 14 16 1 0 0 2 37 185 38 31 
1712934934 23852 23852000 12 14 0 0 0 1 0 163 
1712934934 23852 23852007 12 14 1 0 0 1 13 115 
1712934934 23852 23852014 12 14 2 0 0 2 39 12 40 145 
1712934934 24009 24009014 14 15 2 0 0 1 24 104 
1712934934 24146 24146000 11 14 0 0 0 1 37 176 
1712934934 24146 24146007 11 14 1 0 0 2 42 28 43 89 
1712934934 24173 24173014 13 17 2 0 0 2 60 86 61 193 
1712934934 24309 24309007 14 15 1 0 0 1 0 45 
1712934934 24309 24309014 14 15 2 0 0 2 42 30 43 72 
1712934934 24500 24500007 10 14 1 0 0 2 5 95 6 7 
1712934934 24547 24547000 12 13 0 0 0 1 25 92 
1712934934 24547 24547007 12 13 1 0 0 1 42 123 
1712934934 24547 24547014 12 13 2 0 0 1 6 103 
1712934934 24643 24643000 13 13 0 0 0 1 36 112 
1712934934 24643 24643007 13 13 1 0 0 2 40 84 41 27 
1712934934 24643 24643014 13 13 2 0 0 2 30 49 31 45 
1712934934 24809 24809000 14 17 0 0 0 2 12 87 13 5 
1712934934 24809 24809007 14 17 1 0 0 2 55 83 56 13 
1712934934 24809 24809014 14 17 2 0 0 1 57 121 
1712934934 24955 24955000 10 13 0 0 0 1 37 83 
1712934934 24955 24955007 10 13 1 0 0 1 36 100 
1712934934 24955 24955014 10 13 2 0 0 1 34 113 
1712934934 24957 24957000 12 15 0 0 0 2 43 107 44 35 
1712934934 24957 24957007 12 15 1 0 0 2 27 94 28 13 
1712934934 24991 24991000 11 13 0 0 0 1 29 111 
1712934934 25227 25227014 12 15 2 0 0 2 26 129 27 19 
1712934934 25253 25253000 13 17 0 0 0 1 55 134 
1712934934 25253 25253007 13 17 1 0 0 2 35 104 36 15 
1712934934 25253 25253014 13 17 2 0 0 1 44 84 
1712934934 25523 25523000 13 17 0 0 0 1 18 98 
1712934934 25523 25523007 13 17 1 0 0 1 5 91 
1712934934 25523 25523014 13 17 2 0 0 1 15 78 
1712934934 25584 25584000 14 12 0 0 0 2 5 36 6 51 
1712934934 25584 25584007 14 12 1 0 0 1 45 91 
1712934934 25584 25584014 14 12 2 0 0 2 36 17 37 76 
1712934934 25599 25599000 14 15 0 0 0 2 46 47 47 68 
1712934934 25631 25631000 11 17 0 0 0 2 1 99 2 33 
1712934934 25698 25698000 13 12 0 0 0 1 31 101 
1712934934 25698 25698007 13 12 1 0 0 2 11 105 12 22 
1712934934 25701 25701000 11 15 0 0 0 2 9 44 10 58 
1712934934 25701 25701007 11 15 1 0 0 1 55 105 
1712934934 25701 25701014 11 15 2 0 0 2 42 16 43 77 
1712934934 25737 25737000 12 15 0 0 0 1 5 92 
1712934934 25808 25808014 13 14 2 0 0 1 53 86 
1712934934 25840 25840014 10 16 2 0 0 2 0 61 1 194 
1712934934 25866 25866000 11 12 0 0 0 2 37 62 38 28 
1712934934 25866 25866007 11 12 1 0 0 2 14 141 21 85 
1712934934 25866 25866014 11 12 2 0 0 2 28 24 29 56 
1712934934 25920 25920007 10 12 1 0 0 1 36 191 
1712934934 25920 25920014 10 12 2 0 0 1 44 94 
1712934934 26000 26000000 10 14 0 0 0 1 42 104 
1712934934 26000 26000007 10 14 1 0 0 1 17 112 
1712934934 26000 26000014 10 14 2 0 0 1 19 97 
1712934934 26016 26016014 11 12 2 0 0 1 7 117 
1712934934 26113 26113000 13 13 0 0 0 1 62 138 
1712934934 26113 26113007 13 13 1 0 0 2 23 31 24 75 
1712934934 26140 26140000 10 16 0 0 0 1 62 94 
1712934934 26140 26140007 10 16 1 0 0 1 41 89 
1712934934 26140 26140014 10 16 2 0 0 1 35 116 
1712934934 26209 26209000 14 13 0 0 0 2 38 74 39 43 
1712934934 26209 26209007 14 13 1 0 0 1 27 138 
1712934934 26212 26212000 12 16 0 0 0 1 56 115 
1712934934 26212 26212007 12 16 1 0 0 1 41 96 
1712934934 26212 26212014 12 16 2 0 0 1 48 115 
1712934934 26513 26513007 13 17 1 0 0 1 1 97 
1712934934 26513 26513014 13 17 2 0 0 1 22 89 
1712934934 26647 26647000 12 13 0 0 0 3 4 45 5 42 25 149 
1712934934 26647 26647007 12 13 1 0 0 1 41 108 
1712934934 26647 26647014 12 13 2 0 0 2 25 80 26 8 
1712934934 26858 26858014 13 14 2 0 0 2 57 83 58 12 
1712934934 26909 26909000 14 17 0 0 0 1 6 204 
1712934934 26909 26909007 14 17 1 0 0 1 1 82 
1712934934 26971 26971000 11 13 0 0 0 1 9 101 
1712934934 26971 26971007 11 13 1 0 0 1 63 3 
1712934934 26989 26989014 14 13 2 0 0 2 10 1 11 72 
1712934934 27003 27003000 13 15 0 0 0 1 28 90 
1712934934 27003 27003007 13 15 1 0 0 1 51 79 
1712934934 27003 27003014 13 15 2 0 0 1 25 107 
1712934934 27041 27041000 11 17 0 0 0 2 58 127 59 39 
1712934934 27041 27041007 11 17 1 0 0 1 46 112 
1712934934 27041 27041014 11 17 2 0 0 2 22 75 23 12 
1712934934 27092 27092007 12 14 1 0 0 1 49 97 
1712934934 27092 27092014 12 14 2 0 0 2 38 36 39 63 
1712934934 27125 27125000 10 17 0 0 0 1 28 128 
1712934934 27125 27125007 10 17 1 0 0 1 30 156 
1712934934 27125 27125014 10 17 2 0 0 1 25 145 
1712934934 27159 27159000 14 15 0 0 0 1 59 94 
1712934934 27159 27159007 14 15 1 0 0 1 58 100 
1712934934 27159 27159014 14 15 2 0 0 2 23 88 24 20 
1712934934 27183 27183007 13 15 1 0 0 1 58 38 
1712934934 27183 27183014 13 15 2 0 0 2 5 108 6 16 
1712934934 27268 27268000 13 16 0 0 0 2 6 47 7 71 
1712934934 27307 27307000 12 13 0 0 0 1 7 102 
1712934934 27307 27307007 12 13 1 0 0 1 14 83 
1712934934 27307 27307014 12 13 2 0 0 1 33 87 
1712934934 27367 27367000 12 13 0 0 0 3 52 57 53 89 56 35 
1712934934 27452 27452000 12 14 0 0 0 2 44 102 57 103 
1712934934 27452 27452007 12 14 1 0 0 1 6 80 
1712934934 27452 27452014 12 14 2 0 0 1 59 114 
1712934934 27464 27464007 14 14 1 0 0 1 63 84 
1712934934 27464 27464014 14 14 2 0 0 1 38 99 
1712934934 27644 27644000 14 14 0 0 0 2 8 135 9 4 
1712934934 27644 27644007 14 14 1 0 0 1 54 95 
1712934934 27644 27644014 14 14 2 0 0 2 39 31 40 78 
1712934934 27718 27718000 13 16 0 0 0 2 25 80 26 53 
1712934934 27718 27718007 13 16 1 0 0 2 41 23 42 143 
1712934934 27727 27727014 12 13 2 0 0 1 41 118 
1712934934 27806 27806000 11 14 0 0 0 1 53 88 
1712934934 27806 27806007 11 14 1 0 0 1 30 207 
1712934934 27806 27806014 11 14 2 0 0 2 44 101 57 2 
1712934934 27997 27997000 12 13 0 0 0 1 52 94 
1712934934 28037 28037000 12 17 0 0 0 1 43 125 
1712934934 28037 28037007 12 17 1 0 0 1 47 241 
1712934934 28201 28201000 11 13 0 0 0 1 56 84 
1712934934 28201 28201007 11 13 1 0 0 2 62 31 63 135 
1712934934 28204 28204014 14 16 2 0 0 1 29 116 
1712934934 28321 28321007 11 13 1 0 0 1 50 86 
1712934934 28321 28321014 11 13 2 0 0 1 50 106 
1712934934 28411 28411000 11 13 0 0 0 2 28 53 29 49 
1712934934 28411 28411014 11 13 2 0 0 2 24 86 25 51 
1712934934 28566 28566000 11 12 0 0 0 1 12 112 
1712934934 28566 28566007 11 12 1 0 0 2 13 22 14 79 
1712934934 28636 28636000 11 16 0 0 0 1 55 79 
1712934934 28636 28636007 11 16 1 0 0 2 50 75 51 54 
1712934934 28636 28636014 11 16 2 0 0 1 63 76 
1712934934 28708 28708000 13 16 0 0 0 2 2 104 3 56 
1712934934 28783 28783000 13 13 0 0 0 2 8 10 9 130 
1712934934 28783 28783007 13 13 1 0 0 1 19 91 
1712934934 28783 28783014 13 13 2 0 0 2 33 39 34 51 
1712934934 28885 28885000 10 13 0 0 0 1 33 122 
1712934934 28885 28885007 10 13 1 0 0 2 18 16 19 110 
1712934934 28907 28907014 12 17 2 0 0 1 46 95 
1712934934 28922 28922000 12 14 0 0 0 1 49 145 
1712934934 28922 28922007 12 14 1 0 0 1 32 85 
1712934934 28922 28922014 12 14 2 0 0 1 44 77 
1712934934 28946 28946014 11 14 2 0 0 1 43 29 
1712934934 28960 28960000 10 16 0 0 0 1 40 96 
1712934934 28960 28960007 10 16 1 0 0 2 15 31 16 84 
1712934934 28960 28960014 10 16 2 0 0 1 51 86 
1712934934 28986 28986000 11 12 0 0 0 2 49 69 50 16 
1712934934 28986 28986007 11 12 1 0 0 1 0 81 
1712934934 28988 28988000 13 14 0 0 0 1 9 141 
1712934934 28998 28998000 13 12 0 0 0 1 15 96 
1712934934 28998 28998007 13 12 1 0 0 2 36 80 37 24 
1712934934 29025 29025000 10 15 0 0 0 1 6 140 
1712934934 29150 29150000 10 14 0 0 0 1 5 126 
1712934934 29150 29150007 10 14 1 0 0 1 3 127 
1712934934 29196 29196000 11 12 0 0 0 1 28 113 
1712934934 29196 29196007 11 12 1 0 0 2 6 90 7 40 
1712934934 29241 29241014 11 15 2 0 0 2 2 101 3 24 
1712934934 29374 29374000 14 16 0 0 0 1 63 74 
1712934934 29374 29374007 14 16 1 0 0 1 37 85 
1712934934 29414 29414000 14 14 0 0 0 1 62 78 
1712934934 29414 29414007 14 14 1 0 0 1 29 135 
1712934934 29414 29414014 14 14 2 0 0 1 57 85 
1712934934 29440 29440000 10 16 0 0 0 2 21 164 22 2 
1712934934 29440 29440007 10 16 1 0 0 1 18 101 
1712934934 29440 29440014 10 16 2 0 0 1 61 132 
1712934934 29791 29791014 11 13 2 0 0 1 44 12 
1712934934 29809 29809000 14 13 0 0 0 1 58 94 
1712934934 29815 29815000 10 13 0 0 0 2 51 118 52 45 
1712934934 29815 29815007 10 13 1 0 0 1 53 160 
1712934934 29815 29815014 10 13 2 0 0 2 8 79 9 35 
1712934934 29882 29882000 12 14 0 0 0 1 15 105 
1712934934 29882 29882007 12 14 1 0 0 2 25 88 26 36 
1712934934 29882 29882014 12 14 2 0 0 1 40 204 
1712934934 29928 29928014 13 12 2 0 0 1 43 85 
1712934934 30044 30044000 14 14 0 0 0 2 44 89 45 20 
1712934934 30044 30044007 14 14 1 0 0 1 22 92 
1712934934 30044 30044014 14 14 2 0 0 1 11 110 
1712934934 30072 30072000 12 12 0 0 0 2 4 47 5 39 
1712934934 30072 30072007 12 12 1 0 0 1 52 87 
1712934934 30072 30072014 12 12 2 0 0 1 12 87 
1712934934 30075 30075014 10 15 2 0 0 1 7 99 
1712934934 30140 30140000 10 14 0 0 0 1 0 82 
1712934934 30140 30140007 10 14 1 0 0 1 13 106 
1712934934 30140 30140014 10 14 2 0 0 1 8 109 
1712934934 30246 30246000 11 12 0 0 0 1 35 86 
1712934934 30265 30265000 10 13 0 0 0 2 0 59 1 75 
1712934934 30313 30313000 13 13 0 0 0 1 33 90 
1712934934 30313 30313007 13 13 1 0 0 2 30 65 31 44 
1712934934 30313 30313014 13 13 2 0 0 1 42 103 
1712934934 30476 30476000 11 14 0 0 0 1 31 82 
1712934934 30476 30476007 11 14 1 0 0 2 30 71 31 100 
1712934934 30476 30476014 11 14 2 0 0 1 32 84 
1712934934 30506 30506007 11 14 1 0 0 1 15 104 
1712934934 30506 30506014 11 14 2 0 0 1 18 89 
1712934934 30512 30512000 12 14 0 0 0 2 46 114 57 88 
1712934934 30512 30512007 12 14 1 0 0 2 21 56 22 110 
1712934934 30512 30512014 12 14 2 0 0 1 54 84 
1712934934 30519 30519000 14 15 0 0 0 1 6 84 
1712934934 30678 30678000 13 12 0 0 0 2 33 52 34 88 
1712934934 30678 30678007 13 12 1 0 0 2 53 124 54 46 
1712934934 30782 30782007 12 14 1 0 0 3 20 110 41 30 42 48 
1712934934 30782 30782014 12 14 2 0 0 3 32 44 39 4 40 150 
1712934934 30930 30930000 10 12 0 0 0 2 25 55 26 56 
1712934934 30930 30930007 10 12 1 0 0 2 24 35 25 103 
1712934934 31019 31019000 14 17 0 0 0 1 61 102 
1712934934 31019 31019007 14 17 1 0 0 1 1 98 
1712934934 31053 31053000 13 15 0 0 0 2 38 64 39 19 
1712934934 31053 31053007 13 15 1 0 0 1 23 88 
1712934934 31053 31053014 13 15 2 0 0 1 23 97 
1712934934 31105 31105014 10 13 2 0 0 2 53 29 54 109 
1712934934 31301 31301000 11 17 0 0 0 1 53 78 
1712934934 31301 31301007 11 17 1 0 0 1 36 78 
1712934934 31301 31301014 11 17 2 0 0 1 56 125 
1712934934 31372 31372000 12 16 0 0 0 1 3 81 
1712934934 31379 31379014 14 17 2 0 0 1 12 83 
1712934934 31413 31413000 13 15 0 0 0 1 59 180 
1712934934 31448 31448007 13 14 1 0 0 1 7 82 
1712934934 31448 31448014 13 14 2 0 0 1 10 95 
1712934934 31530 31530000 10 12 0 0 0 1 16 102 
1712934934 31530 31530007 10 12 1 0 0 1 11 85 
1712934934 31530 31530014 10 12 2 0 0 1 29 96 
1712934934 31586 31586014 11 14 2 0 0 2 61 77 62 16 
1712934934 31593 31593000 13 15 0 0 0 1 56 139 
1712934934 31593 31593007 13 15 1 0 0 1 17 105 
1712934934 31593 31593014 13 15 2 0 0 1 51 86 
1712934934 31697 31697007 12 17 1 0 0 2 11 102 12 22 
1712934934 31697 31697014 12 17 2 0 0 2 39 86 40 29 
1712934934 31737 31737014 12 15 2 0 0 1 60 42 
1712934934 31799 31799007 14 17 1 0 0 1 63 42 
1712934934 31799 31799014 14 17 2 0 0 1 54 109 
1712934934 31812 31812000 12 12 0 0 0 2 38 40 39 68 
1712934934 31812 31812007 12 12 1 0 0 1 3 100 
1712934934 31853 31853000 13 17 0 0 0 1 57 102 
1712934934 31891 31891000 11 13 0 0 0 1 35 88 
1712934934 31891 31891007 11 13 1 0 0 1 0 85 
1712934934 31895 31895000 10 17 0 0 0 2 18 32 19 68 
1712934934 31895 31895007 10 17 1 0 0 1 55 96 
1712934934 31929 31929000 14 15 0 0 0 2 2 19 3 78 
1712934934 32045 32045007 10 17 1 0 0 1 28 93 
1712934934 32045 32045014 10 17 2 0 0 1 57 87 
1712934934 32224 32224000 14 16 0 0 0 2 5 51 6 48 
1712934934 32268 32268014 13 12 2 0 0 2 33 84 34 9 
1712934934 32348 32348000 13 14 0 0 0 2 52 95 53 6 
1712934934 32348 32348007 13 14 1 0 0 1 49 106 
1712934934 32348 32348014 13 14 2 0 0 2 26 54 27 48 
1712934934 32358 32358007 13 12 1 0 0 1 21 85 
1712934934 32358 32358014 13 12 2 0 0 2 25 2 35 110 
1712934934 32435 32435000 10 17 0 0 0 1 7 87 
1712934934 32435 32435007 10 17 1 0 0 1 2 74 
1712934934 32531 32531000 11 17 0 0 0 2 40 37 41 66 
1712934934 32601 32601000 11 15 0 0 0 2 30 17 31 138 
1712934934 32601 32601007 11 15 1 0 0 2 31 94 32 14 
1712934934 32613 32613007 13 15 1 0 0 2 6 139 7 4 
1712934934 32613 32613014 13 15 2 0 0 1 35 159 
1712934934 32620 32620000 10 16 0 0 0 1 63 38 
1712934934 32628 32628014 13 12 2 0 0 1 16 140 
1712934934 32633 32633007 13 17 1 0 0 1 8 138 
1712934934 32736 32736000 11 12 0 0 0 1 8 104 
1712934934 32736 32736007 11 12 1 0 0 1 27 132 
1712934934 32736 32736014 11 12 2 0 0 1 16 106 
1712934934 32779 32779000 14 13 0 0 0 2 56 42 57 84 
1712934934 32886 32886000 11 12 0 0 0 2 43 38 44 140 
1712934934 32886 32886007 11 12 1 0 0 1 44 96 
1712934934 32886 32886014 11 12 2 0 0 2 13 103 14 115 
1712934934 33003 33003000 13 15 0 0 0 1 56 78 
1712934934 33003 33003007 13 15 1 0 0 1 5 80 
1712934934 33003 33003014 13 15 2 0 0 1 54 89 
1712934934 33511 33511000 11 13 0 0 0 1 12 103 
1712934934 33511 33511007 11 13 1 0 0 2 27 54 28 38 
1712934934 33511 33511014 11 13 2 0 0 1 8 119 
1712934934 33544 33544000 14 16 0 0 0 1 49 111 
1712934934 33544 33544007 14 16 1 0 0 1 32 120 
1712934934 33544 33544014 14 16 2 0 0 2 54 69 55 33 
1712934934 33634 33634000 14 16 0 0 0 2 27 61 28 34 
1712934934 33634 33634007 14 16 1 0 0 1 50 6 
1712934934 33737 33737014 12 17 2 0 0 2 15 67 16 33 
1712934934 33751 33751000 11 13 0 0 0 1 38 41 
1712934934 33817 33817014 12 13 2 0 0 2 45 85 46 39 
1712934934 33877 33877000 12 13 0 0 0 2 41 64 42 89 
1712934934 34142 34142000 12 14 0 0 0 1 60 96 
1712934934 34285 34285000 10 13 0 0 0 2 56 30 57 73 
1712934934 34285 34285007 10 13 1 0 0 1 50 90 
1712934934 34285 34285014 10 13 2 0 0 1 25 134 
1712934934 34303 34303014 13 13 2 0 0 1 1 110 
1712934934 34316 34316000 11 14 0 0 0 1 26 109 
1712934934 34316 34316007 11 14 1 0 0 2 28 23 29 73 
1712934934 34316 34316014 11 14 2 0 0 1 36 111 
1712934934 34348 34348014 13 16 2 0 0 2 11 22 12 77 
1712934934 34390 34390000 10 16 0 0 0 2 43 41 44 43 
1712934934 34390 34390007 10 16 1 0 0 2 25 5 26 83 
1712934934 34390 34390014 10 16 2 0 0 2 51 7 52 78 
1712934934 34614 34614014 14 12 2 0 0 2 16 8 17 77 
1712934934 34615 34615000 10 13 0 0 0 1 17 90 
1712934934 34615 34615007 10 13 1 0 0 1 11 92 
1712934934 34615 34615014 10 13 2 0 0 1 30 90 
1712934934 34641 34641000 11 15 0 0 0 1 56 100 
1712934934 34641 34641007 11 15 1 0 0 1 48 87 
1712934934 34641 34641014 11 15 2 0 0 1 50 48 
1712934934 34676 34676007 11 14 1 0 0 2 5 5 6 131 
1712934934 34803 34803014 13 15 2 0 0 2 2 20 3 96 
1712934934 34980 34980007 10 12 1 0 0 1 2 118 
1712934934 34980 34980014 10 12 2 0 0 2 27 42 28 34 
1712934934 35105 35105000 10 17 0 0 0 1 12 89 
1712934934 35180 35180007 10 14 1 0 0 2 53 57 54 44 
1712934934 35180 35180014 10 14 2 0 0 1 46 87 
1712934934 35323 35323000 13 13 0 0 0 4 32 31 33 10 60 25 61 86 
1712934934 35323 35323007 13 13 1 0 0 2 38 44 39 91 
1712934934 35323 35323014 13 13 2 0 0 2 5 8 6 97 
1712934934 35351 35351007 11 17 1 0 0 1 6 119 
1712934934 35380 35380000 10 16 0 0 0 1 24 85 
1712934934 35380 35380007 10 16 1 0 0 2 41 22 42 76 
1712934934 35380 35380014 10 16 2 0 0 1 47 97 
1712934934 35382 35382000 12 12 0 0 0 1 40 123 
1712934934 35525 35525000 10 17 0 0 0 1 19 86 
1712934934 35525 35525007 10 17 1 0 0 2 33 95 39 31 
1712934934 35525 35525014 10 17 2 0 0 1 8 83 
1712934934 35747 35747000 12 17 0 0 0 1 19 124 
1712934934 35747 35747007 12 17 1 0 0 2 37 100 38 5 
1712934934 35933 35933007 13 17 1 0 0 2 41 102 42 14 
1712934934 35933 35933014 13 17 2 0 0 1 9 102 
1712934934 35946 35946000 11 12 0 0 0 2 46 45 47 45 
1712934934 35946 35946007 11 12 1 0 0 1 33 96 
1712934934 36092 36092000 12 14 0 0 0 1 34 92 
1712934934 36092 36092007 12 14 1 0 0 2 4 29 5 65 
1712934934 36123 36123000 13 15 0 0 0 1 21 115 
1712934934 36123 36123007 13 15 1 0 0 1 40 89 
1712934934 36123 36123014 13 15 2 0 0 2 46 40 47 43 
1712934934 36152 36152000 12 14 0 0 0 2 20 52 21 47 
1712934934 36152 36152007 12 14 1 0 0 2 32 16 33 74 
1712934934 36152 36152014 12 14 2 0 0 1 27 152 
1712934934 36188 36188014 13 14 2 0 0 2 41 44 42 52 
1712934934 36273 36273000 13 15 0 0 0 2 30 83 31 81 
1712934934 36273 36273007 13 15 1 0 0 1 21 176 
1712934934 36276 36276000 11 12 0 0 0 2 24 135 25 32 
1712934934 36276 36276007 11 12 1 0 0 1 52 105 
1712934934 36280 36280007 10 16 1 0 0 2 13 36 14 73 
1712934934 36327 36327000 12 15 0 0 0 1 14 85 
1712934934 36327 36327007 12 15 1 0 0 1 13 88 
1712934934 36327 36327014 12 15 2 0 0 1 12 87 
1712934934 36357 36357000 12 15 0 0 0 1 1 88 
1712934934 36357 36357007 12 15 1 0 0 1 51 108 
1712934934 36357 36357014 12 15 2 0 0 1 6 98 
1712934934 36373 36373007 13 13 1 0 0 1 3 97 
1712934934 36373 36373014 13 13 2 0 0 1 22 95 
1712934934 36399 36399000 14 15 0 0 0 1 57 90 
1712934934 36399 36399007 14 15 1 0 0 1 40 89 
1712934934 36399 36399014 14 15 2 0 0 2 26 66 27 30 
1712934934 36413 36413000 13 17 0 0 0 1 61 114 
1712934934 36446 36446000 11 14 0 0 0 2 51 144 52 1 
1712934934 36455 36455000 10 17 0 0 0 2 42 48 43 86 
1712934934 36455 36455007 10 17 1 0 0 2 30 76 31 1 
1712934934 36479 36479000 14 17 0 0 0 2 51 31 52 77 
1712934934 36479 36479007 14 17 1 0 0 1 30 101 
1712934934 36479 36479014 14 17 2 0 0 1 28 99 
1712934934 36603 36603014 13 15 2 0 0 1 1 107 
1712934934 36660 36660007 10 12 1 0 0 1 0 84 
1712934934 36732 36732000 12 12 0 0 0 2 55 63 56 34 
1712934934 36947 36947000 12 17 0 0 0 1 54 80 
1712934934 36947 36947007 12 17 1 0 0 1 47 75 
1712934934 36947 36947014 12 17 2 0 0 1 48 90 
1712934934 36973 36973007 13 13 1 0 0 2 11 76 12 75 
1712934934 36973 36973014 13 13 2 0 0 1 34 98 
1712934934 36981 36981007 11 15 1 0 0 2 25 65 26 72 
1712934934 36981 36981014 11 15 2 0 0 2 35 61 36 33 
1712934934 37048 37048000 13 16 0 0 0 2 59 63 60 27 
1712934934 37213 37213000 13 13 0 0 0 2 9 27 10 107 
1712934934 37213 37213007 13 13 1 0 0 1 28 81 
1712934934 37213 37213014 13 13 2 0 0 1 7 83 
1712934934 37262 37262007 12 14 1 0 0 2 10 116 11 6 
1712934934 37262 37262014 12 14 2 0 0 2 27 5 28 95 
1712934934 37285 37285014 10 13 2 0 0 2 15 46 16 59 
1712934934 37390 37390014 10 16 2 0 0 2 2 42 3 62 
1712934934 37451 37451000 11 17 0 0 0 3 1 42 2 176 3 22 
1712934934 37451 37451007 11 17 1 0 0 2 53 35 54 61 
1712934934 37451 37451014 11 17 2 0 0 1 45 101 
1712934934 37623 37623000 13 15 0 0 0 2 35 72 36 24 
1712934934 37623 37623007 13 15 1 0 0 1 32 178 
1712934934 37765 37765000 10 13 0 0 0 1 35 100 
1712934934 37765 37765007 10 13 1 0 0 2 15 20 16 65 
1712934934 37765 37765014 10 13 2 0 0 1 37 79 
1712934934 37775 37775000 10 17 0 0 0 1 38 87 
1712934934 37775 37775007 10 17 1 0 0 1 52 90 
1712934934 37775 37775014 10 17 2 0 0 1 39 98 
1712934934 37854 37854014 14 12 2 0 0 1 61 24 
1712934934 37883 37883000 13 17 0 0 0 4 40 21 41 77 52 144 59 86 
1712934934 37883 37883007 13 17 1 0 0 2 30 112 31 249 
1712934934 37940 37940000 10 14 0 0 0 1 21 146 
1712934934 37944 37944014 14 12 2 0 0 2 62 127 63 26 
1712934934 38041 38041014 11 13 2 0 0 2 10 78 11 50 
1712934934 38118 38118000 13 12 0 0 0 1 32 83 
1712934934 38118 38118007 13 12 1 0 0 1 48 105 
1712934934 38118 38118014 13 12 2 0 0 1 36 96 
1712934934 38160 38160000 10 12 0 0 0 1 3 101 
1712934934 38160 38160007 10 12 1 0 0 2 53 97 54 4 
1712934934 38191 38191000 11 13 0 0 0 1 61 83 
1712934934 38191 38191007 11 13 1 0 0 1 48 85 
1712934934 38191 38191014 11 13 2 0 0 2 44 34 45 52 
1712934934 38279 38279014 14 17 2 0 0 2 6 47 7 63 
1712934934 38342 38342007 12 14 1 0 0 1 14 119 
1712934934 38356 38356000 11 16 0 0 0 3 23 20 24 77 46 98 
1712934934 38356 38356007 11 16 1 0 0 4 18 74 19 31 24 58 25 67 
1712934934 38356 38356014 11 16 2 0 0 1 47 200 
1712934934 38408 38408000 13 14 0 0 0 2 16 57 17 50 
1712934934 38436 38436000 11 12 0 0 0 2 21 91 35 5 
1712934934 38436 38436007 11 12 1 0 0 1 48 113 
1712934934 38436 38436014 11 12 2 0 0 2 30 29 31 52 
1712934934 38441 38441014 11 17 2 0 0 2 60 16 61 106 
1712934934 38458 38458014 13 16 2 0 0 1 62 92 
1712934934 38570 38570000 10 14 0 0 0 2 41 46 42 61 
1712934934 38570 38570007 10 14 1 0 0 2 30 177 31 46 
1712934934 38596 38596000 11 16 0 0 0 2 36 29 46 116 
1712934934 38596 38596007 11 16 1 0 0 2 34 36 35 56 
1712934934 38596 38596014 11 16 2 0 0 1 57 91 
1712934934 38630 38630000 10 14 0 0 0 1 10 85 
1712934934 38630 38630007 10 14 1 0 0 1 25 77 
1712934934 38630 38630014 10 14 2 0 0 1 6 90 
1712934934 38722 38722007 12 16 1 0 0 2 49 122 50 18 
1712934934 38794 38794007 14 16 1 0 0 2 2 133 3 37 
1712934934 38930 38930007 10 14 1 0 0 1 62 107 
1712934934 39032 39032000 12 14 0 0 0 1 53 84 
1712934934 39032 39032007 12 14 1 0 0 2 35 117 36 4 
1712934934 39032 39032014 12 14 2 0 0 1 50 87 
1712934934 39041 39041014 11 17 2 0 0 2 41 1 42 116 
1712934934 39087 39087014 12 15 2 0 0 2 45 27 46 97 
1712934934 39111 39111000 11 15 0 0 0 1 62 108 
1712934934 39111 39111007 11 15 1 0 0 1 26 123 
1712934934 39111 39111014 11 15 2 0 0 1 29 97 
1712934934 39164 39164000 14 14 0 0 0 1 5 72 
1712934934 39164 39164007 14 14 1 0 0 1 15 79 
1712934934 39164 39164014 14 14 2 0 0 2 16 65 17 39 
1712934934 39237 39237000 12 15 0 0 0 1 8 87 
1712934934 39237 39237007 12 15 1 0 0 1 18 80 
1712934934 39237 39237014 12 15 2 0 0 1 7 82 
1712934934 39261 39261000 11 15 0 0 0 1 15 166 
1712934934 39261 39261007 11 15 1 0 0 2 14 62 15 40 
1712934934 39261 39261014 11 15 2 0 0 1 0 101 
1712934934 39274 39274000 14 16 0 0 0 1 63 95 
1712934934 39274 39274007 14 16 1 0 0 2 2 30 3 75 
1712934934 39320 39320000 10 14 0 0 0 1 24 99 
1712934934 39320 39320007 10 14 1 0 0 2 62 18 63 93 
1712934934 39326 39326000 11 14 0 0 0 1 13 196 
1712934934 39326 39326007 11 14 1 0 0 1 5 124 
1712934934 39411 39411000 11 15 0 0 0 1 44 104 
1712934934 39411 39411007 11 15 1 0 0 2 25 76 26 5 
1712934934 39411 39411014 11 15 2 0 0 1 36 83 
1712934934 39423 39423000 13 15 0 0 0 1 2 132 
1712934934 39423 39423007 13 15 1 0 0 2 13 77 41 119 
1712934934 39423 39423014 13 15 2 0 0 2 40 52 41 120 
1712934934 39506 39506000 11 14 0 0 0 1 30 109 
1712934934 39506 39506007 11 14 1 0 0 2 25 11 26 111 
1712934934 39521 39521000 11 17 0 0 0 1 20 84 
1712934934 39521 39521007 11 17 1 0 0 1 6 90 
1712934934 39521 39521014 11 17 2 0 0 1 21 77 
1712934934 39545 39545000 10 17 0 0 0 1 12 114 
1712934934 39545 39545007 10 17 1 0 0 1 2 95 
1712934934 39722 39722000 12 14 0 0 0 1 24 101 
1712934934 39722 39722007 12 14 1 0 0 2 36 3 37 99 
1712934934 39722 39722014 12 14 2 0 0 1 30 89 
1712934934 39776 39776014 11 14 2 0 0 2 58 28 59 64 
1712934934 39799 39799000 14 13 0 0 0 1 8 134 
1712934934 39799 39799007 14 13 1 0 0 2 23 13 24 89 
1712934934 39799 39799014 14 13 2 0 0 1 44 143 
1712934934 39834 39834000 14 12 0 0 0 1 30 80 
1712934934 39834 39834007 14 12 1 0 0 2 41 42 42 153 
1712934934 39834 39834014 14 12 2 0 0 1 5 117 
1712934934 39865 39865000 10 13 0 0 0 1 49 100 
1712934934 39865 39865007 10 13 1 0 0 1 32 140 
1712934934 39865 39865014 10 13 2 0 0 1 11 99 
1712934934 39880 39880014 10 16 2 0 0 1 43 96 
1712934934 40006 40006000 11 16 0 0 0 2 33 3 34 116 
1712934934 40006 40006007 11 16 1 0 0 1 27 107 
1712934934 40046 40046000 11 14 0 0 0 1 35 69 
1712934934 40097 40097014 12 17 2 0 0 2 3 11 4 186 
1712934934 40220 40220007 10 14 1 0 0 1 56 114 
1712934934 40220 40220014 10 14 2 0 0 2 36 107 37 13 
1712934934 40344 40344000 14 12 0 0 0 1 28 87 
1712934934 40344 40344007 14 12 1 0 0 1 13 78 
1712934934 40344 40344014 14 12 2 0 0 1 33 89 
1712934934 40432 40432014 12 16 2 0 0 1 46 81 
1712934934 40659 40659000 14 15 0 0 0 1 25 98 
1712934934 40659 40659007 14 15 1 0 0 1 28 99 
1712934934 40659 40659014 14 15 2 0 0 1 26 76 
1712934934 40734 40734000 14 12 0 0 0 2 38 91 60 2 
1712934934 40734 40734007 14 12 1 0 0 1 11 84 
1712934934 40734 40734014 14 12 2 0 0 1 44 74 
1712934934 40771 40771000 11 13 0 0 0 2 16 8 17 101 
1712934934 40771 40771007 11 13 1 0 0 2 24 11 25 93 
1712934934 40832 40832000 12 14 0 0 0 2 30 44 31 32 
1712934934 40832 40832007 12 14 1 0 0 1 22 84 
1712934934 40832 40832014 12 14 2 0 0 2 43 215 44 5 
1712934934 40870 40870000 10 16 0 0 0 1 7 79 
1712934934 40870 40870007 10 16 1 0 0 2 40 94 41 26 
1712934934 40870 40870014 10 16 2 0 0 1 0 113 
1712934934 40897 40897000 12 13 0 0 0 1 51 84 
1712934934 40897 40897007 12 13 1 0 0 1 17 90 
1712934934 40897 40897014 12 13 2 0 0 1 50 96 
1712934934 40923 40923000 13 15 0 0 0 2 22 76 37 2 
1712934934 40923 40923007 13 15 1 0 0 1 37 93 
1712934934 40923 40923014 13 15 2 0 0 1 25 102 
1712934934 40952 40952000 12 14 0 0 0 1 24 87 
1712934934 40952 40952007 12 14 1 0 0 1 55 93 
1712934934 40952 40952014 12 14 2 0 0 2 8 94 9 14 
1712934934 41247 41247000 12 15 0 0 0 1 24 110 
1712934934 41247 41247007 12 15 1 0 0 1 25 91 
1712934934 41247 41247014 12 15 2 0 0 1 43 95 
1712934934 41326 41326000 11 16 0 0 0 2 50 32 51 135 
1712934934 41424 41424000 14 12 0 0 0 1 56 117 
1712934934 41424 41424007 14 12 1 0 0 1 56 82 
1712934934 41424 41424014 14 12 2 0 0 1 38 105 
1712934934 41456 41456000 11 14 0 0 0 1 37 117 
1712934934 41599 41599014 14 13 2 0 0 1 6 131 
1712934934 41674 41674007 14 16 1 0 0 2 2 42 3 80 
1712934934 41674 41674014 14 16 2 0 0 2 9 64 10 65 
1712934934 41776 41776000 11 16 0 0 0 1 18 88 
1712934934 41776 41776007 11 16 1 0 0 1 22 101 
1712934934 41776 41776014 11 16 2 0 0 1 30 88 
1712934934 41804 41804000 14 14 0 0 0 1 17 88 
1712934934 41814 41814000 14 12 0 0 0 1 17 126 
1712934934 41814 41814007 14 12 1 0 0 1 55 79 
1712934934 41814 41814014 14 12 2 0 0 1 28 78 
1712934934 41847 41847000 12 15 0 0 0 1 14 86 
1712934934 41847 41847007 12 15 1 0 0 2 5 33 6 42 
1712934934 41847 41847014 12 15 2 0 0 1 11 91 
1712934934 41908 41908000 13 16 0 0 0 2 17 1 22 139 
1712934934 41908 41908007 13 16 1 0 0 1 25 146 
1712934934 41908 41908014 13 16 2 0 0 2 54 47 55 58 
1712934934 41983 41983000 13 13 0 0 0 2 54 74 55 24 
1712934934 41999 41999014 14 17 2 0 0 2 38 13 39 89 
1712934934 42024 42024000 14 12 0 0 0 1 0 93 
1712934934 42024 42024007 14 12 1 0 0 1 14 89 
1712934934 42024 42024014 14 12 2 0 0 2 12 53 13 25 
1712934934 42135 42135000 10 15 0 0 0 2 8 71 9 42 
1712934934 42135 42135007 10 15 1 0 0 1 40 105 
1712934934 42135 42135014 10 15 2 0 0 2 51 20 52 81 
1712934934 42251 42251014 11 17 2 0 0 2 0 27 1 91 
1712934934 42284 42284000 14 14 0 0 0 2 15 8 16 107 
1712934934 42284 42284007 14 14 1 0 0 1 12 190 
1712934934 42409 42409000 14 13 0 0 0 1 42 134 
1712934934 42409 42409007 14 13 1 0 0 1 63 81 
1712934934 42484 42484000 14 16 0 0 0 1 25 84 
1712934934 42484 42484007 14 16 1 0 0 2 24 82 36 6 
1712934934 42484 42484014 14 16 2 0 0 1 32 104 
1712934934 42505 42505000 10 13 0 0 0 2 23 99 45 90 
1712934934 42505 42505007 10 13 1 0 0 1 37 113 
1712934934 42571 42571000 11 13 0 0 0 1 4 92 
1712934934 42571 42571007 11 13 1 0 0 2 11 74 12 25 
1712934934 42586 42586000 11 16 0 0 0 1 41 103 
1712934934 42586 42586007 11 16 1 0 0 1 45 122 
1712934934 42680 42680000 10 14 0 0 0 2 33 61 34 58 
1712934934 42680 42680007 10 14 1 0 0 1 36 84 
1712934934 42680 42680014 10 14 2 0 0 1 13 79 
1712934934 42682 42682007 12 16 1 0 0 1 25 169 
1712934934 42682 42682014 12 16 2 0 0 2 17 111 18 19 
1712934934 42776 42776000 11 14 0 0 0 2 47 90 48 9 
1712934934 42776 42776007 11 14 1 0 0 1 61 177 
1712934934 42843 42843007 13 15 1 0 0 2 40 111 41 15 
1712934934 42843 42843014 13 15 2 0 0 2 41 133 42 8 
1712934934 42875 42875000 10 17 0 0 0 1 12 89 
1712934934 42875 42875007 10 17 1 0 0 1 11 91 
1712934934 42875 42875014 10 17 2 0 0 1 13 97 
1712934934 42924 42924014 14 12 2 0 0 2 1 43 2 30 
1712934934 43010 43010014 10 14 2 0 0 1 62 118 
1712934934 43066 43066014 11 16 2 0 0 2 14 4 15 112 
1712934934 43103 43103000 13 17 0 0 0 1 35 126 
1712934934 43103 43103007 13 17 1 0 0 1 17 78 
1712934934 43103 43103014 13 17 2 0 0 1 21 98 
1712934934 43151 43151000 11 17 0 0 0 2 51 111 52 16 
1712934934 43151 43151007 11 17 1 0 0 1 38 108 
1712934934 43198 43198000 13 16 0 0 0 2 5 51 6 53 
1712934934 43232 43232007 12 14 1 0 0 1 15 165 
1712934934 43307 43307007 12 17 1 0 0 2 57 14 58 79 
1712934934 43307 43307014 12 17 2 0 0 1 47 99 
1712934934 43394 43394007 14 14 1 0 0 1 44 87 
1712934934 43394 43394014 14 14 2 0 0 2 41 87 42 11 
1712934934 43560 43560000 10 12 0 0 0 2 27 62 28 23 
1712934934 43560 43560007 10 12 1 0 0 1 25 76 
1712934934 43560 43560014 10 12 2 0 0 1 24 82 
1712934934 43577 43577007 12 17 1 0 0 1 62 93 
1712934934 43623 43623000 13 15 0 0 0 3 44 2 45 95 56 97 
1712934934 43623 43623007 13 15 1 0 0 1 43 86 
1712934934 43703 43703014 13 17 2 0 0 2 56 8 57 92 
1712934934 43718 43718014 13 14 2 0 0 1 28 120 
1712934934 43745 43745000 10 17 0 0 0 2 60 39 61 61 
1712934934 43935 43935014 10 15 2 0 0 1 48 111 
1712934934 44047 44047014 12 13 2 0 0 1 20 117 
1712934934 44116 44116000 11 16 0 0 0 1 57 130 
1712934934 44116 44116007 11 16 1 0 0 1 48 83 
1712934934 44116 44116014 11 16 2 0 0 1 60 94 
1712934934 44240 44240007 10 14 1 0 0 1 4 72 
1712934934 44240 44240014 10 14 2 0 0 1 2 118 
1712934934 44260 44260000 10 16 0 0 0 2 37 2 38 88 
1712934934 44260 44260007 10 16 1 0 0 2 16 51 17 59 
1712934934 44260 44260014 10 16 2 0 0 1 20 85 
1712934934 44263 44263000 13 13 0 0 0 2 20 118 21 22 
1712934934 44263 44263007 13 13 1 0 0 2 35 45 36 41 
1712934934 44263 44263014 13 13 2 0 0 1 7 117 
1712934934 44272 44272014 12 16 2 0 0 2 44 97 45 17 
1712934934 44386 44386014 11 16 2 0 0 2 59 32 60 95 
1712934934 44470 44470007 10 16 1 0 0 1 18 133 
1712934934 44470 44470014 10 16 2 0 0 2 35 140 36 9 
1712934934 44509 44509000 14 13 0 0 0 2 54 74 55 46 
1712934934 44509 44509007 14 13 1 0 0 1 31 122 
1712934934 44509 44509014 14 13 2 0 0 2 13 138 14 73 
1712934934 44655 44655000 10 15 0 0 0 2 54 50 55 47 
1712934934 44655 44655007 10 15 1 0 0 1 26 107 
1712934934 44655 44655014 10 15 2 0 0 1 50 99 
1712934934 44746 44746007 11 16 1 0 0 1 61 99 
1712934934 44773 44773000 13 13 0 0 0 2 20 61 21 36 
1712934934 44773 44773007 13 13 1 0 0 2 2 99 3 5 
1712934934 44841 44841000 11 15 0 0 0 2 53 79 54 35 
1712934934 44862 44862007 12 12 1 0 0 1 24 110 
1712934934 44862 44862014 12 12 2 0 0 1 43 102 
1712934934 44928 44928000 13 12 0 0 0 2 32 50 33 35 
1712934934 44928 44928007 13 12 1 0 0 1 39 94 
1712934934 44928 44928014 13 12 2 0 0 1 57 88 
1712934934 44947 44947000 12 13 0 0 0 2 1 23 2 81 
1712934934 44947 44947007 12 13 1 0 0 1 63 102 
1712934934 44947 44947014 12 13 2 0 0 2 50 34 51 74 
1712934934 44948 44948014 13 14 2 0 0 1 12 89 
1712934934 45051 45051007 11 15 1 0 0 1 1 97 
1712934934 45173 45173000 13 17 0 0 0 1 38 130 
1712934934 45173 45173007 13 17 1 0 0 1 59 120 
1712934934 45173 45173014 13 17 2 0 0 1 28 83 
1712934934 45222 45222000 12 12 0 0 0 2 23 81 24 39 
1712934934 45222 45222007 12 12 1 0 0 2 40 98 41 39 
1712934934 45241 45241014 11 13 2 0 0 1 15 129 
1712934934 45361 45361007 11 13 1 0 0 2 49 25 50 74 
1712934934 45361 45361014 11 13 2 0 0 1 46 35 
1712934934 45448 45448000 13 16 0 0 0 2 55 38 56 69 
1712934934 45448 45448007 13 16 1 0 0 1 24 150 
1712934934 45448 45448014 13 16 2 0 0 2 9 9 24 101 
1712934934 45526 45526000 11 16 0 0 0 1 34 86 
1712934934 45526 45526007 11 16 1 0 0 1 5 114 
1712934934 45549 45549000 14 15 0 0 0 2 13 67 14 17 
1712934934 45549 45549007 14 15 1 0 0 2 21 110 22 12 
1712934934 45549 45549014 14 15 2 0 0 1 0 87 
1712934934 45604 45604000 14 16 0 0 0 1 16 89 
1712934934 45832 45832007 12 16 1 0 0 2 50 99 51 6 
1712934934 45832 45832014 12 16 2 0 0 1 8 143 
1712934934 45983 45983007 13 17 1 0 0 1 42 85 
1712934934 45983 45983014 13 17 2 0 0 1 2 105 
1712934934 46057 46057000 12 13 0 0 0 1 61 93 
1712934934 46076 46076014 11 14 2 0 0 1 60 104 
1712934934 46079 46079000 14 17 0 0 0 1 17 102 
1712934934 46079 46079007 14 17 1 0 0 2 40 67 41 52 
1712934934 46083 46083014 13 15 2 0 0 2 1 2 2 90 
1712934934 46208 46208014 13 14 2 0 0 2 21 109 22 14 
1712934934 46235 46235000 10 17 0 0 0 1 58 88 
1712934934 46235 46235007 10 17 1 0 0 2 19 55 20 43 
1712934934 46235 46235014 10 17 2 0 0 1 56 111 
1712934934 46272 46272014 12 12 2 0 0 2 52 24 53 109 
1712934934 46339 46339000 14 13 0 0 0 1 26 79 
1712934934 46339 46339007 14 13 1 0 0 2 33 54 34 27 
1712934934 46339 46339014 14 13 2 0 0 2 36 52 37 33 
1712934934 46371 46371000 11 15 0 0 0 1 25 110 
1712934934 46371 46371007 11 15 1 0 0 1 56 102 
1712934934 46373 46373014 13 17 2 0 0 2 2 24 3 111 
1712934934 46416 46416014 11 12 2 0 0 2 36 55 37 72 
1712934934 46500 46500000 10 12 0 0 0 1 63 90 
1712934934 46500 46500007 10 12 1 0 0 2 42 124 43 2 
1712934934 46500 46500014 10 12 2 0 0 1 48 93 
1712934934 46504 46504000 14 16 0 0 0 1 45 100 
1712934934 46504 46504007 14 16 1 0 0 2 23 2 24 89 
1712934934 46504 46504014 14 16 2 0 0 2 10 49 11 40 
1712934934 46514 46514000 14 14 0 0 0 1 63 105 
1712934934 46514 46514007 14 14 1 0 0 2 29 11 30 92 
1712934934 46514 46514014 14 14 2 0 0 1 54 88 
1712934934 46534 46534007 14 16 1 0 0 1 60 115 
1712934934 46534 46534014 14 16 2 0 0 2 33 90 34 5 
1712934934 46577 46577007 12 17 1 0 0 2 46 4 47 105 
1712934934 46577 46577014 12 17 2 0 0 2 38 3 39 95 
1712934934 46694 46694000 14 14 0 0 0 1 54 102 
1712934934 46694 46694007 14 14 1 0 0 1 29 84 
1712934934 46694 46694014 14 14 2 0 0 1 27 94 
1712934934 46718 46718007 13 14 1 0 0 2 55 122 56 19 
1712934934 46818 46818014 13 12 2 0 0 1 61 135 
1712934934 47141 47141007 11 17 1 0 0 1 55 90 
1712934934 47141 47141014 11 17 2 0 0 2 46 69 47 26 
1712934934 47346 47346000 11 12 0 0 0 2 38 63 39 65 
1712934934 47346 47346007 11 12 1 0 0 1 23 100 
1712934934 47346 47346014 11 12 2 0 0 2 11 23 12 74 
1712934934 47404 47404014 14 16 2 0 0 1 45 85 
1712934934 47460 47460000 10 12 0 0 0 1 7 80 
1712934934 47460 47460007 10 12 1 0 0 1 22 134 
1712934934 47460 47460014 10 12 2 0 0 1 6 77 
1712934934 47483 47483000 13 17 0 0 0 1 9 85 
1712934934 47483 47483007 13 17 1 0 0 1 49 111 
1712934934 47483 47483014 13 17 2 0 0 1 9 105 
1712934934 47558 47558007 13 14 1 0 0 2 41 14 42 112 
1712934934 47558 47558014 13 14 2 0 0 2 47 56 48 44 
1712934934 47595 47595000 10 15 0 0 0 1 10 94 
1712934934 47595 47595007 10 15 1 0 0 2 17 19 18 67 
1712934934 47595 47595014 10 15 2 0 0 1 20 118 
1712934934 47671 47671000 11 13 0 0 0 1 0 94 
1712934934 47874 47874000 14 12 0 0 0 1 17 102 
1712934934 47874 47874007 14 12 1 0 0 1 10 163 
1712934934 47899 47899007 14 13 1 0 0 1 31 76 
1712934934 47899 47899014 14 13 2 0 0 1 12 81 
1712934934 47904 47904000 14 12 0 0 0 1 28 100 
1712934934 47904 47904007 14 12 1 0 0 1 23 93 
1712934934 47904 47904014 14 12 2 0 0 1 33 103 
1712934934 47976 47976000 11 12 0 0 0 1 24 88 
1712934934 47976 47976007 11 12 1 0 0 1 13 97 
1712934934 47976 47976014 11 12 2 0 0 1 24 78 
1712934934 48030 48030000 10 12 0 0 0 1 52 113 
1712934934 48030 48030007 10 12 1 0 0 1 21 84 
1712934934 48030 48030014 10 12 2 0 0 1 40 116 
1712934934 48204 48204000 14 12 0 0 0 1 50 139 
1712934934 48204 48204007 14 12 1 0 0 1 57 80 
1712934934 48204 48204014 14 12 2 0 0 1 45 75 
1712934934 48222 48222000 12 12 0 0 0 1 59 91 
1712934934 48283 48283007 13 13 1 0 0 2 4 80 5 4 
1712934934 48436 48436000 11 16 0 0 0 1 57 101 
1712934934 48436 48436007 11 16 1 0 0 1 6 86 
1712934934 48436 48436014 11 16 2 0 0 2 50 36 51 80 
1712934934 48451 48451000 11 13 0 0 0 1 23 92 
1712934934 48470 48470007 10 14 1 0 0 2 50 16 51 88 
1712934934 48470 48470014 10 14 2 0 0 1 53 98 
1712934934 48496 48496000 11 16 0 0 0 1 44 88 
1712934934 48496 48496007 11 16 1 0 0 1 45 137 
1712934934 48523 48523000 13 13 0 0 0 1 49 254 
1712934934 48560 48560014 10 14 2 0 0 2 22 141 23 20 
1712934934 48587 48587014 12 17 2 0 0 2 61 10 62 89 
1712934934 48619 48619000 14 13 0 0 0 1 12 46 
1712934934 48702 48702014 12 12 2 0 0 1 33 91 
1712934934 48731 48731000 11 17 0 0 0 2 39 77 40 14 
1712934934 48731 48731007 11 17 1 0 0 2 20 65 21 27 
1712934934 48731 48731014 11 17 2 0 0 1 18 97 
1712934934 48810 48810007 10 12 1 0 0 2 33 89 34 37 
1712934934 48810 48810014 10 12 2 0 0 2 23 35 24 104 
1712934934 48875 48875014 10 17 2 0 0 2 48 22 49 79 
1712934934 48927 48927000 12 15 0 0 0 1 51 121 
1712934934 48927 48927007 12 15 1 0 0 1 21 95 
1712934934 48970 48970014 10 16 2 0 0 1 25 85 
1712934934 49005 49005000 10 15 0 0 0 1 51 92 
1712934934 49005 49005007 10 15 1 0 0 2 60 78 61 37 
1712934934 49107 49107000 12 15 0 0 0 2 48 146 49 3 
1712934934 49123 49123014 13 13 2 0 0 2 40 19 41 144 
1712934934 49129 49129007 14 13 1 0 0 1 2 88 
1712934934 49129 49129014 14 13 2 0 0 1 58 80 
1712934934 49190 49190007 10 14 1 0 0 1 30 86 
1712934934 49190 49190014 10 14 2 0 0 1 56 95 
1712934934 49194 49194000 14 12 0 0 0 1 49 101 
1712934934 49434 49434014 14 12 2 0 0 2 51 38 52 71 
1712934934 49438 49438000 13 16 0 0 0 1 27 92 
1712934934 49438 49438007 13 16 1 0 0 2 41 75 42 18 
1712934934 49438 49438014 13 16 2 0 0 1 15 89 
1712934934 49460 49460007 10 14 1 0 0 2 0 46 1 86 
1712934934 49512 49512000 12 12 0 0 0 1 38 124 
1712934934 49512 49512007 12 12 1 0 0 1 51 111 
1712934934 49512 49512014 12 12 2 0 0 1 29 85 
1712934934 49516 49516007 11 16 1 0 0 1 6 109 
1712934934 49516 49516014 11 16 2 0 0 2 55 31 56 56 
1712934934 49566 49566014 11 12 2 0 0 2 20 32 21 77 
1712934934 49722 49722014 12 12 2 0 0 2 5 99 6 29 
1712934934 49818 49818014 13 12 2 0 0 2 26 79 27 26 
1712934934 49884 49884000 14 12 0 0 0 1 27 120 
1712934934 49884 49884007 14 12 1 0 0 2 43 9 44 107 
1712934934 49884 49884014 14 12 2 0 0 1 49 92 
1712934934 49905 49905014 10 15 2 0 0 1 59 162 
1712934934 49975 49975000 10 13 0 0 0 1 17 89 
1712934934 49975 49975007 10 13 1 0 0 2 51 13 52 75 
1712934934 49975 49975014 10 13 2 0 0 1 17 82 
1712934934 49995 49995007 10 15 1 0 0 1 31 83 
1712934934 49995 49995014 10 15 2 0 0 1 57 85 
1712934934 49996 49996000 11 16 0 0 0 1 47 94 
1712934934 49996 49996007 11 16 1 0 0 1 12 109 
1712934934 49996 49996014 11 16 2 0 0 1 34 79 
1712934934 50005 50005000 10 13 0 0 0 1 55 122 
1712934934 50068 50068000 13 16 0 0 0 2 46 80 47 23 
1712934934 50068 50068007 13 16 1 0 0 2 29 124 30 26 
1712934934 50068 50068014 13 16 2 0 0 1 33 125 
1712934934 50081 50081007 11 17 1 0 0 1 39 121 
1712934934 50081 50081014 11 17 2 0 0 2 30 57 31 65 
1712934934 50144 50144007 14 14 1 0 0 2 29 148 30 19 
1712934934 50144 50144014 14 14 2 0 0 2 29 2 30 111 
1712934934 50166 50166000 11 12 0 0 0 1 13 27 
1712934934 50166 50166007 11 12 1 0 0 1 36 109 
1712934934 50166 50166014 11 12 2 0 0 2 21 29 22 87 
1712934934 50221 50221007 11 13 1 0 0 1 46 147 
1712934934 50221 50221014 11 13 2 0 0 2 30 76 31 14 
1712934934 50231 50231000 11 17 0 0 0 1 28 126 
1712934934 50231 50231007 11 17 1 0 0 2 52 3 53 86 
1712934934 50242 50242007 12 16 1 0 0 2 14 78 15 61 
1712934934 50244 50244000 14 12 0 0 0 1 10 105 
1712934934 50244 50244007 14 12 1 0 0 1 38 85 
1712934934 50244 50244014 14 12 2 0 0 2 41 70 42 22 
1712934934 50264 50264000 14 14 0 0 0 2 5 57 6 20 
1712934934 50264 50264007 14 14 1 0 0 1 40 150 
1712934934 50264 50264014 14 14 2 0 0 1 25 120 
1712934934 50292 50292000 12 12 0 0 0 1 36 112 
1712934934 50292 50292007 12 12 1 0 0 2 9 54 10 47 
1712934934 50292 50292014 12 12 2 0 0 1 25 86 
1712934934 50307 50307000 12 15 0 0 0 1 38 89 
1712934934 50307 50307007 12 15 1 0 0 2 2 38 3 109 
1712934934 50467 50467000 12 13 0 0 0 1 39 86 
1712934934 50467 50467007 12 13 1 0 0 2 27 67 28 25 
1712934934 50467 50467014 12 13 2 0 0 2 52 70 53 20 
1712934934 50568 50568014 13 12 2 0 0 2 49 43 50 45 
1712934934 50685 50685014 10 15 2 0 0 1 47 108 
1712934934 50701 50701000 11 13 0 0 0 2 0 23 1 74 
1712934934 50729 50729014 14 17 2 0 0 1 50 78 
1712934934 50758 50758007 13 16 1 0 0 1 33 112 
1712934934 50758 50758014 13 16 2 0 0 1 32 146 
1712934934 50784 50784000 14 12 0 0 0 2 0 56 1 83 
1712934934 50784 50784007 14 12 1 0 0 2 52 169 53 62 
1712934934 50784 50784014 14 12 2 0 0 2 53 77 54 53 
1712934934 50889 50889014 14 15 2 0 0 1 6 41 
1712934934 51094 51094000 14 16 0 0 0 1 47 93 
1712934934 51094 51094007 14 16 1 0 0 1 61 78 
1712934934 51094 51094014 14 16 2 0 0 1 51 74 
1712934934 51146 51146000 11 14 0 0 0 2 46 63 47 32 
1712934934 51146 51146007 11 14 1 0 0 2 14 4 15 171 
1712934934 51168 51168014 13 12 2 0 0 1 54 117 
1712934934 51619 51619014 14 13 2 0 0 1 58 99 
1712934934 51626 51626007 11 14 1 0 0 1 58 111 
1712934934 51626 51626014 11 14 2 0 0 1 51 164 
1712934934 51682 51682000 12 16 0 0 0 1 41 113 
1712934934 51682 51682007 12 16 1 0 0 1 56 138 
1712934934 51909 51909000 14 15 0 0 0 1 4 80 
1712934934 51909 51909007 14 15 1 0 0 1 5 101 
1712934934 51969 51969000 14 15 0 0 0 2 25 71 26 39 
1712934934 51969 51969007 14 15 1 0 0 1 52 104 
1712934934 51987 51987000 12 15 0 0 0 1 27 133 
1712934934 51987 51987007 12 15 1 0 0 1 9 97 
1712934934 51987 51987014 12 15 2 0 0 1 28 117 
1712934934 52303 52303014 13 13 2 0 0 1 20 95 
1712934934 52518 52518000 13 12 0 0 0 2 19 87 34 21 
1712934934 52518 52518007 13 12 1 0 0 1 41 143 
1712934934 52540 52540000 10 16 0 0 0 3 51 15 59 73 60 32 
1712934934 52540 52540007 10 16 1 0 0 1 42 84 
1712934934 52540 52540014 10 16 2 0 0 1 39 123 
1712934934 52586 52586000 11 14 0 0 0 1 51 117 
1712934934 52586 52586007 11 14 1 0 0 1 43 91 
1712934934 52586 52586014 11 14 2 0 0 1 43 113 
1712934934 52621 52621000 11 13 0 0 0 2 48 105 49 89 
1712934934 52645 52645007 10 13 1 0 0 1 62 79 
1712934934 52645 52645014 10 13 2 0 0 1 42 85 
1712934934 52937 52937014 12 17 2 0 0 2 62 83 63 26 
1712934934 53018 53018014 13 14 2 0 0 2 11 52 12 76 
1712934934 53156 53156000 11 14 0 0 0 2 37 115 56 12 
1712934934 53156 53156007 11 14 1 0 0 1 6 96 
1712934934 53156 53156014 11 14 2 0 0 1 29 85 
1712934934 53362 53362007 12 16 1 0 0 1 25 129 
1712934934 53362 53362014 12 16 2 0 0 1 37 136 
1712934934 53402 53402000 12 14 0 0 0 1 36 94 
1712934934 53402 53402007 12 14 1 0 0 1 39 109 
1712934934 53402 53402014 12 14 2 0 0 1 26 76 
1712934934 53507 53507014 12 17 2 0 0 1 61 105 
1712934934 53508 53508000 13 12 0 0 0 1 63 58 
1712934934 53508 53508007 13 12 1 0 0 1 36 110 
1712934934 53508 53508014 13 12 2 0 0 2 42 31 43 57 
1712934934 53703 53703000 13 15 0 0 0 1 48 114 
1712934934 53703 53703007 13 15 1 0 0 1 24 96 
1712934934 53703 53703014 13 15 2 0 0 2 17 4 18 121 
1712934934 53736 53736000 11 12 0 0 0 2 29 24 30 174 
1712934934 53736 53736007 11 12 1 0 0 1 44 129 
1712934934 53782 53782000 12 16 0 0 0 1 59 80 
1712934934 53782 53782007 12 16 1 0 0 2 38 74 39 35 
1712934934 53782 53782014 12 16 2 0 0 1 44 95 
1712934934 53788 53788014 13 16 2 0 0 2 7 111 8 68 
1712934934 53885 53885000 10 17 0 0 0 1 24 83 
1712934934 53885 53885007 10 17 1 0 0 1 27 83 
1712934934 53885 53885014 10 17 2 0 0 1 40 99 
1712934934 54332 54332000 12 14 0 0 0 1 13 91 
1712934934 54336 54336007 11 12 1 0 0 1 61 93 
1712934934 54336 54336014 11 12 2 0 0 2 26 114 27 13 
1712934934 54407 54407000 12 17 0 0 0 2 38 82 39 52 
1712934934 54551 54551007 11 17 1 0 0 1 48 29 
1712934934 54633 54633000 13 15 0 0 0 1 9 104 
1712934934 54633 54633007 13 15 1 0 0 1 13 103 
1712934934 54633 54633014 13 15 2 0 0 2 37 84 38 5 
1712934934 54680 54680000 10 14 0 0 0 2 18 30 19 84 
1712934934 54680 54680007 10 14 1 0 0 1 21 113 
1712934934 54768 54768007 13 12 1 0 0 1 50 91 
1712934934 54768 54768014 13 12 2 0 0 1 43 169 
1712934934 54809 54809014 14 17 2 0 0 2 2 42 3 184 
1712934934 54812 54812000 12 14 0 0 0 3 13 23 18 185 19 44 
1712934934 54812 54812007 12 14 1 0 0 2 27 107 28 6 
1712934934 54812 54812014 12 14 2 0 0 1 15 106 
1712934934 54901 54901000 11 13 0 0 0 1 20 221 
1712934934 55047 55047000 12 15 0 0 0 1 2 110 
1712934934 55047 55047007 12 15 1 0 0 2 50 58 51 22 
1712934934 55047 55047014 12 15 2 0 0 1 9 82 
1712934934 55071 55071000 11 15 0 0 0 1 30 90 
1712934934 55287 55287007 12 15 1 0 0 2 22 3 23 127 
1712934934 55287 55287014 12 15 2 0 0 2 25 83 26 99 
1712934934 55389 55389007 14 15 1 0 0 2 37 192 38 69 
1712934934 55389 55389014 14 15 2 0 0 1 22 133 
1712934934 55457 55457000 12 17 0 0 0 2 54 116 55 71 
1712934934 55457 55457007 12 17 1 0 0 2 15 72 16 68 
1712934934 55457 55457014 12 17 2 0 0 1 62 80 
1712934934 55502 55502007 12 14 1 0 0 2 45 98 46 34 
1712934934 55502 55502014 12 14 2 0 0 1 30 105 
1712934934 55523 55523007 13 17 1 0 0 1 32 129 
1712934934 55523 55523014 13 17 2 0 0 1 25 98 
1712934934 55747 55747007 12 13 1 0 0 2 15 66 16 51 
1712934934 55762 55762000 12 16 0 0 0 1 0 82 
1712934934 55953 55953014 13 15 2 0 0 2 8 72 9 43 
1712934934 55980 55980000 10 12 0 0 0 2 44 92 45 10 
1712934934 55980 55980007 10 12 1 0 0 3 21 59 22 49 30 38 
1712934934 55980 55980014 10 12 2 0 0 2 9 34 10 90 
1712934934 56120 56120007 10 14 1 0 0 2 57 95 59 4 
1712934934 56120 56120014 10 14 2 0 0 2 54 5 55 104 
1712934934 56189 56189014 14 17 2 0 0 2 6 60 7 83 
1712934934 56230 56230000 10 16 0 0 0 1 19 131 
1712934934 56230 56230007 10 16 1 0 0 2 28 101 29 31 
1712934934 56230 56230014 10 16 2 0 0 1 36 87 
1712934934 56259 56259014 14 15 2 0 0 1 18 104 
1712934934 56352 56352000 12 12 0 0 0 2 27 13 28 83 
1712934934 56352 56352007 12 12 1 0 0 1 9 97 
1712934934 56357 56357007 12 17 1 0 0 1 1 96 
1712934934 56357 56357014 12 17 2 0 0 1 5 84 
1712934934 56359 56359000 14 13 0 0 0 1 7 96 
1712934934 56459 56459000 14 17 0 0 0 1 16 79 
1712934934 56459 56459007 14 17 1 0 0 2 42 161 43 27 
1712934934 56459 56459014 14 17 2 0 0 1 32 79 
1712934934 56488 56488000 13 16 0 0 0 2 62 42 63 60 
1712934934 56488 56488007 13 16 1 0 0 1 34 86 
1712934934 56488 56488014 13 16 2 0 0 1 41 86 
1712934934 56510 56510000 10 14 0 0 0 1 42 88 
1712934934 56510 56510007 10 14 1 0 0 1 3 115 
1712934934 56510 56510014 10 14 2 0 0 1 34 111 
1712934934 56657 56657000 12 17 0 0 0 2 17 129 18 21 
1712934934 56657 56657007 12 17 1 0 0 1 51 101 
1712934934 56657 56657014 12 17 2 0 0 1 5 82 
1712934934 56731 56731000 11 13 0 0 0 2 17 51 18 37 
1712934934 56731 56731007 11 13 1 0 0 2 34 84 35 6 
1712934934 56731 56731014 11 13 2 0 0 1 44 138 
1712934934 56750 56750007 10 14 1 0 0 2 50 70 51 46 
1712934934 56750 56750014 10 14 2 0 0 2 13 129 14 4 
1712934934 56793 56793000 13 15 0 0 0 2 3 71 4 49 
1712934934 56799 56799000 14 15 0 0 0 1 12 100 
1712934934 56938 56938007 13 16 1 0 0 1 63 86 
1712934934 56938 56938014 13 16 2 0 0 1 37 101 
1712934934 57109 57109000 14 13 0 0 0 2 41 76 42 20 
1712934934 57109 57109007 14 13 1 0 0 1 55 84 
1712934934 57109 57109014 14 13 2 0 0 1 59 119 
1712934934 57216 57216007 11 12 1 0 0 1 0 75 
1712934934 57216 57216014 11 12 2 0 0 2 42 42 43 78 
1712934934 57326 57326000 11 14 0 0 0 2 16 64 17 53 
1712934934 57326 57326007 11 14 1 0 0 1 9 100 
1712934934 57329 57329000 14 17 0 0 0 1 19 128 
1712934934 57329 57329007 14 17 1 0 0 2 38 16 39 107 
1712934934 57514 57514014 14 16 2 0 0 1 7 106 
1712934934 57534 57534000 14 12 0 0 0 1 9 97 
1712934934 57534 57534007 14 12 1 0 0 2 32 68 33 25 
1712934934 57534 57534014 14 12 2 0 0 1 23 96 
1712934934 57572 57572000 12 14 0 0 0 1 58 154 
1712934934 57572 57572007 12 14 1 0 0 1 58 82 
1712934934 57572 57572014 12 14 2 0 0 2 59 74 60 11 
1712934934 57611 57611007 11 17 1 0 0 1 4 113 
1712934934 57611 57611014 11 17 2 0 0 2 40 2 41 110 
1712934934 57754 57754000 14 16 0 0 0 2 61 84 62 23 
1712934934 57754 57754007 14 16 1 0 0 2 25 124 26 17 
1712934934 57754 57754014 14 16 2 0 0 2 16 99 17 16 
1712934934 58005 58005000 10 15 0 0 0 3 41 10 54 86 55 37 
1712934934 58026 58026000 11 12 0 0 0 2 41 12 42 75 
1712934934 58026 58026007 11 12 1 0 0 2 9 80 10 41 
1712934934 58026 58026014 11 12 2 0 0 1 61 70 
1712934934 58094 58094000 14 14 0 0 0 2 52 8 53 81 
1712934934 58094 58094007 14 14 1 0 0 1 55 101 
1712934934 58094 58094014 14 14 2 0 0 1 61 82 
1712934934 58120 58120007 10 16 1 0 0 2 46 7 47 155 
1712934934 58120 58120014 10 16 2 0 0 1 15 121 
1712934934 58145 58145000 10 17 0 0 0 1 45 96 
1712934934 58145 58145007 10 17 1 0 0 1 29 123 
1712934934 58145 58145014 10 17 2 0 0 1 29 88 
1712934934 58279 58279007 14 13 1 0 0 2 53 45 54 47 
1712934934 58279 58279014 14 13 2 0 0 1 56 101 
1712934934 58313 58313014 13 17 2 0 0 1 48 96 
1712934934 58317 58317014 12 15 2 0 0 1 63 108 
1712934934 58324 58324007 14 16 1 0 0 1 63 35 
1712934934 58324 58324014 14 16 2 0 0 1 2 86 
1712934934 58402 58402000 12 16 0 0 0 1 61 7 
1712934934 58456 58456014 11 16 2 0 0 2 16 133 17 17 
1712934934 58522 58522014 12 16 2 0 0 1 36 77 
1712934934 58601 58601000 11 17 0 0 0 1 16 110 
1712934934 58601 58601007 11 17 1 0 0 2 53 57 54 31 
1712934934 58643 58643014 13 17 2 0 0 2 60 52 61 31 
1712934934 58802 58802000 12 14 0 0 0 1 23 123 
1712934934 58802 58802007 12 14 1 0 0 2 39 97 40 42 
1712934934 58884 58884000 14 12 0 0 0 2 26 16 27 91 
1712934934 58884 58884007 14 12 1 0 0 2 30 57 31 51 
1712934934 58884 58884014 14 12 2 0 0 2 2 72 3 131 
1712934934 59224 59224000 14 16 0 0 0 3 9 114 15 18 16 87 
1712934934 59224 59224007 14 16 1 0 0 1 15 100 
1712934934 59267 59267014 12 17 2 0 0 1 63 21 
1712934934 59280 59280000 10 12 0 0 0 1 52 97 
1712934934 59280 59280007 10 12 1 0 0 2 19 38 20 95 
1712934934 59280 59280014 10 12 2 0 0 1 60 104 
1712934934 59358 59358000 13 12 0 0 0 2 12 91 13 8 
1712934934 59421 59421000 11 15 0 0 0 1 34 84 
1712934934 59421 59421007 11 15 1 0 0 1 51 125 
1712934934 59421 59421014 11 15 2 0 0 1 15 87 
1712934934 59444 59444007 14 14 1 0 0 2 52 36 53 77 
1712934934 59444 59444014 14 14 2 0 0 1 39 104 
1712934934 59473 59473000 13 13 0 0 0 3 19 25 20 14 33 86 
1712934934 59473 59473007 13 13 1 0 0 1 13 83 
1712934934 59473 59473014 13 13 2 0 0 1 42 77 
1712934934 59495 59495000 10 17 0 0 0 1 0 83 
1712934934 59495 59495007 10 17 1 0 0 1 55 80 
1712934934 59495 59495014 10 17 2 0 0 1 0 85 
1712934934 59607 59607000 12 15 0 0 0 1 7 112 
1712934934 59627 59627014 12 17 2 0 0 2 19 97 20 23 
1712934934 59629 59629000 14 13 0 0 0 1 20 88 
1712934934 59629 59629007 14 13 1 0 0 1 3 98 
1712934934 59632 59632014 12 16 2 0 0 1 11 143 
1712934934 59652 59652000 12 12 0 0 0 1 21 83 
1712934934 59652 59652007 12 12 1 0 0 1 42 89 
1712934934 59652 59652014 12 12 2 0 0 1 19 77 
1712934934 59729 59729014 14 17 2 0 0 1 63 86 
1712934934 59822 59822007 12 14 1 0 0 2 3 6 4 87 
1712934934 59822 59822014 12 14 2 0 0 2 2 142 3 13 
1712934934 59894 59894007 14 14 1 0 0 2 7 88 8 21 
1712934934 59894 59894014 14 14 2 0 0 2 24 77 25 26 
1712934934 59913 59913000 13 15 0 0 0 3 0 87 1 90 7 14 
1712934934 59913 59913007 13 15 1 0 0 1 42 130 
1712934934 59913 59913014 13 15 2 0 0 2 39 72 40 33 
1712934934 60023 60023007 13 17 1 0 0 2 43 69 44 33 
1712934934 60023 60023014 13 17 2 0 0 2 9 81 10 23 
1712934934 60111 60111000 11 15 0 0 0 1 58 86 
1712934934 60111 60111007 11 15 1 0 0 1 18 95 
1712934934 60111 60111014 11 15 2 0 0 1 57 80 
1712934934 60443 60443000 13 17 0 0 0 2 43 83 44 138 
1712934934 60443 60443007 13 17 1 0 0 2 20 69 21 35 
1712934934 60443 60443014 13 17 2 0 0 1 54 122 
1712934934 60558 60558000 13 12 0 0 0 1 33 110 
1712934934 60558 60558007 13 12 1 0 0 2 9 60 10 23 
1712934934 60558 60558014 13 12 2 0 0 1 52 98 
1712934934 60604 60604000 14 16 0 0 0 1 41 108 
1712934934 60604 60604007 14 16 1 0 0 1 10 91 
1712934934 60604 60604014 14 16 2 0 0 2 56 18 57 68 
1712934934 60725 60725000 10 17 0 0 0 1 62 87 
1712934934 60809 60809000 14 17 0 0 0 2 24 84 25 13 
1712934934 60910 60910000 10 16 0 0 0 2 24 35 25 98 
1712934934 60910 60910007 10 16 1 0 0 1 29 109 
1712934934 60996 60996007 11 12 1 0 0 1 62 101 
1712934934 61001 61001000 11 17 0 0 0 3 34 7 35 178 36 86 
1712934934 61001 61001007 11 17 1 0 0 2 29 32 30 75 
1712934934 61001 61001014 11 17 2 0 0 1 9 146 
1712934934 61132 61132007 12 16 1 0 0 1 8 103 
1712934934 61132 61132014 12 16 2 0 0 1 31 104 
1712934934 61284 61284007 14 12 1 0 0 2 4 70 5 23 
1712934934 61284 61284014 14 12 2 0 0 2 1 49 2 96 
1712934934 61303 61303000 13 13 0 0 0 2 45 56 46 52 
1712934934 61496 61496000 11 14 0 0 0 1 26 76 
1712934934 61496 61496007 11 14 1 0 0 2 6 69 7 10 
1712934934 61496 61496014 11 14 2 0 0 1 24 125 
1712934934 61521 61521000 11 15 0 0 0 2 62 16 63 110 
1712934934 61530 61530000 10 12 0 0 0 1 45 214 
1712934934 61530 61530007 10 12 1 0 0 2 28 40 29 118 
1712934934 61548 61548000 13 12 0 0 0 1 26 117 
1712934934 61548 61548007 13 12 1 0 0 1 63 83 
1712934934 61583 61583000 13 17 0 0 0 2 41 63 42 29 
1712934934 61583 61583007 13 17 1 0 0 1 50 85 
1712934934 61583 61583014 13 17 2 0 0 3 26 89 58 81 59 9 
1712934934 61853 61853014 13 17 2 0 0 1 0 104 
1712934934 61870 61870000 10 16 0 0 0 1 24 109 
1712934934 61870 61870007 10 16 1 0 0 2 26 98 27 6 
1712934934 61870 61870014 10 16 2 0 0 2 47 46 48 68 
1712934934 62011 62011000 11 13 0 0 0 2 37 2 42 119 
1712934934 62011 62011007 11 13 1 0 0 2 31 36 32 75 
1712934934 62011 62011014 11 13 2 0 0 1 42 89 
1712934934 62078 62078000 13 14 0 0 0 1 36 146 
1712934934 62078 62078007 13 14 1 0 0 2 55 44 56 33 
1712934934 62078 62078014 13 14 2 0 0 1 31 82 
1712934934 62101 62101000 11 13 0 0 0 1 47 93 
1712934934 62101 62101007 11 13 1 0 0 1 61 102 
1712934934 62270 62270000 10 14 0 0 0 2 20 39 21 124 
1712934934 62270 62270007 10 14 1 0 0 2 58 131 59 28 
1712934934 62390 62390007 10 14 1 0 0 1 11 82 
1712934934 62390 62390014 10 14 2 0 0 1 56 91 
1712934934 62600 62600014 10 14 2 0 0 2 57 155 58 45 
1712934934 62605 62605000 10 13 0 0 0 1 39 146 
1712934934 62605 62605007 10 13 1 0 0 2 32 51 33 68 
1712934934 62605 62605014 10 13 2 0 0 2 13 100 14 31 
1712934934 62612 62612014 12 14 2 0 0 1 59 121 
1712934934 62660 62660000 10 14 0 0 0 1 15 111 
1712934934 62660 62660014 10 14 2 0 0 1 26 37 
1712934934 62683 62683000 13 13 0 0 0 1 11 252 
1712934934 62683 62683007 13 13 1 0 0 2 26 11 27 92 
1712934934 62716 62716000 11 16 0 0 0 1 34 84 
1712934934 62716 62716007 11 16 1 0 0 1 13 130 
1712934934 62716 62716014 11 16 2 0 0 1 40 85 
1712934934 62932 62932000 12 16 0 0 0 2 4 71 5 37 
1712934934 62932 62932007 12 16 1 0 0 1 33 86 
1712934934 62932 62932014 12 16 2 0 0 2 36 81 37 43 
1712934934 62936 62936000 11 14 0 0 0 1 12 112 
1712934934 63129 63129000 14 15 0 0 0 2 16 60 17 45 
1712934934 63167 63167000 12 17 0 0 0 2 49 82 50 58 
1712934934 63205 63205000 10 13 0 0 0 2 45 79 46 49 
1712934934 63205 63205007 10 13 1 0 0 1 2 126 
1712934934 63222 63222014 12 12 2 0 0 1 20 123 
1712934934 63467 63467000 12 17 0 0 0 1 59 218 
1712934934 63572 63572000 12 14 0 0 0 1 5 135 
1712934934 63572 63572007 12 14 1 0 0 2 48 77 49 32 
1712934934 63572 63572014 12 14 2 0 0 1 3 102 
1712934934 63666 63666000 11 12 0 0 0 1 17 87 
1712934934 63666 63666007 11 12 1 0 0 1 11 121 
1712934934 63666 63666014 11 12 2 0 0 1 21 100 
1712934934 63777 63777000 12 15 0 0 0 1 12 80 
1712934934 63777 63777007 12 15 1 0 0 1 39 82 
1712934934 63777 63777014 12 15 2 0 0 1 27 90 
1712934934 63788 63788014 13 14 2 0 0 2 54 13 55 80 
1712934934 63796 63796014 11 16 2 0 0 2 17 53 18 59 
1712934934 63847 63847000 12 13 0 0 0 2 2 147 3 5 
1712934934 63847 63847007 12 13 1 0 0 2 19 12 20 74 
1712934934 63847 63847014 12 13 2 0 0 1 22 91 
1712934934 63887 63887000 12 17 0 0 0 1 13 127 
1712934934 63934 63934014 14 16 2 0 0 1 14 101 
1712934934 64139 64139000 14 17 0 0 0 1 62 88 
1712934934 64234 64234014 14 16 2 0 0 1 33 104 
1712934934 64247 64247000 12 17 0 0 0 3 20 37 21 59 29 84 
1712934934 64247 64247007 12 17 1 0 0 3 34 114 46 91 47 17 
1712934934 64247 64247014 12 17 2 0 0 1 38 83 
1712934934 64259 64259000 14 17 0 0 0 1 55 78 
1712934934 64259 64259007 14 17 1 0 0 1 19 109 
1712934934 64259 64259014 14 17 2 0 0 1 53 79 
1712934934 64342 64342007 12 16 1 0 0 1 28 32 
1712934934 64342 64342014 12 16 2 0 0 1 16 109 
1712934934 64401 64401000 11 15 0 0 0 1 47 90 
1712934934 64401 64401007 11 15 1 0 0 1 52 81 
1712934934 64401 64401014 11 15 2 0 0 1 32 138 
1712934934 64575 64575000 10 15 0 0 0 1 35 131 
1712934934 64609 64609007 14 13 1 0 0 1 41 76 
1712934934 64609 64609014 14 13 2 0 0 1 56 101 
1712934934 64778 64778000 13 14 0 0 0 2 26 6 27 114 
1712934934 64778 64778007 13 14 1 0 0 3 40 82 42 38 43 84 
1712934934 64778 64778014 13 14 2 0 0 1 20 100 
1712934934 64784 64784000 14 14 0 0 0 1 7 108 
1712934934 64784 64784007 14 14 1 0 0 1 11 87 
1712934934 64784 64784014 14 14 2 0 0 1 37 104 
1712934934 64876 64876000 11 16 0 0 0 1 33 87 
1712934934 64876 64876007 11 16 1 0 0 2 5 82 6 3 
1712934934 64981 64981014 11 13 2 0 0 2 55 71 56 45 
1712934934 65050 65050014 10 16 2 0 0 1 49 19 
1712934934 65086 65086014 11 16 2 0 0 1 9 87 
1712934934 65160 65160014 10 12 2 0 0 1 30 91 
1712934934 65208 65208000 13 12 0 0 0 2 1 82 23 27 
1712934934 65208 65208007 13 12 1 0 0 1 18 88 
1712934934 65208 65208014 13 12 2 0 0 1 5 82 
1712934934 65221 65221014 11 13 2 0 0 1 2 101 
1712934934 65252 65252000 12 14 0 0 0 2 41 53 42 82 
1712934934 65252 65252007 12 14 1 0 0 1 60 123 
1712934934 65252 65252014 12 14 2 0 0 1 62 25 
1712934934 65286 65286014 11 12 2 0 0 2 43 18 44 99 
1712934934 65357 65357000 12 17 0 0 0 2 29 41 30 111 
1712934934 65357 65357007 12 17 1 0 0 2 38 8 39 107 
1712934934 65416 65416007 11 16 1 0 0 1 12 96 
1712934934 65416 65416014 11 16 2 0 0 1 50 93 
1712934934 65453 65453014 13 17 2 0 0 1 17 104 
1712934934 65593 65593000 13 13 0 0 0 1 6 107 
1712934934 65593 65593007 13 13 1 0 0 1 46 102 
1712934934 65593 65593014 13 13 2 0 0 2 16 19 17 75 
1712934934 65760 65760000 10 12 0 0 0 2 57 2 58 101 
1712934934 65760 65760007 10 12 1 0 0 1 5 81 
1712934934 65829 65829000 14 15 0 0 0 1 21 95 
1712934934 65829 65829007 14 15 1 0 0 1 29 101 
1712934934 65829 65829014 14 15 2 0 0 1 21 96 
1712934934 65866 65866000 11 16 0 0 0 3 20 43 21 73 33 56 
1712934934 65866 65866007 11 16 1 0 0 2 2 67 3 38 
1712934934 65901 65901007 11 15 1 0 0 1 12 102 
1712934934 65901 65901014 11 15 2 0 0 2 26 98 27 41 
1712934934 65950 65950000 10 16 0 0 0 1 32 141 
1712934934 65950 65950007 10 16 1 0 0 1 11 91 
1712934934 65950 65950014 10 16 2 0 0 1 45 97 
1712934934 65965 65965000 10 13 0 0 0 1 40 129 
1712934934 65965 65965007 10 13 1 0 0 2 10 71 11 49 
1712934934 66017 66017000 12 17 0 0 0 1 58 102 
1712934934 66017 66017007 12 17 1 0 0 1 13 85 
1712934934 66017 66017014 12 17 2 0 0 1 60 129 
1712934934 66121 66121000 11 13 0 0 0 1 1 91 
1712934934 66121 66121007 11 13 1 0 0 2 39 138 40 51 
1712934934 66121 66121014 11 13 2 0 0 2 31 38 32 132 
1712934934 66167 66167007 12 17 1 0 0 1 33 94 
1712934934 66167 66167014 12 17 2 0 0 1 56 86 
1712934934 66215 66215014 10 17 2 0 0 1 12 89 
1712934934 66421 66421000 11 13 0 0 0 1 48 122 
1712934934 66525 66525007 10 15 1 0 0 2 54 62 55 35 
1712934934 66525 66525014 10 15 2 0 0 1 0 97 
1712934934 66661 66661000 11 13 0 0 0 2 5 47 6 57 
1712934934 66661 66661007 11 13 1 0 0 1 19 83 
1712934934 66661 66661014 11 13 2 0 0 1 25 90 
1712934934 66969 66969014 14 15 2 0 0 1 11 89 
1712934934 67059 67059000 14 15 0 0 0 1 54 84 
1712934934 67059 67059007 14 15 1 0 0 1 29 92 
1712934934 67059 67059014 14 15 2 0 0 1 41 125 
1712934934 67130 67130014 10 14 2 0 0 1 2 90 
1712934934 67281 67281007 11 15 1 0 0 1 1 107 
1712934934 67505 67505014 10 17 2 0 0 2 0 57 1 64 
1712934934 67701 67701000 11 15 0 0 0 1 21 106 
1712934934 67701 67701007 11 15 1 0 0 2 49 45 50 57 
1712934934 67701 67701014 11 15 2 0 0 1 24 85 
1712934934 67713 67713007 13 15 1 0 0 1 16 82 
1712934934 67713 67713014 13 15 2 0 0 1 4 84 
1712934934 67959 67959000 14 15 0 0 0 1 63 52 
1712934934 68012 68012007 12 14 1 0 0 1 4 92 
1712934934 68012 68012014 12 14 2 0 0 1 4 112 
1712934934 68252 68252000 12 14 0 0 0 1 58 79 
1712934934 68252 68252007 12 14 1 0 0 1 27 80 
1712934934 68252 68252014 12 14 2 0 0 2 60 85 61 22 
1712934934 68377 68377007 12 13 1 0 0 3 17 18 18 133 35 30 
1712934934 68377 68377014 12 13 2 0 0 2 28 76 29 83 
1712934934 68429 68429000 14 17 0 0 0 1 26 90 
1712934934 68429 68429007 14 17 1 0 0 1 58 93 
1712934934 68429 68429014 14 17 2 0 0 1 28 157 
1712934934 68482 68482000 12 16 0 0 0 1 51 83 
1712934934 68482 68482007 12 16 1 0 0 1 45 79 
1712934934 68482 68482014 12 16 2 0 0 1 44 81 
1712934934 68495 68495000 10 17 0 0 0 1 26 107 
1712934934 68495 68495007 10 17 1 0 0 1 36 155 
1712934934 68495 68495014 10 17 2 0 0 1 21 80 
1712934934 68570 68570007 10 14 1 0 0 1 40 101 
1712934934 68570 68570014 10 14 2 0 0 2 39 76 40 38 
1712934934 68581 68581007 11 13 1 0 0 1 0 87 
1712934934 68581 68581014 11 13 2 0 0 1 49 93 
1712934934 68602 68602000 12 16 0 0 0 1 0 77 
1712934934 68874 68874007 14 12 1 0 0 2 3 127 4 19 
1712934934 68891 68891000 11 17 0 0 0 1 48 125 
1712934934 68958 68958014 13 12 2 0 0 1 14 100 
1712934934 69195 69195000 10 15 0 0 0 3 28 134 33 7 34 16 
1712934934 69195 69195007 10 15 1 0 0 3 37 86 51 91 52 10 
1712934934 69195 69195014 10 15 2 0 0 1 30 91 
1712934934 69317 69317000 12 17 0 0 0 1 61 106 
1712934934 69317 69317007 12 17 1 0 0 2 1 12 2 64 
1712934934 69477 69477014 12 15 2 0 0 1 6 104 
1712934934 69483 69483000 13 15 0 0 0 1 56 66 
1712934934 69714 69714000 14 12 0 0 0 1 44 75 
1712934934 69714 69714007 14 12 1 0 0 1 35 75 
1712934934 69714 69714014 14 12 2 0 0 1 47 76 
1712934934 69870 69870000 10 12 0 0 0 1 31 101 
1712934934 69870 69870007 10 12 1 0 0 1 48 85 
1712934934 69870 69870014 10 12 2 0 0 1 27 86 
1712934934 69905 69905007 10 17 1 0 0 2 51 85 52 62 
1712934934 69905 69905014 10 17 2 0 0 2 30 102 31 47 
1712934934 69910 69910014 10 16 2 0 0 2 56 28 57 79 
1712934934 70166 70166007 11 14 1 0 0 1 0 54 
1712934934 70222 70222000 12 16 0 0 0 1 43 103 
1712934934 70222 70222007 12 16 1 0 0 2 24 1 25 92 
1712934934 70222 70222014 12 16 2 0 0 1 56 110 
1712934934 70321 70321000 11 13 0 0 0 1 52 123 
1712934934 70360 70360000 10 16 0 0 0 1 9 86 
1712934934 70360 70360007 10 16 1 0 0 2 14 21 15 57 
1712934934 70360 70360014 10 16 2 0 0 1 18 89 
1712934934 70431 70431000 11 15 0 0 0 3 28 141 29 40 30 46 
1712934934 70431 70431007 11 15 1 0 0 1 18 107 
1712934934 70431 70431014 11 15 2 0 0 2 58 111 59 22 
1712934934 70518 70518000 13 12 0 0 0 2 59 27 60 89 
1712934934 70559 70559000 14 17 0 0 0 1 47 105 
1712934934 70559 70559007 14 17 1 0 0 1 45 92 
1712934934 70559 70559014 14 17 2 0 0 1 50 76 
1712934934 70583 70583007 13 17 1 0 0 1 63 105 
1712934934 70667 70667000 12 17 0 0 0 1 2 93 
1712934934 70667 70667007 12 17 1 0 0 2 45 89 46 20 
1712934934 70667 70667014 12 17 2 0 0 1 8 88 
1712934934 70813 70813014 13 13 2 0 0 1 27 109 
1712934934 70848 70848000 13 12 0 0 0 1 62 84 
1712934934 70909 70909014 14 13 2 0 0 1 31 11 
1712934934 70933 70933000 13 13 0 0 0 1 26 109 
1712934934 70933 70933007 13 13 1 0 0 2 31 78 32 39 
1712934934 70933 70933014 13 13 2 0 0 1 19 151 
1712934934 70957 70957000 12 13 0 0 0 1 48 88 
1712934934 70957 70957007 12 13 1 0 0 1 46 80 
1712934934 70957 70957014 12 13 2 0 0 1 49 84 
1712934934 71293 71293000 13 13 0 0 0 2 48 13 49 89 
1712934934 71362 71362000 12 16 0 0 0 1 33 79 
1712934934 71362 71362007 12 16 1 0 0 1 1 80 
1712934934 71421 71421014 11 15 2 0 0 1 5 89 
1712934934 71543 71543000 13 17 0 0 0 1 3 91 
1712934934 71543 71543007 13 17 1 0 0 2 24 48 25 64 
1712934934 71545 71545014 10 13 2 0 0 2 18 92 19 20 
1712934934 71634 71634000 14 12 0 0 0 1 63 98 
1712934934 71683 71683007 13 13 1 0 0 1 63 107 
1712934934 71704 71704014 14 16 2 0 0 1 58 101 
1712934934 71780 71780000 10 14 0 0 0 1 30 86 
1712934934 71780 71780007 10 14 1 0 0 1 60 91 
1712934934 71780 71780014 10 14 2 0 0 2 10 150 11 15 
1712934934 72021 72021007 11 15 1 0 0 2 60 106 61 73 
1712934934 72021 72021014 11 15 2 0 0 1 43 80 
1712934934 72035 72035000 10 17 0 0 0 1 40 114 
1712934934 72035 72035007 10 17 1 0 0 1 21 129 
1712934934 72035 72035014 10 17 2 0 0 2 13 78 14 15 
1712934934 72087 72087007 12 15 1 0 0 2 0 1 1 112 
1712934934 72087 72087014 12 15 2 0 0 2 59 5 60 153 
1712934934 72157 72157000 12 13 0 0 0 1 17 101 
1712934934 72157 72157007 12 13 1 0 0 1 15 103 
1712934934 72157 72157014 12 13 2 0 0 1 11 102 
1712934934 72273 72273000 13 15 0 0 0 1 40 89 
1712934934 72273 72273007 13 15 1 0 0 1 16 99 
1712934934 72273 72273014 13 15 2 0 0 2 10 76 11 15 
1712934934 72280 72280007 10 16 1 0 0 2 58 64 59 30 
1712934934 72280 72280014 10 16 2 0 0 1 58 107 
1712934934 72388 72388007 13 16 1 0 0 1 1 134 
1712934934 72388 72388014 13 16 2 0 0 2 43 21 44 156 
1712934934 72416 72416007 11 14 1 0 0 1 21 96 
1712934934 72416 72416014 11 14 2 0 0 2 23 84 24 24 
1712934934 72502 72502014 12 16 2 0 0 1 22 108 
1712934934 72513 72513000 13 15 0 0 0 1 34 113 
1712934934 72513 72513007 13 15 1 0 0 1 15 88 
1712934934 72513 72513014 13 15 2 0 0 1 40 94 
1712934934 72516 72516014 11 12 2 0 0 2 22 48 23 67 
1712934934 72611 72611000 11 17 0 0 0 1 23 126 
1712934934 72611 72611007 11 17 1 0 0 2 40 44 41 68 
1712934934 72644 72644014 14 14 2 0 0 1 0 144 
1712934934 72709 72709014 14 13 2 0 0 1 53 124 
1712934934 72753 72753007 13 15 1 0 0 1 62 100 
1712934934 72793 72793000 13 13 0 0 0 1 32 99 
1712934934 72793 72793007 13 13 1 0 0 1 3 83 
1712934934 72825 72825014 10 15 2 0 0 1 5 82 
1712934934 72843 72843014 13 15 2 0 0 1 47 87 
1712934934 73030 73030007 10 16 1 0 0 1 3 135 
1712934934 73063 73063014 13 13 2 0 0 1 57 57 
1712934934 73064 73064000 14 14 0 0 0 1 3 86 
1712934934 73064 73064007 14 14 1 0 0 1 39 80 
1712934934 73064 73064014 14 14 2 0 0 2 22 18 23 145 
1712934934 73152 73152014 12 12 2 0 0 2 32 113 33 24 
1712934934 73240 73240000 10 16 0 0 0 1 34 90 
1712934934 73240 73240007 10 16 1 0 0 1 56 99 
1712934934 73240 73240014 10 16 2 0 0 1 34 76 
1712934934 73339 73339007 14 13 1 0 0 1 47 103 
1712934934 73339 73339014 14 13 2 0 0 2 29 113 30 4 
1712934934 73490 73490000 10 14 0 0 0 1 29 121 
1712934934 73490 73490007 10 14 1 0 0 2 54 92 55 26 
1712934934 73531 73531007 11 13 1 0 0 2 10 42 11 81 
1712934934 73531 73531014 11 13 2 0 0 2 58 57 59 54 
1712934934 73544 73544014 14 14 2 0 0 1 20 85 
1712934934 73738 73738000 13 16 0 0 0 1 23 81 
1712934934 73738 73738007 13 16 1 0 0 1 50 83 
1712934934 73738 73738014 13 16 2 0 0 1 27 93 
1712934934 73822 73822000 12 16 0 0 0 1 51 116 
1712934934 73822 73822007 12 16 1 0 0 1 56 190 
1712934934 73836 73836007 11 12 1 0 0 2 50 125 51 23 
1712934934 73946 73946014 11 14 2 0 0 3 15 3 21 43 22 55 
1712934934 74163 74163000 13 15 0 0 0 1 32 144 
1712934934 74319 74319000 14 15 0 0 0 1 10 136 
1712934934 74319 74319007 14 15 1 0 0 2 60 74 61 34 
1712934934 74372 74372000 12 14 0 0 0 1 29 87 
1712934934 74372 74372007 12 14 1 0 0 1 19 89 
1712934934 74372 74372014 12 14 2 0 0 2 42 54 43 50 
1712934934 74423 74423000 13 17 0 0 0 1 57 76 
1712934934 74513 74513007 13 17 1 0 0 1 59 215 
1712934934 74513 74513014 13 17 2 0 0 1 31 92 
1712934934 74525 74525000 10 17 0 0 0 1 15 126 
1712934934 74617 74617000 12 13 0 0 0 1 43 98 
1712934934 74617 74617007 12 13 1 0 0 1 14 144 
1712934934 74617 74617014 12 13 2 0 0 1 29 80 
1712934934 74631 74631014 11 15 2 0 0 1 53 129 
1712934934 74840 74840000 10 14 0 0 0 1 48 85 
1712934934 74840 74840007 10 14 1 0 0 2 22 33 23 64 
1712934934 74840 74840014 10 14 2 0 0 1 37 111 
1712934934 74897 74897000 12 17 0 0 0 2 52 89 53 12 
1712934934 74897 74897007 12 17 1 0 0 1 40 90 
1712934934 74897 74897014 12 17 2 0 0 2 20 47 21 98 
1712934934 74937 74937014 12 15 2 0 0 2 2 76 3 14 
1712934934 74992 74992000 12 16 0 0 0 2 22 25 23 83 
1712934934 74992 74992007 12 16 1 0 0 1 59 298 
1712934934 75069 75069000 14 15 0 0 0 1 7 113 
1712934934 75069 75069007 14 15 1 0 0 2 37 44 38 48 
1712934934 75069 75069014 14 15 2 0 0 1 5 125 
1712934934 75219 75219000 14 15 0 0 0 1 17 80 
1712934934 75219 75219007 14 15 1 0 0 2 25 21 26 71 
1712934934 75219 75219014 14 15 2 0 0 1 17 85 
1712934934 75279 75279000 14 15 0 0 0 1 35 103 
1712934934 75279 75279007 14 15 1 0 0 1 20 129 
1712934934 75350 75350000 10 14 0 0 0 1 10 150 
1712934934 75350 75350007 10 14 1 0 0 1 60 98 
1712934934 75527 75527000 12 17 0 0 0 1 51 138 
1712934934 75527 75527007 12 17 1 0 0 2 45 70 46 63 
1712934934 75528 75528000 13 12 0 0 0 2 57 73 58 31 
1712934934 75528 75528007 13 12 1 0 0 1 7 105 
1712934934 75528 75528014 13 12 2 0 0 2 10 129 11 16 
1712934934 75564 75564000 14 12 0 0 0 2 20 2 21 81 
1712934934 75564 75564007 14 12 1 0 0 1 28 97 
1712934934 75564 75564014 14 12 2 0 0 2 1 48 2 51 
1712934934 75605 75605000 10 17 0 0 0 1 48 121 
1712934934 75605 75605007 10 17 1 0 0 1 37 104 
1712934934 75607 75607000 12 13 0 0 0 1 48 87 
1712934934 75607 75607007 12 13 1 0 0 1 4 121 
1712934934 75607 75607014 12 13 2 0 0 2 34 60 35 20 
1712934934 75643 75643000 13 13 0 0 0 1 40 114 
1712934934 75770 75770007 10 14 1 0 0 1 2 99 
1712934934 75770 75770014 10 14 2 0 0 2 5 73 6 22 
1712934934 75872 75872014 12 14 2 0 0 1 57 110 
1712934934 76068 76068000 13 12 0 0 0 2 17 8 18 100 
1712934934 76068 76068007 13 12 1 0 0 1 60 144 
1712934934 76432 76432007 12 16 1 0 0 1 21 99 
1712934934 76432 76432014 12 16 2 0 0 2 35 29 36 80 
1712934934 76638 76638000 13 12 0 0 0 2 0 103 1 1 
1712934934 76680 76680000 10 12 0 0 0 1 22 145 
1712934934 76680 76680007 10 12 1 0 0 2 49 40 50 81 
1712934934 76680 76680014 10 12 2 0 0 1 45 111 
1712934934 76800 76800014 10 12 2 0 0 2 60 120 61 1 
1712934934 76979 76979000 14 17 0 0 0 1 57 143 
1712934934 77003 77003014 13 17 2 0 0 1 8 122 
1712934934 77064 77064000 14 12 0 0 0 1 28 77 
1712934934 77064 77064007 14 12 1 0 0 1 56 88 
1712934934 77064 77064014 14 12 2 0 0 1 10 84 
1712934934 77191 77191000 11 13 0 0 0 1 29 105 
1712934934 77191 77191007 11 13 1 0 0 1 22 162 
1712934934 77191 77191014 11 13 2 0 0 1 5 142 
1712934934 77461 77461014 11 13 2 0 0 1 1 74 
1712934934 77487 77487000 12 15 0 0 0 2 60 24 61 99 
1712934934 77487 77487007 12 15 1 0 0 1 61 112 
1712934934 77487 77487014 12 15 2 0 0 1 51 77 
1712934934 77489 77489000 14 17 0 0 0 1 8 121 
1712934934 77489 77489007 14 17 1 0 0 1 37 76 
1712934934 77489 77489014 14 17 2 0 0 1 8 84 
1712934934 77610 77610014 10 12 2 0 0 2 3 108 4 24 
1712934934 77960 77960014 10 14 2 0 0 2 55 42 56 79 
1712934934 78008 78008000 13 14 0 0 0 2 9 2 10 123 
1712934934 78008 78008007 13 14 1 0 0 2 22 12 23 94 
1712934934 78008 78008014 13 14 2 0 0 2 49 81 50 17 
1712934934 78052 78052000 12 16 0 0 0 1 12 86 
1712934934 78052 78052007 12 16 1 0 0 1 57 127 
1712934934 78052 78052014 12 16 2 0 0 1 13 85 
1712934934 78107 78107000 12 17 0 0 0 2 46 35 47 54 
1712934934 78107 78107007 12 17 1 0 0 2 45 103 46 19 
1712934934 78107 78107014 12 17 2 0 0 1 25 101 
1712934934 78126 78126007 11 12 1 0 0 1 13 100 
1712934934 78126 78126014 11 12 2 0 0 1 34 85 
1712934934 78180 78180014 10 12 2 0 0 2 58 95 59 32 
1712934934 78181 78181000 11 13 0 0 0 1 62 111 
1712934934 78207 78207000 12 15 0 0 0 1 2 106 
1712934934 78207 78207007 12 15 1 0 0 1 28 103 
1712934934 78207 78207014 12 15 2 0 0 2 16 43 17 46 
1712934934 78466 78466014 11 16 2 0 0 2 57 76 58 16 
1712934934 78488 78488000 13 14 0 0 0 1 63 108 
1712934934 78501 78501007 11 15 1 0 0 2 5 68 14 97 
1712934934 78501 78501014 11 15 2 0 0 2 30 17 31 132 
1712934934 78593 78593000 13 17 0 0 0 1 57 88 
1712934934 78593 78593007 13 17 1 0 0 1 17 85 
1712934934 78593 78593014 13 17 2 0 0 1 51 90 
1712934934 78627 78627000 12 15 0 0 0 2 17 121 18 1 
1712934934 78627 78627007 12 15 1 0 0 1 10 114 
1712934934 78739 78739007 14 13 1 0 0 2 6 41 7 64 
1712934934 78739 78739014 14 13 2 0 0 1 44 117 
1712934934 78824 78824014 14 14 2 0 0 1 21 136 
1712934934 78843 78843014 13 15 2 0 0 1 59 90 
1712934934 78992 78992014 12 14 2 0 0 2 18 94 19 28 
1712934934 79203 79203007 13 15 1 0 0 2 61 112 62 77 
1712934934 79203 79203014 13 15 2 0 0 2 27 60 28 54 
1712934934 79241 79241007 11 17 1 0 0 1 2 133 
1712934934 79241 79241014 11 17 2 0 0 1 9 80 
1712934934 79278 79278007 13 12 1 0 0 1 45 114 
1712934934 79278 79278014 13 12 2 0 0 2 38 10 39 83 
1712934934 79394 79394000 14 14 0 0 0 1 40 89 
1712934934 79590 79590000 10 12 0 0 0 1 46 82 
1712934934 79590 79590007 10 12 1 0 0 2 51 14 52 65 
1712934934 79590 79590014 10 12 2 0 0 1 44 90 
1712934934 79633 79633014 13 13 2 0 0 2 60 128 61 1 
1712934934 79666 79666000 11 16 0 0 0 1 5 85 
1712934934 79666 79666007 11 16 1 0 0 1 37 72 
1712934934 79666 79666014 11 16 2 0 0 1 17 150 
1712934934 79775 79775000 10 17 0 0 0 1 37 95 
1712934934 79775 79775007 10 17 1 0 0 1 13 108 
1712934934 79775 79775014 10 17 2 0 0 2 24 95 44 7 
1712934934 79855 79855000 10 13 0 0 0 1 45 119 
1712934934 79855 79855007 10 13 1 0 0 1 28 95 
1712934934 79855 79855014 10 13 2 0 0 1 30 91 
1712934934 79946 79946000 11 14 0 0 0 2 21 83 50 113 
1712934934 79946 79946007 11 14 1 0 0 1 60 142 
1712934934 79966 79966000 11 16 0 0 0 1 38 102 
1712934934 79966 79966007 11 16 1 0 0 1 14 96 
1712934934 79966 79966014 11 16 2 0 0 1 45 84 
1712934934 79970 79970000 10 14 0 0 0 1 61 76 
1712934934 79970 79970007 10 14 1 0 0 1 46 94 
1712934934 79989 79989000 14 15 0 0 0 2 9 84 10 38 
1712934934 79989 79989007 14 15 1 0 0 1 4 87 
1712934934 79989 79989014 14 15 2 0 0 1 16 78 
1712934934 80043 80043007 13 15 1 0 0 1 29 94 
1712934934 80043 80043014 13 15 2 0 0 2 24 12 25 80 
1712934934 80224 80224000 14 16 0 0 0 1 3 82 
1712934934 80224 80224007 14 16 1 0 0 1 34 79 
1712934934 80350 80350000 10 16 0 0 0 1 8 97 
1712934934 80350 80350007 10 16 1 0 0 1 25 85 
1712934934 80350 80350014 10 16 2 0 0 1 19 86 
1712934934 80355 80355007 10 15 1 0 0 2 59 98 60 21 
1712934934 80355 80355014 10 15 2 0 0 2 26 44 27 54 
1712934934 80368 80368014 13 16 2 0 0 1 43 154 
1712934934 80422 80422014 12 16 2 0 0 2 41 20 42 81 
1712934934 80570 80570014 10 14 2 0 0 1 1 100 
1712934934 80670 80670000 10 12 0 0 0 1 31 103 
1712934934 80670 80670007 10 12 1 0 0 1 31 101 
1712934934 80670 80670014 10 12 2 0 0 1 28 82 
1712934934 80751 80751000 11 15 0 0 0 2 45 17 46 160 
1712934934 80751 80751007 11 15 1 0 0 1 10 96 
1712934934 80751 80751014 11 15 2 0 0 1 3 175 
1712934934 80773 80773000 13 13 0 0 0 1 0 81 
1712934934 80773 80773007 13 13 1 0 0 2 25 28 26 68 
1712934934 80773 80773014 13 13 2 0 0 1 0 81 
1712934934 80812 80812000 12 16 0 0 0 2 1 41 10 85 
1712934934 80812 80812007 12 16 1 0 0 1 32 115 
1712934934 80812 80812014 12 16 2 0 0 3 23 4 24 101 37 26 
1712934934 80964 80964007 14 12 1 0 0 1 29 9 
1712934934 80983 80983014 13 13 2 0 0 2 7 46 8 61 
1712934934 81112 81112000 12 16 0 0 0 1 12 142 
1712934934 81190 81190000 10 16 0 0 0 2 28 51 29 50 
1712934934 81206 81206000 11 14 0 0 0 2 0 19 1 126 
1712934934 81206 81206007 11 14 1 0 0 1 36 103 
1712934934 81206 81206014 11 14 2 0 0 1 5 95 
1712934934 81309 81309000 14 15 0 0 0 1 1 123 
1712934934 81310 81310014 10 16 2 0 0 2 58 57 59 58 
1712934934 81408 81408014 13 12 2 0 0 1 31 26 
1712934934 81732 81732014 12 12 2 0 0 1 12 103 
1712934934 81853 81853000 13 13 0 0 0 1 3 93 
1712934934 81853 81853007 13 13 1 0 0 2 14 50 15 91 
1712934934 81906 81906000 11 12 0 0 0 2 41 32 43 128 
1712934934 81906 81906007 11 12 1 0 0 1 48 109 
1712934934 81987 81987007 12 15 1 0 0 1 5 158 
1712934934 82008 82008000 13 12 0 0 0 2 53 36 54 210 
1712934934 82008 82008007 13 12 1 0 0 2 25 28 26 116 
1712934934 82008 82008014 13 12 2 0 0 2 56 48 57 114 
1712934934 82102 82102000 12 16 0 0 0 2 26 119 35 140 
1712934934 82102 82102007 12 16 1 0 0 1 54 108 
1712934934 82108 82108014 13 16 2 0 0 1 63 92 
1712934934 82127 82127000 12 17 0 0 0 1 20 87 
1712934934 82127 82127007 12 17 1 0 0 1 1 101 
1712934934 82127 82127014 12 17 2 0 0 1 20 80 
1712934934 82147 82147014 12 13 2 0 0 1 1 112 
1712934934 82255 82255000 10 13 0 0 0 1 7 112 
1712934934 82255 82255007 10 13 1 0 0 2 17 56 18 110 
1712934934 82255 82255014 10 13 2 0 0 1 19 87 
1712934934 82331 82331007 11 17 1 0 0 2 51 41 52 72 
1712934934 82331 82331014 11 17 2 0 0 2 37 2 38 180 
1712934934 82356 82356007 11 12 1 0 0 1 14 87 
1712934934 82356 82356014 11 12 2 0 0 2 33 84 34 27 
1712934934 82525 82525007 10 13 1 0 0 1 16 96 
1712934934 82525 82525014 10 13 2 0 0 2 48 21 49 59 
1712934934 82662 82662000 12 12 0 0 0 2 3 68 4 71 
1712934934 82707 82707000 12 15 0 0 0 1 61 154 
1712934934 82707 82707007 12 15 1 0 0 1 10 85 
1712934934 82707 82707014 12 15 2 0 0 1 58 88 
1712934934 82989 82989000 14 15 0 0 0 1 4 94 
1712934934 82989 82989007 14 15 1 0 0 1 57 92 
1712934934 82989 82989014 14 15 2 0 0 1 8 124 
1712934934 82998 82998000 13 12 0 0 0 1 40 84 
1712934934 82998 82998007 13 12 1 0 0 1 12 80 
1712934934 82998 82998014 13 12 2 0 0 1 40 90 
1712934934 83030 83030000 10 14 0 0 0 1 37 92 
1712934934 83030 83030007 10 14 1 0 0 1 33 136 
1712934934 83039 83039000 14 17 0 0 0 2 34 165 35 17 
1712934934 83039 83039007 14 17 1 0 0 1 17 77 
1712934934 83039 83039014 14 17 2 0 0 1 33 84 
1712934934 83082 83082000 12 12 0 0 0 1 17 86 
1712934934 83082 83082007 12 12 1 0 0 1 12 101 
1712934934 83082 83082014 12 12 2 0 0 2 11 6 12 110 
1712934934 83089 83089000 14 13 0 0 0 2 13 86 14 10 
1712934934 83143 83143014 13 13 2 0 0 2 21 1 22 114 
1712934934 83183 83183000 13 17 0 0 0 2 28 29 29 134 
1712934934 83254 83254014 14 16 2 0 0 2 19 10 20 90 
1712934934 83270 83270000 10 14 0 0 0 1 2 142 
1712934934 83270 83270007 10 14 1 0 0 2 1 13 2 86 
1712934934 83455 83455007 10 13 1 0 0 1 62 101 
1712934934 83478 83478000 13 12 0 0 0 2 42 52 43 36 
1712934934 83478 83478007 13 12 1 0 0 1 62 107 
1712934934 83550 83550000 10 12 0 0 0 1 3 82 
1712934934 83550 83550007 10 12 1 0 0 1 35 79 
1712934934 83550 83550014 10 12 2 0 0 1 12 93 
1712934934 83567 83567000 12 17 0 0 0 1 44 156 
1712934934 83567 83567007 12 17 1 0 0 1 40 88 
1712934934 83567 83567014 12 17 2 0 0 1 42 96 
1712934934 83680 83680000 10 16 0 0 0 1 20 114 
1712934934 83734 83734000 14 16 0 0 0 2 35 8 36 101 
1712934934 83734 83734007 14 16 1 0 0 1 3 172 
1712934934 83777 83777000 12 17 0 0 0 2 44 23 45 63 
1712934934 83777 83777007 12 17 1 0 0 1 26 108 
1712934934 83803 83803000 13 13 0 0 0 1 1 100 
1712934934 83890 83890000 10 16 0 0 0 1 28 111 
1712934934 83890 83890007 10 16 1 0 0 2 48 43 49 37 
1712934934 83890 83890014 10 16 2 0 0 1 10 104 
1712934934 83946 83946000 11 12 0 0 0 1 42 143 
1712934934 83946 83946007 11 12 1 0 0 1 11 83 
1712934934 83946 83946014 11 12 2 0 0 1 39 148 
1712934934 84021 84021000 11 15 0 0 0 1 9 142 
1712934934 84025 84025014 10 13 2 0 0 1 55 138 
1712934934 84067 84067007 12 13 1 0 0 2 57 64 58 44 
1712934934 84067 84067014 12 13 2 0 0 2 37 62 38 27 
1712934934 84163 84163007 13 13 1 0 0 1 22 100 
1712934934 84163 84163014 13 13 2 0 0 1 28 102 
1712934934 84194 84194007 14 14 1 0 0 1 0 219 
1712934934 84194 84194014 14 14 2 0 0 1 53 103 
1712934934 84209 84209007 14 17 1 0 0 1 34 144 
1712934934 84209 84209014 14 17 2 0 0 1 55 90 
1712934934 84509 84509007 14 17 1 0 0 2 7 84 8 17 
1712934934 84548 84548014 13 14 2 0 0 1 28 114 
1712934934 84601 84601000 11 13 0 0 0 1 13 79 
1712934934 84601 84601007 11 13 1 0 0 1 53 81 
1712934934 84601 84601014 11 13 2 0 0 1 16 106 
1712934934 84718 84718000 13 16 0 0 0 1 1 100 
1712934934 84718 84718007 13 16 1 0 0 2 48 47 49 69 
1712934934 84718 84718014 13 16 2 0 0 2 25 2 26 138 
1712934934 84913 84913000 13 13 0 0 0 1 49 88 
1712934934 84913 84913007 13 13 1 0 0 1 26 93 
1712934934 84913 84913014 13 13 2 0 0 1 61 86 
1712934934 84950 84950000 10 14 0 0 0 2 19 26 20 66 
1712934934 84950 84950007 10 14 1 0 0 2 10 16 11 85 
1712934934 85052 85052007 12 14 1 0 0 1 34 91 
1712934934 85052 85052014 12 14 2 0 0 1 24 89 
1712934934 85056 85056007 11 12 1 0 0 2 55 89 56 5 
1712934934 85056 85056014 11 12 2 0 0 1 0 183 
1712934934 85063 85063000 13 13 0 0 0 2 53 74 54 33 
1712934934 85095 85095000 10 15 0 0 0 3 23 97 24 40 36 15 
1712934934 85095 85095007 10 15 1 0 0 1 0 109 
1712934934 85235 85235007 10 17 1 0 0 1 19 92 
1712934934 85235 85235014 10 17 2 0 0 2 16 32 17 92 
1712934934 85255 85255000 10 13 0 0 0 1 61 110 
1712934934 85282 85282007 12 16 1 0 0 1 48 145 
1712934934 85282 85282014 12 16 2 0 0 1 21 96 
1712934934 85356 85356000 11 12 0 0 0 1 44 154 
1712934934 85356 85356007 11 12 1 0 0 2 45 32 46 56 
1712934934 85356 85356014 11 12 2 0 0 1 52 82 
1712934934 85493 85493007 13 17 1 0 0 1 3 109 
1712934934 85554 85554000 14 12 0 0 0 1 10 99 
1712934934 85554 85554007 14 12 1 0 0 1 0 41 
1712934934 85581 85581007 11 15 1 0 0 1 40 1 
1712934934 85581 85581014 11 15 2 0 0 2 34 64 35 78 
1712934934 85661 85661014 11 17 2 0 0 2 10 103 11 12 
1712934934 85667 85667000 12 17 0 0 0 1 54 30 
1712934934 85667 85667007 12 17 1 0 0 1 51 101 
1712934934 85667 85667014 12 17 2 0 0 1 48 94 
1712934934 85773 85773007 13 15 1 0 0 1 35 94 
1712934934 85773 85773014 13 15 2 0 0 1 48 94 
1712934934 85809 85809014 14 15 2 0 0 2 62 72 63 23 
1712934934 85817 85817000 12 17 0 0 0 1 61 114 
1712934934 86139 86139014 14 15 2 0 0 1 0 9 
1712934934 86150 86150014 10 14 2 0 0 2 4 63 5 56 
1712934934 86219 86219014 14 17 2 0 0 2 1 89 2 25 
1712934934 86244 86244007 14 12 1 0 0 1 21 10 
1712934934 86244 86244014 14 12 2 0 0 2 27 31 28 115 
1712934934 86343 86343007 13 15 1 0 0 1 52 47 
1712934934 86343 86343014 13 15 2 0 0 2 10 214 11 28 
1712934934 86384 86384000 14 14 0 0 0 2 15 35 16 85 
1712934934 86457 86457000 12 15 0 0 0 1 26 197 
1712934934 86457 86457007 12 15 1 0 0 2 40 30 41 78 
1712934934 86457 86457014 12 15 2 0 0 1 3 111 
1712934934 86514 86514007 14 12 1 0 0 1 52 33 
1712934934 86581 86581000 11 13 0 0 0 1 41 97 
1712934934 86581 86581007 11 13 1 0 0 1 23 99 
1712934934 86581 86581014 11 13 2 0 0 1 61 96 
1712934934 86699 86699007 14 17 1 0 0 2 1 71 2 15 
1712934934 86699 86699014 14 17 2 0 0 1 56 82 
1712934934 86758 86758007 13 16 1 0 0 1 1 101 
1712934934 86758 86758014 13 16 2 0 0 2 53 110 54 25 
1712934934 86894 86894000 14 14 0 0 0 2 20 20 21 73 
1712934934 86894 86894007 14 14 1 0 0 2 0 49 1 51 
1712934934 87157 87157007 12 13 1 0 0 1 12 106 
1712934934 87157 87157014 12 13 2 0 0 1 23 127 
1712934934 87177 87177000 12 15 0 0 0 3 2 91 12 46 13 43 
1712934934 87177 87177007 12 15 1 0 0 3 20 86 22 10 23 75 
1712934934 87177 87177014 12 15 2 0 0 2 29 34 30 68 
1712934934 87217 87217014 12 13 2 0 0 1 21 94 
1712934934 87504 87504000 14 12 0 0 0 1 52 102 
1712934934 87504 87504007 14 12 1 0 0 1 1 123 
1712934934 87504 87504014 14 12 2 0 0 1 50 1 
1712934934 87664 87664000 14 16 0 0 0 2 6 11 7 97 
1712934934 87706 87706000 11 16 0 0 0 1 43 114 
1712934934 88171 88171014 11 13 2 0 0 2 3 107 4 18 
1712934934 88206 88206000 11 12 0 0 0 2 48 108 49 8 
1712934934 88206 88206007 11 12 1 0 0 1 52 100 
1712934934 88206 88206014 11 12 2 0 0 2 22 95 23 25 
1712934934 88218 88218000 13 12 0 0 0 1 56 96 
1712934934 88259 88259014 14 17 2 0 0 2 22 15 23 118 
1712934934 88325 88325007 10 17 1 0 0 2 6 104 7 72 
1712934934 88325 88325014 10 17 2 0 0 2 59 140 60 33 
1712934934 88405 88405014 10 13 2 0 0 1 44 89 
1712934934 88527 88527000 12 15 0 0 0 1 15 142 
1712934934 88527 88527007 12 15 1 0 0 2 26 18 27 76 
1712934934 88527 88527014 12 15 2 0 0 1 45 96 
1712934934 88579 88579000 14 13 0 0 0 1 18 111 
1712934934 88579 88579007 14 13 1 0 0 1 25 87 
1712934934 88579 88579014 14 13 2 0 0 1 5 183 
1712934934 88593 88593000 13 15 0 0 0 2 21 47 22 32 
1712934934 88669 88669000 14 13 0 0 0 1 1 102 
1712934934 88820 88820007 10 14 1 0 0 1 3 9 
1712934934 88821 88821000 11 15 0 0 0 2 52 24 53 63 
1712934934 88825 88825000 10 13 0 0 0 1 29 111 
1712934934 88993 88993000 13 13 0 0 0 1 60 83 
1712934934 89139 89139000 14 15 0 0 0 2 29 24 39 92 
1712934934 89139 89139007 14 15 1 0 0 1 13 87 
1712934934 89166 89166014 11 12 2 0 0 2 17 126 18 77 
1712934934 89229 89229000 14 15 0 0 0 1 12 90 
1712934934 89229 89229007 14 15 1 0 0 3 16 82 17 76 25 74 
1712934934 89229 89229014 14 15 2 0 0 1 20 97 
1712934934 89269 89269000 14 13 0 0 0 1 4 98 
1712934934 89297 89297014 12 17 2 0 0 1 40 9 
1712934934 89331 89331007 11 15 1 0 0 2 23 3 24 111 
1712934934 89331 89331014 11 15 2 0 0 2 27 169 28 38 
1712934934 89333 89333000 13 17 0 0 0 1 43 92 
1712934934 89333 89333007 13 17 1 0 0 1 12 88 
1712934934 89333 89333014 13 17 2 0 0 2 19 103 20 24 
1712934934 89344 89344000 14 16 0 0 0 1 3 74 
1712934934 89344 89344007 14 16 1 0 0 1 41 86 
1712934934 89344 89344014 14 16 2 0 0 1 2 83 
1712934934 89432 89432014 12 14 2 0 0 2 8 83 9 5 
1712934934 89446 89446000 11 16 0 0 0 2 53 71 54 49 
1712934934 89446 89446007 11 16 1 0 0 1 49 109 
1712934934 89446 89446014 11 16 2 0 0 2 1 108 2 1 
1712934934 89452 89452000 12 16 0 0 0 1 59 97 
1712934934 89452 89452007 12 16 1 0 0 1 40 114 
1712934934 89452 89452014 12 16 2 0 0 1 60 115 
1712934934 89517 89517000 12 15 0 0 0 2 9 75 10 55 
1712934934 89517 89517007 12 15 1 0 0 1 48 111 
1712934934 89517 89517014 12 15 2 0 0 2 47 7 48 102 
1712934934 89595 89595007 10 15 1 0 0 1 13 85 
1712934934 89595 89595014 10 15 2 0 0 1 63 112 
1712934934 89632 89632007 12 16 1 0 0 2 5 92 6 35 
1712934934 89632 89632014 12 16 2 0 0 2 6 132 7 29 
1712934934 89711 89711014 11 17 2 0 0 1 63 122 
1712934934 90009 90009000 14 15 0 0 0 1 60 104 
1712934934 90009 90009007 14 15 1 0 0 2 48 45 49 56 
1712934934 90030 90030000 10 12 0 0 0 2 2 114 3 10 
1712934934 90030 90030007 10 12 1 0 0 2 32 19 33 102 
1712934934 90030 90030014 10 12 2 0 0 2 55 36 56 84 
1712934934 90130 90130007 10 16 1 0 0 1 12 92 
1712934934 90130 90130014 10 16 2 0 0 1 36 107 
1712934934 90180 90180000 10 12 0 0 0 2 3 24 4 84 
1712934934 90211 90211007 11 13 1 0 0 1 18 120 
1712934934 90211 90211014 11 13 2 0 0 1 2 128 
1712934934 90219 90219000 14 15 0 0 0 1 58 115 
1712934934 90342 90342000 12 12 0 0 0 2 60 16 61 86 
1712934934 90373 90373000 13 13 0 0 0 1 5 118 
1712934934 90373 90373007 13 13 1 0 0 2 62 84 63 13 
1712934934 90447 90447007 12 15 1 0 0 1 23 104 
1712934934 90447 90447014 12 15 2 0 0 2 38 76 39 24 
1712934934 90538 90538014 13 16 2 0 0 2 44 17 45 106 
1712934934 90578 90578007 13 14 1 0 0 1 13 112 
1712934934 90578 90578014 13 14 2 0 0 2 48 43 49 175 
1712934934 90628 90628007 13 16 1 0 0 1 54 89 
1712934934 90628 90628014 13 16 2 0 0 4 10 6 25 21 26 49 27 48 
1712934934 90724 90724000 14 16 0 0 0 1 63 11 
1712934934 90759 90759000 14 15 0 0 0 1 18 118 
1712934934 90759 90759007 14 15 1 0 0 1 39 116 
1712934934 90818 90818000 13 14 0 0 0 1 54 105 
1712934934 90818 90818007 13 14 1 0 0 1 26 122 
1712934934 90818 90818014 13 14 2 0 0 1 49 121 
1712934934 90824 90824000 14 14 0 0 0 1 19 121 
1712934934 90844 90844007 14 16 1 0 0 2 61 62 62 53 
1712934934 90844 90844014 14 16 2 0 0 1 50 180 
1712934934 90893 90893000 13 17 0 0 0 1 51 95 
1712934934 90893 90893007 13 17 1 0 0 2 38 55 39 71 
1712934934 90893 90893014 13 17 2 0 0 1 48 103 
1712934934 90969 90969000 14 15 0 0 0 1 28 116 
1712934934 90969 90969007 14 15 1 0 0 1 40 93 
1712934934 90969 90969014 14 15 2 0 0 1 53 122 
1712934934 91022 91022000 12 14 0 0 0 1 24 87 
1712934934 91022 91022007 12 14 1 0 0 4 38 15 39 85 54 79 55 41 
1712934934 91022 91022014 12 14 2 0 0 1 14 249 
1712934934 91042 91042000 12 16 0 0 0 1 30 109 
1712934934 91042 91042007 12 16 1 0 0 2 29 50 30 32 
1712934934 91042 91042014 12 16 2 0 0 1 17 97 
1712934934 91045 91045007 10 13 1 0 0 2 46 113 47 27 
1712934934 91045 91045014 10 13 2 0 0 2 49 96 50 76 
1712934934 91100 91100014 10 14 2 0 0 2 15 122 16 56 
1712934934 91120 91120014 10 16 2 0 0 2 21 73 22 33 
1712934934 91169 91169007 14 17 1 0 0 1 31 112 
1712934934 91169 91169014 14 17 2 0 0 2 25 139 26 85 
1712934934 91170 91170007 10 12 1 0 0 2 5 4 6 101 
1712934934 91170 91170014 10 12 2 0 0 1 57 159 
1712934934 91316 91316014 11 14 2 0 0 1 27 92 
1712934934 91324 91324000 14 16 0 0 0 1 45 138 
1712934934 91324 91324007 14 16 1 0 0 1 21 101 
1712934934 91324 91324014 14 16 2 0 0 1 45 92 
1712934934 91570 91570000 10 16 0 0 0 2 46 72 47 74 
1712934934 91613 91613000 13 17 0 0 0 1 55 88 
1712934934 91613 91613007 13 17 1 0 0 1 55 90 
1712934934 91664 91664000 14 14 0 0 0 1 32 124 
1712934934 91664 91664007 14 14 1 0 0 1 32 77 
1712934934 91664 91664014 14 14 2 0 0 2 29 92 30 35 
1712934934 91672 91672007 12 16 1 0 0 1 49 112 
1712934934 91672 91672014 12 16 2 0 0 1 46 112 
1712934934 91797 91797000 12 15 0 0 0 2 9 36 10 48 
1712934934 91797 91797007 12 15 1 0 0 1 11 112 
1712934934 92014 92014007 14 16 1 0 0 1 58 85 
1712934934 92014 92014014 14 16 2 0 0 2 21 71 22 20 
1712934934 92023 92023000 13 13 0 0 0 6 3 31 4 87 5 50 7 79 20 53 21 62 
1712934934 92023 92023007 13 13 1 0 0 2 23 26 24 132 
1712934934 92023 92023014 13 13 2 0 0 2 61 57 62 60 
1712934934 92092 92092014 12 16 2 0 0 1 41 92 
1712934934 92097 92097007 12 15 1 0 0 2 9 124 10 19 
1712934934 92097 92097014 12 15 2 0 0 1 48 93 
1712934934 92109 92109007 14 15 1 0 0 1 19 119 
1712934934 92109 92109014 14 15 2 0 0 1 40 99 
1712934934 92194 92194007 14 16 1 0 0 2 53 42 54 73 
1712934934 92194 92194014 14 16 2 0 0 2 53 26 54 151 
1712934934 92258 92258000 13 14 0 0 0 1 8 93 
1712934934 92345 92345014 10 17 2 0 0 1 60 109 
1712934934 92367 92367007 12 15 1 0 0 2 52 1 53 107 
1712934934 92367 92367014 12 15 2 0 0 1 48 114 
1712934934 92396 92396014 11 14 2 0 0 2 42 63 43 31 
1712934934 92472 92472014 12 12 2 0 0 2 55 65 56 45 
1712934934 92585 92585014 10 17 2 0 0 1 21 112 
1712934934 92721 92721000 11 15 0 0 0 2 18 10 19 92 
1712934934 92721 92721007 11 15 1 0 0 1 40 86 
1712934934 92762 92762014 12 14 2 0 0 4 41 30 42 118 61 42 62 91 
1712934934 92808 92808000 13 12 0 0 0 2 38 124 47 97 
1712934934 92808 92808007 13 12 1 0 0 2 24 3 29 106 
1712934934 92808 92808014 13 12 2 0 0 1 47 120 
1712934934 92934 92934000 14 12 0 0 0 1 1 214 
1712934934 92934 92934007 14 12 1 0 0 1 36 83 
1712934934 92934 92934014 14 12 2 0 0 1 13 77 
1712934934 92981 92981000 11 17 0 0 0 1 60 90 
1712934934 92993 92993007 13 17 1 0 0 2 45 32 46 63 
1712934934 92993 92993014 13 17 2 0 0 1 9 112 
1712934934 93009 93009000 14 15 0 0 0 1 54 99 
1712934934 93009 93009007 14 15 1 0 0 1 62 82 
1712934934 93132 93132014 12 12 2 0 0 1 5 86 
1712934934 93175 93175000 10 13 0 0 0 2 21 17 22 120 
1712934934 93175 93175007 10 13 1 0 0 2 12 26 13 97 
1712934934 93230 93230000 10 14 0 0 0 1 14 104 
1712934934 93230 93230007 10 14 1 0 0 1 24 91 
1712934934 93230 93230014 10 14 2 0 0 1 28 109 
1712934934 93234 93234000 14 12 0 0 0 2 37 58 38 97 
1712934934 93234 93234007 14 12 1 0 0 2 15 81 20 96 
1712934934 93234 93234014 14 12 2 0 0 1 26 83 
1712934934 93277 93277000 12 13 0 0 0 2 40 59 41 37 
1712934934 93277 93277007 12 13 1 0 0 1 43 92 
1712934934 93277 93277014 12 13 2 0 0 1 17 129 
1712934934 93309 93309014 14 15 2 0 0 1 44 130 
1712934934 93317 93317014 12 17 2 0 0 1 63 101 
1712934934 93332 93332000 12 14 0 0 0 2 12 1 13 152 
1712934934 93332 93332007 12 14 1 0 0 1 10 94 
1712934934 93354 93354007 14 12 1 0 0 2 15 35 16 76 
1712934934 93400 93400007 10 16 1 0 0 1 4 111 
1712934934 93400 93400014 10 16 2 0 0 1 63 53 
1712934934 93416 93416000 11 14 0 0 0 1 42 222 
1712934934 93416 93416007 11 14 1 0 0 2 9 71 10 69 
1712934934 93523 93523000 13 13 0 0 0 1 38 80 
1712934934 93523 93523007 13 13 1 0 0 1 55 120 
1712934934 93523 93523014 13 13 2 0 0 1 42 96 
1712934934 93529 93529000 14 13 0 0 0 2 53 87 54 39 
1712934934 93544 93544007 14 16 1 0 0 2 6 76 7 44 
1712934934 93802 93802000 12 16 0 0 0 1 58 75 
1712934934 93802 93802007 12 16 1 0 0 1 35 118 
1712934934 93927 93927000 12 15 0 0 0 2 25 58 26 43 
1712934934 93927 93927007 12 15 1 0 0 1 55 136 
1712934934 94214 94214000 14 14 0 0 0 1 31 144 
1712934934 94214 94214007 14 14 1 0 0 1 56 142 
1712934934 94353 94353014 13 15 2 0 0 1 31 113 
1712934934 94370 94370007 10 14 1 0 0 2 1 102 2 7 
1712934934 94484 94484014 14 14 2 0 0 1 3 94 
1712934934 94488 94488000 13 12 0 0 0 1 10 85 
1712934934 94488 94488007 13 12 1 0 0 1 31 80 
1712934934 94488 94488014 13 12 2 0 0 2 9 13 10 102 
1712934934 94755 94755007 10 15 1 0 0 1 59 99 
1712934934 94755 94755014 10 15 2 0 0 1 49 89 
1712934934 94931 94931000 11 17 0 0 0 1 56 103 
1712934934 94931 94931007 11 17 1 0 0 1 15 114 
1712934934 94938 94938000 13 12 0 0 0 2 38 118 39 18 
1712934934 94938 94938007 13 12 1 0 0 1 51 91 
1712934934 94938 94938014 13 12 2 0 0 2 4 70 5 44 
1712934934 94964 94964007 14 14 1 0 0 2 18 132 19 20 
1712934934 94964 94964014 14 14 2 0 0 1 32 175 
1712934934 94966 94966007 11 16 1 0 0 1 48 129 
1712934934 94966 94966014 11 16 2 0 0 2 25 31 26 150 
1712934934 95042 95042014 12 14 2 0 0 2 44 72 45 48 
1712934934 95077 95077014 12 13 2 0 0 1 27 153 
1712934934 95286 95286000 11 12 0 0 0 2 62 82 63 34 
1712934934 95286 95286007 11 12 1 0 0 1 58 97 
1712934934 95286 95286014 11 12 2 0 0 1 31 87 
1712934934 95313 95313000 13 15 0 0 0 2 0 84 1 23 
1712934934 95313 95313007 13 15 1 0 0 2 37 69 38 44 
1712934934 95313 95313014 13 15 2 0 0 2 48 65 49 48 
1712934934 95416 95416014 11 16 2 0 0 2 54 89 55 11 
1712934934 95431 95431014 11 13 2 0 0 2 7 60 8 71 
1712934934 95441 95441007 11 17 1 0 0 1 10 161 
1712934934 95441 95441014 11 17 2 0 0 1 33 103 
1712934934 95500 95500000 10 16 0 0 0 1 22 111 
1712934934 95500 95500007 10 16 1 0 0 2 26 8 27 118 
1712934934 95571 95571014 11 15 2 0 0 1 45 161 
1712934934 95601 95601000 11 15 0 0 0 1 27 142 
1712934934 95601 95601007 11 15 1 0 0 1 18 98 
1712934934 95601 95601014 11 15 2 0 0 2 31 12 32 71 
1712934934 95653 95653014 13 13 2 0 0 2 22 14 23 78 
1712934934 95661 95661007 11 15 1 0 0 1 28 123 
1712934934 95661 95661014 11 15 2 0 0 1 36 154 
1712934934 95838 95838000 13 12 0 0 0 1 28 154 
1712934934 95860 95860000 10 16 0 0 0 2 27 101 28 1 
1712934934 95860 95860007 10 16 1 0 0 1 30 91 
1712934934 95860 95860014 10 16 2 0 0 2 39 13 40 71 
1712934934 95866 95866000 11 16 0 0 0 3 4 39 12 28 13 74 
1712934934 95908 95908000 13 16 0 0 0 1 30 47 
1712934934 95908 95908007 13 16 1 0 0 1 50 89 
1712934934 95908 95908014 13 16 2 0 0 1 29 88 
1712934934 96026 96026007 11 14 1 0 0 3 6 95 7 8 59 72 
1712934934 96026 96026014 11 14 2 0 0 2 45 10 46 85 
1712934934 96252 96252014 12 12 2 0 0 1 40 154 
1712934934 96282 96282014 12 12 2 0 0 2 48 21 49 119 
1712934934 96286 96286014 11 16 2 0 0 2 16 14 17 135 
1712934934 96330 96330014 10 12 2 0 0 1 50 88 
1712934934 96466 96466000 11 16 0 0 0 1 28 113 
1712934934 96487 96487014 12 13 2 0 0 2 9 26 10 66 
1712934934 96566 96566014 11 14 2 0 0 2 18 65 19 88 
1712934934 96626 96626014 11 14 2 0 0 2 3 49 4 161 
1712934934 96786 96786000 11 12 0 0 0 2 54 25 55 6 
1712934934 96788 96788000 13 14 0 0 0 1 10 108 
1712934934 96788 96788007 13 14 1 0 0 2 18 148 19 6 
1712934934 96838 96838007 13 16 1 0 0 1 29 108 
1712934934 96838 96838014 13 16 2 0 0 2 44 14 45 86 
1712934934 96898 96898000 13 16 0 0 0 2 38 94 39 1 
1712934934 96898 96898007 13 16 1 0 0 2 58 34 59 63 
1712934934 97068 97068007 13 12 1 0 0 1 48 81 
1712934934 97068 97068014 13 12 2 0 0 1 52 133 
1712934934 97097 97097007 12 17 1 0 0 1 6 104 
1712934934 97097 97097014 12 17 2 0 0 2 27 76 28 28 
1712934934 97118 97118007 13 14 1 0 0 1 23 94 
1712934934 97118 97118014 13 14 2 0 0 1 40 90 
1712934934 97210 97210000 10 16 0 0 0 1 54 87 
1712934934 97210 97210007 10 16 1 0 0 1 44 80 
1712934934 97250 97250000 10 14 0 0 0 1 34 91 
1712934934 97250 97250007 10 14 1 0 0 1 40 104 
1712934934 97250 97250014 10 14 2 0 0 2 9 33 10 82 
1712934934 97298 97298000 13 14 0 0 0 1 16 91 
1712934934 97298 97298007 13 14 1 0 0 1 58 105 
1712934934 97298 97298014 13 14 2 0 0 2 31 48 32 79 
1712934934 97377 97377000 12 15 0 0 0 2 2 31 3 98 
1712934934 97408 97408014 13 16 2 0 0 1 19 111 
1712934934 97442 97442007 12 14 1 0 0 1 2 90 
1712934934 97442 97442014 12 14 2 0 0 1 54 100 
1712934934 97486 97486000 11 16 0 0 0 2 37 6 38 78 
1712934934 97486 97486007 11 16 1 0 0 1 48 94 
1712934934 97486 97486014 11 16 2 0 0 2 9 30 10 85 
1712934934 97541 97541000 11 17 0 0 0 1 52 89 
1712934934 97541 97541007 11 17 1 0 0 1 62 86 
1712934934 97543 97543000 13 13 0 0 0 1 12 108 
1712934934 97543 97543007 13 13 1 0 0 1 21 122 
1712934934 97646 97646007 11 14 1 0 0 1 42 161 
1712934934 97646 97646014 11 14 2 0 0 2 29 177 30 93 
1712934934 97842 97842000 12 12 0 0 0 1 52 97 
1712934934 97842 97842007 12 12 1 0 0 1 27 101 
1712934934 97842 97842014 12 12 2 0 0 2 19 1 20 102 
1712934934 97888 97888000 13 16 0 0 0 1 52 103 
1712934934 97888 97888007 13 16 1 0 0 4 28 70 29 37 39 83 40 19 
1712934934 97888 97888014 13 16 2 0 0 1 57 95 
1712934934 97930 97930000 10 16 0 0 0 2 60 87 61 22 
1712934934 97930 97930007 10 16 1 0 0 2 21 1 22 118 
1712934934 97930 97930014 10 16 2 0 0 2 7 28 8 98 
1712934934 97945 97945000 10 13 0 0 0 1 17 81 
1712934934 97945 97945007 10 13 1 0 0 2 35 7 36 98 
1712934934 97945 97945014 10 13 2 0 0 1 19 94 
1712934934 98026 98026007 11 16 1 0 0 1 15 110 
1712934934 98026 98026014 11 16 2 0 0 2 36 27 37 96 
1712934934 98071 98071000 11 13 0 0 0 1 26 104 
1712934934 98071 98071007 11 13 1 0 0 2 5 38 6 82 
1712934934 98182 98182014 12 16 2 0 0 1 26 101 
1712934934 98222 98222007 12 14 1 0 0 1 52 12 
1712934934 98350 98350007 10 16 1 0 0 2 53 2 54 136 
1712934934 98350 98350014 10 16 2 0 0 1 21 126 
1712934934 98400 98400000 10 12 0 0 0 2 44 17 45 84 
1712934934 98400 98400007 10 12 1 0 0 2 38 25 39 109 
1712934934 98400 98400014 10 12 2 0 0 1 2 130 
1712934934 98402 98402014 12 14 2 0 0 3 0 169 38 121 39 20 
1712934934 98405 98405014 10 17 2 0 0 1 62 145 
1712934934 98528 98528007 13 14 1 0 0 2 5 61 6 90 
1712934934 98791 98791014 11 13 2 0 0 1 39 119 
1712934934 98962 98962000 12 16 0 0 0 1 5 81 
1712934934 98962 98962007 12 16 1 0 0 1 12 93 
1712934934 98962 98962014 12 16 2 0 0 1 11 82 
1712934934 98976 98976007 11 12 1 0 0 1 37 117 
1712934934 98976 98976014 11 12 2 0 0 2 15 7 16 116 
1712934934 99005 99005014 10 17 2 0 0 2 3 91 4 49 
1712934934 99077 99077000 12 17 0 0 0 2 21 96 39 110 
1712934934 99077 99077007 12 17 1 0 0 1 32 142 
1712934934 99077 99077014 12 17 2 0 0 2 46 53 47 41 
1712934934 99152 99152014 12 14 2 0 0 1 13 95 
1712934934 99262 99262014 12 16 2 0 0 1 63 93 
1712934934 99315 99315000 10 15 0 0 0 1 47 114 
1712934934 99315 99315007 10 15 1 0 0 2 62 71 63 37 
1712934934 99376 99376000 11 16 0 0 0 1 17 83 
1712934934 99376 99376007 11 16 1 0 0 1 34 102 
1712934934 99447 99447000 12 15 0 0 0 2 62 1 63 77 
1712934934 99498 99498000 13 12 0 0 0 1 51 84 
1712934934 99498 99498007 13 12 1 0 0 1 38 112 
1712934934 99498 99498014 13 12 2 0 0 1 27 82 
1712934934 99511 99511000 11 13 0 0 0 1 59 100 
1712934934 99511 99511007 11 13 1 0 0 1 35 127 
1712934934 99511 99511014 11 13 2 0 0 1 44 82 
1712934934 99619 99619000 14 13 0 0 0 1 8 110 
1712934934 99619 99619007 14 13 1 0 0 2 12 31 13 80 
1712934934 99718 99718007 13 16 1 0 0 2 13 92 14 25 
1712934934 99718 99718014 13 16 2 0 0 1 47 113 
1712934934 99753 99753014 13 15 2 0 0 1 35 108 
1712934934 99773 99773000 13 17 0 0 0 1 58 109 
1712934934 99773 99773007 13 17 1 0 0 1 28 106 
1712934934 99773 99773014 13 17 2 0 0 1 25 116 
1712934934 99893 99893000 13 17 0 0 0 2 4 17 5 123 
1712934934 99893 99893007 13 17 1 0 0 1 16 106 
1712934934 99893 99893014 13 17 2 0 0 1 44 107 
